group	fill	clickSelects
2	#FFFFFF	3134
3	#FFFFFF	134
4	#FFFFFF	134
5	#FFFFFF	134
6	#FFFFFF	900
7	#FFFFFF	900
8	#FFFFFF	134
9	#FFFFFF	134
10	#FFFFFF	134
11	#FFFFFF	134
12	#FFFFFF	134
13	#FFFFFF	134
15	#FFFFFF	134
16	#FFFFFF	134
17	#FFFFFF	134
18	#FFFFFF	134
19	#FFFFFF	3065
20	#FFFFFF	3065
21	#FFFFFF	134
22	#FFFFFF	700
23	#FFFFFF	134
24	#FFFFFF	134
25	#FFFFFF	134
26	#FFFFFF	134
27	#FFFFFF	134
28	#FFFFFF	794
29	#FFFFFF	134
30	#FFFFFF	794
31	#FFFFFF	794
32	#FFFFFF	794
33	#FFFFFF	380
34	#FFFFFF	794
36	#FFFFFF	134
37	#FFFFFF	794
38	#FFFFFF	794
39	#FFFFFF	794
40	#FFFFFF	794
41	#FFFFFF	134
43	#FFFFFF	2071
44	#FFFFFF	134
45	#FFFFFF	134
46	#FFFFFF	134
47	#FFFFFF	601
48	#FFFFFF	900
50	#FFFFFF	900
52	#FFFFFF	1693
54	#FFFFFF	900
55	#FFFFFF	900
56	#FFFFFF	900
57	#FFFFFF	134
58	#FFFFFF	134
59	#FFFFFF	134
60	#FFFFFF	134
61	#FFFFFF	134
62	#FFFFFF	134
63	#FFFFFF	134
65	#FFFFFF	134
66	#FFFFFF	134
67	#FFFFFF	134
68	#FFFFFF	134
70	#FFFFFF	3065
71	#FFFFFF	134
72	#FFFFFF	134
73	#FFFFFF	134
74	#FFFFFF	134
76	#FFFFFF	134
77	#FFFFFF	794
78	#FFFFFF	134
79	#FFFFFF	134
80	#FFFFFF	134
81	#FFFFFF	794
82	#FFFFFF	380
83	#FFFFFF	380
84	#FFFFFF	380
86	#FFFFFF	134
87	#FFFFFF	380
88	#FFFFFF	794
89	#FFFFFF	794
90	#FFFFFF	794
91	#FFFFFF	134
92	#FFFFFF	134
93	#FFFFFF	2071
94	#FFFFFF	134
95	#FFFFFF	134
97	#FFFFFF	134
98	#FFFFFF	601
99	#FFFFFF	601
100	#FFFFFF	900
101	#FFFFFF	900
102	#FFFFFF	3134
103	#FFFFFF	3134
106	#FFFFFF	900
107	#FFFFFF	134
108	#FFFFFF	134
109	#FFFFFF	134
110	#FFFFFF	134
111	#FFFFFF	134
112	#FFFFFF	134
113	#FFFFFF	134
114	#FFFFFF	134
115	#FFFFFF	134
116	#FFFFFF	134
117	#FFFFFF	134
118	#FFFFFF	134
119	#FFFFFF	134
120	#FFFFFF	134
121	#FFFFFF	134
122	#FFFFFF	134
123	#FFFFFF	134
124	#FFFFFF	134
125	#FFFFFF	134
127	#FFFFFF	134
128	#FFFFFF	794
129	#FFFFFF	134
130	#FFFFFF	134
131	#FFFFFF	794
132	#FFFFFF	380
133	#FFFFFF	380
134	#FFFFFF	380
135	#FFFFFF	380
136	#FFFFFF	794
137	#FFFFFF	134
138	#FFFFFF	380
139	#FFFFFF	794
140	#FFFFFF	794
141	#FFFFFF	794
142	#FFFFFF	134
143	#FFFFFF	134
144	#FFFFFF	2071
145	#FFFFFF	1466
146	#FFFFFF	134
147	#FFFFFF	900
149	#FFFFFF	601
150	#FFFFFF	601
151	#FFFFFF	900
153	#FFFFFF	691
154	#FFFFFF	1643
156	#FFFFFF	691
157	#FFFFFF	691
158	#FFFFFF	1764
159	#FFFFFF	1764
160	#FFFFFF	1801
161	#FFFFFF	1801
162	#FFFFFF	1801
163	#FFFFFF	3020
164	#FFFFFF	3020
166	#FFFFFF	787
167	#FFFFFF	787
168	#FFFFFF	787
169	#FFFFFF	787
170	#FFFFFF	134
171	#FFFFFF	134
172	#FFFFFF	134
173	#FFFFFF	578
174	#FFFFFF	578
175	#FFFFFF	578
176	#FFFFFF	47
178	#FFFFFF	134
179	#FFFFFF	134
180	#FFFFFF	134
181	#FFFFFF	134
182	#FFFFFF	66
183	#FFFFFF	66
184	#FFFFFF	66
185	#FFFFFF	66
186	#FFFFFF	794
187	#FFFFFF	691
188	#FFFFFF	66
189	#FFFFFF	66
191	#FFFFFF	66
192	#FFFFFF	66
193	#FFFFFF	66
194	#FFFFFF	66
195	#FFFFFF	66
196	#FFFFFF	66
198	#FFFFFF	691
199	#FFFFFF	691
200	#FFFFFF	691
201	#FFFFFF	691
204	#FFFFFF	1643
205	#FFFFFF	1643
206	#FFFFFF	691
207	#FFFFFF	691
209	#FFFFFF	691
210	#FFFFFF	691
211	#FFFFFF	1801
212	#FFFFFF	1801
213	#FFFFFF	1801
214	#FFFFFF	3020
215	#FFFFFF	3020
216	#FFFFFF	900
217	#FFFFFF	787
218	#FFFFFF	787
219	#FFFFFF	3020
220	#FFFFFF	787
221	#FFFFFF	134
222	#FFFFFF	134
223	#FFFFFF	578
224	#FFFFFF	3576
226	#FFFFFF	578
227	#FFFFFF	691
228	#FFFFFF	134
229	#FFFFFF	134
230	#FFFFFF	134
231	#FFFFFF	134
232	#FFFFFF	66
233	#FFFFFF	66
234	#FFFFFF	66
236	#FFFFFF	794
237	#FFFFFF	66
238	#FFFFFF	691
239	#FFFFFF	66
240	#FFFFFF	66
241	#FFFFFF	794
242	#FFFFFF	66
243	#FFFFFF	66
244	#FFFFFF	66
245	#FFFFFF	66
246	#FFFFFF	66
247	#FFFFFF	66
249	#FFFFFF	691
250	#FFFFFF	2088
251	#FFFFFF	691
252	#FFFFFF	1764
254	#FFFFFF	1643
256	#FFFFFF	1764
257	#FFFFFF	691
258	#FFFFFF	1764
260	#FFFFFF	2642
262	#FFFFFF	691
264	#FFFFFF	1801
265	#FFFFFF	3047
266	#FFFFFF	1643
267	#FFFFFF	3020
268	#FFFFFF	787
269	#FFFFFF	3020
270	#FFFFFF	787
271	#FFFFFF	3020
272	#FFFFFF	134
273	#FFFFFF	578
274	#FFFFFF	3576
275	#FFFFFF	578
277	#FFFFFF	1643
278	#FFFFFF	134
279	#FFFFFF	134
280	#FFFFFF	134
281	#FFFFFF	134
282	#FFFFFF	66
283	#FFFFFF	66
284	#FFFFFF	66
285	#FFFFFF	66
286	#FFFFFF	66
287	#FFFFFF	66
288	#FFFFFF	691
289	#FFFFFF	66
290	#FFFFFF	66
291	#FFFFFF	66
292	#FFFFFF	66
293	#FFFFFF	66
294	#FFFFFF	66
296	#FFFFFF	66
297	#FFFFFF	66
299	#FFFFFF	691
300	#FFFFFF	691
301	#FFFFFF	691
302	#FFFFFF	2088
303	#FFFFFF	1764
304	#FFFFFF	1643
305	#FFFFFF	1643
306	#FFFFFF	691
307	#FFFFFF	691
308	#FFFFFF	1764
310	#FFFFFF	2642
311	#FFFFFF	1801
312	#FFFFFF	691
313	#FFFFFF	691
314	#FFFFFF	27
315	#FFFFFF	3020
316	#FFFFFF	3047
317	#FFFFFF	1643
318	#FFFFFF	3020
320	#FFFFFF	3020
321	#FFFFFF	3020
322	#FFFFFF	134
323	#FFFFFF	134
324	#FFFFFF	578
325	#FFFFFF	578
326	#FFFFFF	134
327	#FFFFFF	134
328	#FFFFFF	691
329	#FFFFFF	134
330	#FFFFFF	134
331	#FFFFFF	134
332	#FFFFFF	66
333	#FFFFFF	66
334	#FFFFFF	66
335	#FFFFFF	66
336	#FFFFFF	66
337	#FFFFFF	66
338	#FFFFFF	66
340	#FFFFFF	66
341	#FFFFFF	66
342	#FFFFFF	66
343	#FFFFFF	66
344	#FFFFFF	66
345	#FFFFFF	66
347	#FFFFFF	66
348	#FFFFFF	66
349	#FFFFFF	949
350	#FFFFFF	691
351	#FFFFFF	691
352	#FFFFFF	691
355	#FFFFFF	691
356	#FFFFFF	691
357	#FFFFFF	691
359	#FFFFFF	691
360	#FFFFFF	691
361	#FFFFFF	2642
362	#FFFFFF	691
363	#FFFFFF	691
364	#FFFFFF	27
365	#FFFFFF	27
366	#FFFFFF	3020
367	#FFFFFF	691
368	#FFFFFF	3020
369	#FFFFFF	3020
370	#FFFFFF	3020
371	#FFFFFF	3020
372	#FFFFFF	3020
373	#FFFFFF	134
374	#FFFFFF	578
377	#FFFFFF	134
379	#FFFFFF	134
380	#FFFFFF	134
381	#FFFFFF	134
382	#FFFFFF	66
383	#FFFFFF	66
384	#FFFFFF	66
385	#FFFFFF	66
386	#FFFFFF	66
387	#FFFFFF	66
388	#FFFFFF	66
389	#FFFFFF	691
390	#FFFFFF	66
391	#FFFFFF	1037
393	#FFFFFF	66
394	#FFFFFF	446
395	#FFFFFF	446
396	#FFFFFF	66
397	#FFFFFF	66
398	#FFFFFF	66
400	#FFFFFF	691
402	#FFFFFF	949
405	#FFFFFF	691
406	#FFFFFF	691
407	#FFFFFF	691
410	#FFFFFF	691
411	#FFFFFF	691
412	#FFFFFF	691
413	#FFFFFF	2294
414	#FFFFFF	691
415	#FFFFFF	27
416	#FFFFFF	27
417	#FFFFFF	3020
418	#FFFFFF	691
419	#FFFFFF	27
420	#FFFFFF	27
421	#FFFFFF	3020
422	#FFFFFF	3020
423	#FFFFFF	1081
424	#FFFFFF	134
425	#FFFFFF	134
427	#FFFFFF	578
428	#FFFFFF	134
429	#FFFFFF	691
430	#FFFFFF	134
431	#FFFFFF	134
432	#FFFFFF	134
433	#FFFFFF	66
434	#FFFFFF	66
435	#FFFFFF	66
436	#FFFFFF	3496
437	#FFFFFF	66
438	#FFFFFF	66
439	#FFFFFF	66
440	#FFFFFF	691
441	#FFFFFF	1037
442	#FFFFFF	66
443	#FFFFFF	66
444	#FFFFFF	66
445	#FFFFFF	446
446	#FFFFFF	446
447	#FFFFFF	446
448	#FFFFFF	66
449	#FFFFFF	66
450	#FFFFFF	691
451	#FFFFFF	949
452	#FFFFFF	949
454	#FFFFFF	691
456	#FFFFFF	1458
457	#FFFFFF	691
458	#FFFFFF	691
459	#FFFFFF	691
460	#FFFFFF	27
462	#FFFFFF	691
463	#FFFFFF	2294
464	#FFFFFF	691
465	#FFFFFF	27
467	#FFFFFF	3020
468	#FFFFFF	691
469	#FFFFFF	27
470	#FFFFFF	27
471	#FFFFFF	27
472	#FFFFFF	3020
473	#FFFFFF	1081
474	#FFFFFF	1081
475	#FFFFFF	134
476	#FFFFFF	134
477	#FFFFFF	578
478	#FFFFFF	134
479	#FFFFFF	691
480	#FFFFFF	134
481	#FFFFFF	134
482	#FFFFFF	134
483	#FFFFFF	66
484	#FFFFFF	66
485	#FFFFFF	66
486	#FFFFFF	66
487	#FFFFFF	3496
488	#FFFFFF	66
489	#FFFFFF	66
490	#FFFFFF	691
491	#FFFFFF	1037
492	#FFFFFF	1037
493	#FFFFFF	66
494	#FFFFFF	446
495	#FFFFFF	446
496	#FFFFFF	446
497	#FFFFFF	446
498	#FFFFFF	66
499	#FFFFFF	66
501	#FFFFFF	691
502	#FFFFFF	691
503	#FFFFFF	691
504	#FFFFFF	691
505	#FFFFFF	691
506	#FFFFFF	1458
507	#FFFFFF	1458
508	#FFFFFF	691
509	#FFFFFF	691
510	#FFFFFF	691
511	#FFFFFF	27
514	#FFFFFF	691
515	#FFFFFF	27
516	#FFFFFF	27
517	#FFFFFF	27
518	#FFFFFF	27
519	#FFFFFF	1458
520	#FFFFFF	27
521	#FFFFFF	27
522	#FFFFFF	27
523	#FFFFFF	1081
524	#FFFFFF	1081
525	#FFFFFF	1081
526	#FFFFFF	134
527	#FFFFFF	134
528	#FFFFFF	578
529	#FFFFFF	134
530	#FFFFFF	691
531	#FFFFFF	134
532	#FFFFFF	134
533	#FFFFFF	134
534	#FFFFFF	66
535	#FFFFFF	66
536	#FFFFFF	66
537	#FFFFFF	66
538	#FFFFFF	66
539	#FFFFFF	66
540	#FFFFFF	66
541	#FFFFFF	691
543	#FFFFFF	66
544	#FFFFFF	66
545	#FFFFFF	446
546	#FFFFFF	446
547	#FFFFFF	446
548	#FFFFFF	66
549	#FFFFFF	66
550	#FFFFFF	66
551	#FFFFFF	691
552	#FFFFFF	691
553	#FFFFFF	691
554	#FFFFFF	691
555	#FFFFFF	691
557	#FFFFFF	1458
558	#FFFFFF	1458
559	#FFFFFF	691
561	#FFFFFF	27
562	#FFFFFF	691
563	#FFFFFF	2294
565	#FFFFFF	691
566	#FFFFFF	691
567	#FFFFFF	27
569	#FFFFFF	1458
570	#FFFFFF	27
571	#FFFFFF	27
572	#FFFFFF	27
573	#FFFFFF	27
574	#FFFFFF	1081
575	#FFFFFF	1081
577	#FFFFFF	134
578	#FFFFFF	578
579	#FFFFFF	578
580	#FFFFFF	691
581	#FFFFFF	134
582	#FFFFFF	134
583	#FFFFFF	134
584	#FFFFFF	66
585	#FFFFFF	66
586	#FFFFFF	66
587	#FFFFFF	66
588	#FFFFFF	66
589	#FFFFFF	66
590	#FFFFFF	66
592	#FFFFFF	1037
593	#FFFFFF	66
594	#FFFFFF	66
595	#FFFFFF	446
596	#FFFFFF	446
597	#FFFFFF	446
598	#FFFFFF	66
599	#FFFFFF	66
600	#FFFFFF	940
602	#FFFFFF	691
603	#FFFFFF	691
604	#FFFFFF	1890
605	#FFFFFF	691
606	#FFFFFF	691
607	#FFFFFF	47
608	#FFFFFF	1458
609	#FFFFFF	1458
610	#FFFFFF	691
611	#FFFFFF	691
613	#FFFFFF	691
615	#FFFFFF	691
616	#FFFFFF	691
617	#FFFFFF	27
618	#FFFFFF	27
619	#FFFFFF	27
620	#FFFFFF	47
621	#FFFFFF	27
622	#FFFFFF	27
623	#FFFFFF	27
624	#FFFFFF	1081
625	#FFFFFF	1082
626	#FFFFFF	1081
627	#FFFFFF	1081
628	#FFFFFF	578
629	#FFFFFF	578
630	#FFFFFF	578
631	#FFFFFF	691
632	#FFFFFF	578
633	#FFFFFF	578
634	#FFFFFF	134
635	#FFFFFF	66
636	#FFFFFF	66
637	#FFFFFF	66
638	#FFFFFF	66
639	#FFFFFF	66
640	#FFFFFF	66
642	#FFFFFF	691
643	#FFFFFF	66
644	#FFFFFF	66
645	#FFFFFF	446
646	#FFFFFF	446
647	#FFFFFF	66
648	#FFFFFF	66
649	#FFFFFF	66
650	#FFFFFF	940
651	#FFFFFF	940
654	#FFFFFF	1890
655	#FFFFFF	691
656	#FFFFFF	880
658	#FFFFFF	47
659	#FFFFFF	1458
660	#FFFFFF	880
661	#FFFFFF	691
662	#FFFFFF	691
664	#FFFFFF	691
665	#FFFFFF	691
666	#FFFFFF	27
667	#FFFFFF	27
669	#FFFFFF	27
670	#FFFFFF	1458
671	#FFFFFF	27
672	#FFFFFF	27
673	#FFFFFF	27
674	#FFFFFF	1081
675	#FFFFFF	1082
676	#FFFFFF	1081
677	#FFFFFF	1081
678	#FFFFFF	578
679	#FFFFFF	578
680	#FFFFFF	578
681	#FFFFFF	47
682	#FFFFFF	578
683	#FFFFFF	578
684	#FFFFFF	578
685	#FFFFFF	578
686	#FFFFFF	66
687	#FFFFFF	66
688	#FFFFFF	66
689	#FFFFFF	66
690	#FFFFFF	66
691	#FFFFFF	66
692	#FFFFFF	47
693	#FFFFFF	66
694	#FFFFFF	66
695	#FFFFFF	446
696	#FFFFFF	446
697	#FFFFFF	446
698	#FFFFFF	66
699	#FFFFFF	940
701	#FFFFFF	66
704	#FFFFFF	1890
705	#FFFFFF	691
706	#FFFFFF	1890
708	#FFFFFF	47
709	#FFFFFF	47
711	#FFFFFF	691
712	#FFFFFF	691
713	#FFFFFF	691
715	#FFFFFF	27
716	#FFFFFF	27
717	#FFFFFF	27
718	#FFFFFF	27
719	#FFFFFF	27
720	#FFFFFF	27
721	#FFFFFF	691
722	#FFFFFF	27
723	#FFFFFF	27
724	#FFFFFF	1081
725	#FFFFFF	1082
726	#FFFFFF	1081
727	#FFFFFF	1081
728	#FFFFFF	1081
729	#FFFFFF	578
730	#FFFFFF	578
731	#FFFFFF	578
732	#FFFFFF	47
733	#FFFFFF	578
734	#FFFFFF	578
735	#FFFFFF	578
736	#FFFFFF	578
737	#FFFFFF	66
738	#FFFFFF	66
739	#FFFFFF	66
740	#FFFFFF	66
741	#FFFFFF	66
742	#FFFFFF	66
743	#FFFFFF	691
744	#FFFFFF	66
745	#FFFFFF	446
746	#FFFFFF	446
747	#FFFFFF	66
748	#FFFFFF	446
749	#FFFFFF	66
750	#FFFFFF	940
751	#FFFFFF	66
752	#FFFFFF	66
754	#FFFFFF	691
755	#FFFFFF	691
756	#FFFFFF	691
757	#FFFFFF	880
759	#FFFFFF	47
760	#FFFFFF	47
761	#FFFFFF	880
762	#FFFFFF	691
763	#FFFFFF	691
764	#FFFFFF	691
765	#FFFFFF	27
766	#FFFFFF	27
767	#FFFFFF	27
768	#FFFFFF	1402
769	#FFFFFF	1402
770	#FFFFFF	27
771	#FFFFFF	691
772	#FFFFFF	27
773	#FFFFFF	27
774	#FFFFFF	27
775	#FFFFFF	1081
776	#FFFFFF	1081
777	#FFFFFF	1081
778	#FFFFFF	1081
779	#FFFFFF	1081
780	#FFFFFF	578
781	#FFFFFF	578
783	#FFFFFF	578
784	#FFFFFF	578
785	#FFFFFF	578
786	#FFFFFF	578
787	#FFFFFF	578
788	#FFFFFF	66
789	#FFFFFF	66
790	#FFFFFF	66
791	#FFFFFF	66
793	#FFFFFF	691
794	#FFFFFF	446
795	#FFFFFF	446
796	#FFFFFF	446
797	#FFFFFF	66
798	#FFFFFF	446
799	#FFFFFF	66
800	#FFFFFF	940
801	#FFFFFF	66
802	#FFFFFF	66
804	#FFFFFF	691
805	#FFFFFF	691
808	#FFFFFF	691
809	#FFFFFF	47
810	#FFFFFF	47
811	#FFFFFF	47
812	#FFFFFF	880
813	#FFFFFF	880
814	#FFFFFF	880
815	#FFFFFF	27
816	#FFFFFF	27
817	#FFFFFF	27
818	#FFFFFF	1402
819	#FFFFFF	1402
820	#FFFFFF	1402
821	#FFFFFF	1402
822	#FFFFFF	47
823	#FFFFFF	1402
824	#FFFFFF	27
825	#FFFFFF	1081
826	#FFFFFF	27
827	#FFFFFF	1081
828	#FFFFFF	1081
829	#FFFFFF	1081
830	#FFFFFF	1081
831	#FFFFFF	578
832	#FFFFFF	578
833	#FFFFFF	691
834	#FFFFFF	578
835	#FFFFFF	578
836	#FFFFFF	578
837	#FFFFFF	66
838	#FFFFFF	66
839	#FFFFFF	66
840	#FFFFFF	66
841	#FFFFFF	66
842	#FFFFFF	66
843	#FFFFFF	66
844	#FFFFFF	691
845	#FFFFFF	446
846	#FFFFFF	66
847	#FFFFFF	446
849	#FFFFFF	446
850	#FFFFFF	940
851	#FFFFFF	940
852	#FFFFFF	66
853	#FFFFFF	66
854	#FFFFFF	691
855	#FFFFFF	691
856	#FFFFFF	691
857	#FFFFFF	691
860	#FFFFFF	47
861	#FFFFFF	47
862	#FFFFFF	880
863	#FFFFFF	880
865	#FFFFFF	27
866	#FFFFFF	27
867	#FFFFFF	27
869	#FFFFFF	27
870	#FFFFFF	1402
871	#FFFFFF	1402
872	#FFFFFF	47
873	#FFFFFF	1402
874	#FFFFFF	27
875	#FFFFFF	27
876	#FFFFFF	1081
877	#FFFFFF	27
878	#FFFFFF	27
879	#FFFFFF	1081
880	#FFFFFF	1081
881	#FFFFFF	1081
882	#FFFFFF	578
883	#FFFFFF	1469
884	#FFFFFF	2377
885	#FFFFFF	578
886	#FFFFFF	578
887	#FFFFFF	578
888	#FFFFFF	66
889	#FFFFFF	66
890	#FFFFFF	66
891	#FFFFFF	66
892	#FFFFFF	446
893	#FFFFFF	446
894	#FFFFFF	691
895	#FFFFFF	66
896	#FFFFFF	446
897	#FFFFFF	66
898	#FFFFFF	66
899	#FFFFFF	66
900	#FFFFFF	66
901	#FFFFFF	66
902	#FFFFFF	940
903	#FFFFFF	66
905	#FFFFFF	691
906	#FFFFFF	691
908	#FFFFFF	691
909	#FFFFFF	691
910	#FFFFFF	47
911	#FFFFFF	47
912	#FFFFFF	1469
914	#FFFFFF	880
915	#FFFFFF	27
916	#FFFFFF	2184
917	#FFFFFF	27
918	#FFFFFF	1402
919	#FFFFFF	27
920	#FFFFFF	27
921	#FFFFFF	1402
922	#FFFFFF	1402
923	#FFFFFF	1469
924	#FFFFFF	27
925	#FFFFFF	27
927	#FFFFFF	27
928	#FFFFFF	27
929	#FFFFFF	1081
930	#FFFFFF	1081
931	#FFFFFF	1081
932	#FFFFFF	1081
933	#FFFFFF	578
934	#FFFFFF	691
935	#FFFFFF	2377
936	#FFFFFF	578
937	#FFFFFF	578
938	#FFFFFF	66
939	#FFFFFF	578
940	#FFFFFF	66
941	#FFFFFF	66
942	#FFFFFF	66
943	#FFFFFF	446
944	#FFFFFF	446
945	#FFFFFF	691
946	#FFFFFF	446
947	#FFFFFF	446
948	#FFFFFF	66
949	#FFFFFF	66
950	#FFFFFF	66
951	#FFFFFF	66
952	#FFFFFF	940
953	#FFFFFF	940
954	#FFFFFF	66
955	#FFFFFF	691
956	#FFFFFF	691
957	#FFFFFF	691
958	#FFFFFF	691
959	#FFFFFF	691
961	#FFFFFF	47
962	#FFFFFF	1469
963	#FFFFFF	691
965	#FFFFFF	880
966	#FFFFFF	2184
967	#FFFFFF	27
969	#FFFFFF	27
970	#FFFFFF	27
971	#FFFFFF	27
972	#FFFFFF	1402
973	#FFFFFF	1469
974	#FFFFFF	27
975	#FFFFFF	27
976	#FFFFFF	27
977	#FFFFFF	27
978	#FFFFFF	27
979	#FFFFFF	1081
980	#FFFFFF	1081
981	#FFFFFF	578
982	#FFFFFF	578
983	#FFFFFF	578
984	#FFFFFF	691
985	#FFFFFF	578
986	#FFFFFF	578
987	#FFFFFF	578
988	#FFFFFF	66
989	#FFFFFF	578
990	#FFFFFF	66
991	#FFFFFF	66
992	#FFFFFF	446
993	#FFFFFF	446
994	#FFFFFF	446
995	#FFFFFF	691
996	#FFFFFF	446
997	#FFFFFF	446
998	#FFFFFF	66
999	#FFFFFF	66
1000	#FFFFFF	66
1001	#FFFFFF	66
1002	#FFFFFF	66
1003	#FFFFFF	66
1004	#FFFFFF	66
1006	#FFFFFF	691
1007	#FFFFFF	691
1009	#FFFFFF	691
1011	#FFFFFF	47
1012	#FFFFFF	47
1013	#FFFFFF	1469
1014	#FFFFFF	691
1015	#FFFFFF	691
1017	#FFFFFF	2184
1018	#FFFFFF	1402
1019	#FFFFFF	27
1021	#FFFFFF	27
1022	#FFFFFF	27
1023	#FFFFFF	1402
1024	#FFFFFF	691
1026	#FFFFFF	27
1027	#FFFFFF	27
1028	#FFFFFF	27
1029	#FFFFFF	1081
1030	#FFFFFF	1081
1031	#FFFFFF	578
1032	#FFFFFF	578
1033	#FFFFFF	578
1034	#FFFFFF	578
1035	#FFFFFF	691
1036	#FFFFFF	1548
1037	#FFFFFF	578
1038	#FFFFFF	578
1039	#FFFFFF	578
1040	#FFFFFF	66
1041	#FFFFFF	66
1042	#FFFFFF	446
1043	#FFFFFF	446
1044	#FFFFFF	66
1045	#FFFFFF	66
1046	#FFFFFF	691
1047	#FFFFFF	446
1048	#FFFFFF	446
1049	#FFFFFF	66
1050	#FFFFFF	66
1051	#FFFFFF	66
1052	#FFFFFF	66
1053	#FFFFFF	66
1054	#FFFFFF	66
1055	#FFFFFF	66
1057	#FFFFFF	691
1058	#FFFFFF	691
1059	#FFFFFF	691
1060	#FFFFFF	691
1062	#FFFFFF	47
1063	#FFFFFF	1469
1064	#FFFFFF	691
1065	#FFFFFF	1453
1066	#FFFFFF	691
1067	#FFFFFF	691
1068	#FFFFFF	27
1069	#FFFFFF	27
1070	#FFFFFF	27
1071	#FFFFFF	27
1072	#FFFFFF	27
1073	#FFFFFF	27
1074	#FFFFFF	1469
1076	#FFFFFF	27
1077	#FFFFFF	27
1078	#FFFFFF	27
1079	#FFFFFF	27
1080	#FFFFFF	1081
1081	#FFFFFF	578
1082	#FFFFFF	578
1083	#FFFFFF	578
1084	#FFFFFF	578
1085	#FFFFFF	691
1086	#FFFFFF	1548
1087	#FFFFFF	578
1088	#FFFFFF	578
1089	#FFFFFF	578
1090	#FFFFFF	578
1091	#FFFFFF	66
1092	#FFFFFF	446
1093	#FFFFFF	446
1094	#FFFFFF	66
1095	#FFFFFF	66
1096	#FFFFFF	691
1097	#FFFFFF	66
1098	#FFFFFF	66
1099	#FFFFFF	66
1100	#FFFFFF	66
1101	#FFFFFF	66
1102	#FFFFFF	66
1103	#FFFFFF	66
1104	#FFFFFF	66
1105	#FFFFFF	66
1107	#FFFFFF	691
1108	#FFFFFF	691
1109	#FFFFFF	691
1110	#FFFFFF	691
1111	#FFFFFF	1469
1112	#FFFFFF	47
1113	#FFFFFF	47
1114	#FFFFFF	1469
1115	#FFFFFF	1453
1116	#FFFFFF	1453
1117	#FFFFFF	691
1118	#FFFFFF	27
1119	#FFFFFF	27
1120	#FFFFFF	27
1121	#FFFFFF	27
1122	#FFFFFF	27
1123	#FFFFFF	3603
1124	#FFFFFF	27
1125	#FFFFFF	691
1126	#FFFFFF	27
1127	#FFFFFF	27
1128	#FFFFFF	27
1129	#FFFFFF	27
1130	#FFFFFF	1081
1131	#FFFFFF	1081
1132	#FFFFFF	1081
1133	#FFFFFF	578
1134	#FFFFFF	578
1135	#FFFFFF	1548
1136	#FFFFFF	691
1137	#FFFFFF	1548
1138	#FFFFFF	578
1139	#FFFFFF	578
1140	#FFFFFF	578
1141	#FFFFFF	578
1142	#FFFFFF	66
1143	#FFFFFF	66
1144	#FFFFFF	66
1145	#FFFFFF	66
1146	#FFFFFF	66
1147	#FFFFFF	691
1148	#FFFFFF	66
1149	#FFFFFF	66
1150	#FFFFFF	66
1151	#FFFFFF	66
1152	#FFFFFF	66
1153	#FFFFFF	66
1154	#FFFFFF	66
1155	#FFFFFF	66
1156	#FFFFFF	66
1157	#FFFFFF	691
1158	#FFFFFF	691
1159	#FFFFFF	691
1160	#FFFFFF	691
1161	#FFFFFF	1469
1163	#FFFFFF	3134
1165	#FFFFFF	900
1166	#FFFFFF	900
1167	#FFFFFF	2343
1169	#FFFFFF	134
1170	#FFFFFF	134
1171	#FFFFFF	134
1172	#FFFFFF	134
1173	#FFFFFF	134
1174	#FFFFFF	134
1175	#FFFFFF	134
1176	#FFFFFF	134
1177	#FFFFFF	134
1178	#FFFFFF	134
1179	#FFFFFF	460
1180	#FFFFFF	134
1181	#FFFFFF	134
1182	#FFFFFF	134
1183	#FFFFFF	134
1184	#FFFFFF	134
1185	#FFFFFF	134
1186	#FFFFFF	134
1187	#FFFFFF	134
1188	#FFFFFF	134
1189	#FFFFFF	794
1190	#FFFFFF	134
1191	#FFFFFF	134
1192	#FFFFFF	380
1193	#FFFFFF	380
1194	#FFFFFF	380
1195	#FFFFFF	380
1196	#FFFFFF	380
1197	#FFFFFF	134
1198	#FFFFFF	794
1199	#FFFFFF	380
1200	#FFFFFF	794
1201	#FFFFFF	794
1202	#FFFFFF	134
1203	#FFFFFF	134
1204	#FFFFFF	134
1205	#FFFFFF	134
1206	#FFFFFF	1466
1208	#FFFFFF	900
1209	#FFFFFF	900
1210	#FFFFFF	601
1211	#FFFFFF	900
1212	#FFFFFF	601
1213	#FFFFFF	47
1214	#FFFFFF	3134
1215	#FFFFFF	134
1216	#FFFFFF	900
1217	#FFFFFF	2343
1218	#FFFFFF	2343
1219	#FFFFFF	134
1220	#FFFFFF	134
1221	#FFFFFF	134
1222	#FFFFFF	134
1223	#FFFFFF	134
1224	#FFFFFF	134
1225	#FFFFFF	134
1226	#FFFFFF	134
1227	#FFFFFF	134
1228	#FFFFFF	134
1229	#FFFFFF	460
1230	#FFFFFF	460
1231	#FFFFFF	460
1232	#FFFFFF	134
1233	#FFFFFF	134
1234	#FFFFFF	134
1235	#FFFFFF	134
1236	#FFFFFF	134
1237	#FFFFFF	134
1238	#FFFFFF	794
1239	#FFFFFF	794
1240	#FFFFFF	794
1241	#FFFFFF	134
1242	#FFFFFF	794
1243	#FFFFFF	794
1246	#FFFFFF	380
1247	#FFFFFF	794
1248	#FFFFFF	134
1249	#FFFFFF	380
1250	#FFFFFF	794
1251	#FFFFFF	794
1252	#FFFFFF	794
1253	#FFFFFF	1466
1254	#FFFFFF	134
1255	#FFFFFF	134
1256	#FFFFFF	1466
1257	#FFFFFF	134
1258	#FFFFFF	900
1259	#FFFFFF	601
1261	#FFFFFF	900
1262	#FFFFFF	601
1264	#FFFFFF	47
1265	#FFFFFF	1469
1266	#FFFFFF	691
1267	#FFFFFF	1453
1268	#FFFFFF	691
1269	#FFFFFF	691
1270	#FFFFFF	3603
1271	#FFFFFF	27
1272	#FFFFFF	3603
1273	#FFFFFF	27
1274	#FFFFFF	3603
1276	#FFFFFF	691
1277	#FFFFFF	27
1278	#FFFFFF	27
1279	#FFFFFF	27
1280	#FFFFFF	27
1281	#FFFFFF	1081
1282	#FFFFFF	1081
1283	#FFFFFF	1081
1284	#FFFFFF	578
1285	#FFFFFF	578
1286	#FFFFFF	578
1287	#FFFFFF	691
1288	#FFFFFF	578
1289	#FFFFFF	1548
1290	#FFFFFF	1609
1291	#FFFFFF	66
1292	#FFFFFF	66
1293	#FFFFFF	66
1294	#FFFFFF	66
1295	#FFFFFF	66
1296	#FFFFFF	66
1297	#FFFFFF	66
1299	#FFFFFF	66
1300	#FFFFFF	66
1301	#FFFFFF	66
1302	#FFFFFF	66
1303	#FFFFFF	66
1304	#FFFFFF	66
1305	#FFFFFF	66
1306	#FFFFFF	66
1307	#FFFFFF	66
1309	#FFFFFF	1469
1310	#FFFFFF	691
1311	#FFFFFF	691
1312	#FFFFFF	691
1314	#FFFFFF	47
1315	#FFFFFF	47
1316	#FFFFFF	1469
1317	#FFFFFF	691
1318	#FFFFFF	691
1319	#FFFFFF	691
1320	#FFFFFF	1469
1321	#FFFFFF	3603
1322	#FFFFFF	3603
1323	#FFFFFF	3603
1324	#FFFFFF	3603
1325	#FFFFFF	27
1326	#FFFFFF	27
1327	#FFFFFF	691
1328	#FFFFFF	27
1329	#FFFFFF	27
1330	#FFFFFF	3023
1331	#FFFFFF	3023
1332	#FFFFFF	3023
1333	#FFFFFF	1081
1334	#FFFFFF	1081
1335	#FFFFFF	578
1336	#FFFFFF	578
1337	#FFFFFF	578
1338	#FFFFFF	1469
1339	#FFFFFF	578
1340	#FFFFFF	578
1341	#FFFFFF	1609
1343	#FFFFFF	66
1344	#FFFFFF	66
1345	#FFFFFF	66
1346	#FFFFFF	66
1347	#FFFFFF	66
1348	#FFFFFF	66
1349	#FFFFFF	691
1350	#FFFFFF	66
1351	#FFFFFF	66
1352	#FFFFFF	66
1353	#FFFFFF	66
1354	#FFFFFF	66
1355	#FFFFFF	66
1356	#FFFFFF	66
1357	#FFFFFF	66
1358	#FFFFFF	66
1359	#FFFFFF	1469
1360	#FFFFFF	691
1361	#FFFFFF	1469
1362	#FFFFFF	1469
1363	#FFFFFF	691
1365	#FFFFFF	47
1366	#FFFFFF	47
1367	#FFFFFF	691
1368	#FFFFFF	691
1369	#FFFFFF	691
1371	#FFFFFF	691
1372	#FFFFFF	3603
1373	#FFFFFF	3603
1374	#FFFFFF	3603
1375	#FFFFFF	27
1376	#FFFFFF	27
1377	#FFFFFF	1469
1378	#FFFFFF	27
1379	#FFFFFF	27
1380	#FFFFFF	3023
1381	#FFFFFF	3023
1382	#FFFFFF	3023
1383	#FFFFFF	3023
1385	#FFFFFF	1081
1386	#FFFFFF	578
1387	#FFFFFF	578
1388	#FFFFFF	691
1389	#FFFFFF	578
1390	#FFFFFF	578
1391	#FFFFFF	1609
1392	#FFFFFF	1609
1393	#FFFFFF	66
1394	#FFFFFF	66
1395	#FFFFFF	66
1397	#FFFFFF	66
1398	#FFFFFF	66
1399	#FFFFFF	1469
1400	#FFFFFF	66
1401	#FFFFFF	66
1402	#FFFFFF	66
1403	#FFFFFF	66
1404	#FFFFFF	66
1405	#FFFFFF	66
1406	#FFFFFF	66
1407	#FFFFFF	66
1408	#FFFFFF	66
1410	#FFFFFF	1469
1411	#FFFFFF	691
1412	#FFFFFF	691
1413	#FFFFFF	1469
1414	#FFFFFF	1469
1415	#FFFFFF	47
1416	#FFFFFF	47
1417	#FFFFFF	1469
1418	#FFFFFF	691
1419	#FFFFFF	691
1421	#FFFFFF	691
1422	#FFFFFF	3603
1423	#FFFFFF	27
1424	#FFFFFF	3603
1425	#FFFFFF	27
1427	#FFFFFF	27
1428	#FFFFFF	691
1429	#FFFFFF	27
1430	#FFFFFF	27
1431	#FFFFFF	3023
1432	#FFFFFF	3023
1433	#FFFFFF	3023
1434	#FFFFFF	3023
1435	#FFFFFF	27
1436	#FFFFFF	578
1437	#FFFFFF	578
1438	#FFFFFF	578
1439	#FFFFFF	691
1440	#FFFFFF	578
1441	#FFFFFF	578
1442	#FFFFFF	1510
1444	#FFFFFF	66
1445	#FFFFFF	66
1446	#FFFFFF	66
1447	#FFFFFF	3419
1448	#FFFFFF	66
1449	#FFFFFF	66
1450	#FFFFFF	1469
1451	#FFFFFF	66
1452	#FFFFFF	66
1453	#FFFFFF	66
1454	#FFFFFF	66
1455	#FFFFFF	66
1456	#FFFFFF	66
1457	#FFFFFF	66
1458	#FFFFFF	66
1459	#FFFFFF	1782
1460	#FFFFFF	1469
1461	#FFFFFF	691
1462	#FFFFFF	1469
1463	#FFFFFF	1469
1464	#FFFFFF	691
1466	#FFFFFF	47
1467	#FFFFFF	1469
1468	#FFFFFF	691
1469	#FFFFFF	691
1470	#FFFFFF	1469
1471	#FFFFFF	3603
1472	#FFFFFF	691
1473	#FFFFFF	3603
1474	#FFFFFF	27
1475	#FFFFFF	3603
1476	#FFFFFF	3603
1477	#FFFFFF	27
1478	#FFFFFF	1469
1479	#FFFFFF	27
1480	#FFFFFF	27
1481	#FFFFFF	27
1482	#FFFFFF	27
1483	#FFFFFF	3023
1484	#FFFFFF	3023
1486	#FFFFFF	27
1487	#FFFFFF	1510
1488	#FFFFFF	578
1489	#FFFFFF	691
1490	#FFFFFF	578
1491	#FFFFFF	578
1492	#FFFFFF	578
1493	#FFFFFF	1510
1494	#FFFFFF	1510
1495	#FFFFFF	66
1496	#FFFFFF	66
1497	#FFFFFF	3419
1498	#FFFFFF	66
1499	#FFFFFF	66
1500	#FFFFFF	1469
1501	#FFFFFF	3419
1502	#FFFFFF	66
1503	#FFFFFF	66
1504	#FFFFFF	66
1505	#FFFFFF	66
1506	#FFFFFF	66
1507	#FFFFFF	1782
1508	#FFFFFF	1782
1509	#FFFFFF	1782
1511	#FFFFFF	1469
1512	#FFFFFF	1469
1513	#FFFFFF	691
1514	#FFFFFF	1469
1515	#FFFFFF	691
1516	#FFFFFF	47
1517	#FFFFFF	47
1518	#FFFFFF	1469
1519	#FFFFFF	1469
1520	#FFFFFF	1469
1521	#FFFFFF	3603
1522	#FFFFFF	3603
1523	#FFFFFF	3603
1524	#FFFFFF	27
1526	#FFFFFF	3603
1527	#FFFFFF	27
1528	#FFFFFF	27
1529	#FFFFFF	1469
1530	#FFFFFF	27
1531	#FFFFFF	27
1532	#FFFFFF	27
1533	#FFFFFF	3023
1534	#FFFFFF	27
1535	#FFFFFF	27
1536	#FFFFFF	1510
1537	#FFFFFF	1510
1538	#FFFFFF	578
1539	#FFFFFF	578
1540	#FFFFFF	691
1541	#FFFFFF	1510
1543	#FFFFFF	1510
1544	#FFFFFF	1510
1545	#FFFFFF	1510
1546	#FFFFFF	66
1547	#FFFFFF	66
1548	#FFFFFF	3419
1549	#FFFFFF	66
1550	#FFFFFF	3419
1551	#FFFFFF	1469
1552	#FFFFFF	3419
1553	#FFFFFF	66
1554	#FFFFFF	66
1555	#FFFFFF	1782
1556	#FFFFFF	1782
1557	#FFFFFF	1782
1558	#FFFFFF	1782
1559	#FFFFFF	1782
1560	#FFFFFF	66
1561	#FFFFFF	1469
1562	#FFFFFF	1469
1563	#FFFFFF	1469
1564	#FFFFFF	1469
1565	#FFFFFF	691
1567	#FFFFFF	47
1568	#FFFFFF	1469
1569	#FFFFFF	1469
1570	#FFFFFF	1469
1571	#FFFFFF	1469
1572	#FFFFFF	1469
1573	#FFFFFF	3603
1574	#FFFFFF	3603
1575	#FFFFFF	3603
1576	#FFFFFF	27
1577	#FFFFFF	27
1578	#FFFFFF	27
1579	#FFFFFF	1469
1580	#FFFFFF	27
1581	#FFFFFF	27
1582	#FFFFFF	27
1583	#FFFFFF	27
1584	#FFFFFF	27
1586	#FFFFFF	27
1587	#FFFFFF	1510
1588	#FFFFFF	1510
1589	#FFFFFF	578
1590	#FFFFFF	691
1591	#FFFFFF	578
1592	#FFFFFF	1510
1594	#FFFFFF	578
1595	#FFFFFF	1510
1596	#FFFFFF	2518
1597	#FFFFFF	66
1598	#FFFFFF	66
1599	#FFFFFF	3419
1600	#FFFFFF	3419
1601	#FFFFFF	1469
1602	#FFFFFF	3419
1603	#FFFFFF	66
1604	#FFFFFF	66
1605	#FFFFFF	1782
1606	#FFFFFF	1782
1607	#FFFFFF	1782
1608	#FFFFFF	66
1609	#FFFFFF	1782
1610	#FFFFFF	1782
1612	#FFFFFF	1469
1613	#FFFFFF	1469
1614	#FFFFFF	1469
1615	#FFFFFF	691
1616	#FFFFFF	691
1617	#FFFFFF	47
1618	#FFFFFF	1469
1619	#FFFFFF	1469
1620	#FFFFFF	1469
1621	#FFFFFF	1469
1622	#FFFFFF	1469
1623	#FFFFFF	1469
1625	#FFFFFF	3603
1626	#FFFFFF	3603
1627	#FFFFFF	27
1628	#FFFFFF	27
1629	#FFFFFF	27
1630	#FFFFFF	1469
1631	#FFFFFF	27
1632	#FFFFFF	27
1633	#FFFFFF	27
1634	#FFFFFF	3003
1635	#FFFFFF	27
1636	#FFFFFF	27
1637	#FFFFFF	27
1638	#FFFFFF	2512
1639	#FFFFFF	1510
1640	#FFFFFF	578
1641	#FFFFFF	1469
1642	#FFFFFF	578
1643	#FFFFFF	1510
1644	#FFFFFF	578
1645	#FFFFFF	1510
1646	#FFFFFF	2518
1647	#FFFFFF	2369
1648	#FFFFFF	66
1649	#FFFFFF	3419
1650	#FFFFFF	3419
1651	#FFFFFF	3419
1652	#FFFFFF	1469
1653	#FFFFFF	66
1654	#FFFFFF	66
1655	#FFFFFF	66
1656	#FFFFFF	66
1657	#FFFFFF	1782
1658	#FFFFFF	66
1659	#FFFFFF	66
1660	#FFFFFF	1782
1661	#FFFFFF	1782
1662	#FFFFFF	1469
1663	#FFFFFF	1469
1664	#FFFFFF	691
1665	#FFFFFF	691
1666	#FFFFFF	1469
1668	#FFFFFF	47
1669	#FFFFFF	47
1670	#FFFFFF	1469
1671	#FFFFFF	1469
1672	#FFFFFF	1469
1673	#FFFFFF	1469
1674	#FFFFFF	1469
1675	#FFFFFF	3603
1676	#FFFFFF	3603
1677	#FFFFFF	3603
1678	#FFFFFF	27
1679	#FFFFFF	27
1680	#FFFFFF	1469
1681	#FFFFFF	27
1682	#FFFFFF	27
1683	#FFFFFF	27
1684	#FFFFFF	3003
1685	#FFFFFF	3003
1686	#FFFFFF	27
1687	#FFFFFF	27
1688	#FFFFFF	2512
1689	#FFFFFF	2512
1690	#FFFFFF	1510
1691	#FFFFFF	1469
1692	#FFFFFF	1510
1694	#FFFFFF	578
1695	#FFFFFF	1510
1696	#FFFFFF	1510
1698	#FFFFFF	2369
1699	#FFFFFF	66
1700	#FFFFFF	66
1702	#FFFFFF	1469
1704	#FFFFFF	66
1705	#FFFFFF	66
1706	#FFFFFF	66
1707	#FFFFFF	66
1708	#FFFFFF	1782
1709	#FFFFFF	66
1710	#FFFFFF	1782
1711	#FFFFFF	66
1713	#FFFFFF	1469
1714	#FFFFFF	1469
1715	#FFFFFF	1469
1716	#FFFFFF	691
1717	#FFFFFF	1469
1718	#FFFFFF	47
1719	#FFFFFF	47
1720	#FFFFFF	1469
1721	#FFFFFF	1469
1722	#FFFFFF	1469
1723	#FFFFFF	1469
1724	#FFFFFF	1469
1725	#FFFFFF	1469
1726	#FFFFFF	3603
1727	#FFFFFF	3603
1728	#FFFFFF	27
1729	#FFFFFF	27
1730	#FFFFFF	27
1731	#FFFFFF	47
1732	#FFFFFF	27
1733	#FFFFFF	27
1734	#FFFFFF	27
1735	#FFFFFF	3003
1736	#FFFFFF	27
1737	#FFFFFF	27
1738	#FFFFFF	27
1739	#FFFFFF	2512
1740	#FFFFFF	2512
1741	#FFFFFF	1510
1742	#FFFFFF	1469
1744	#FFFFFF	1510
1745	#FFFFFF	578
1746	#FFFFFF	1510
1747	#FFFFFF	66
1748	#FFFFFF	2369
1749	#FFFFFF	66
1750	#FFFFFF	66
1751	#FFFFFF	66
1752	#FFFFFF	66
1753	#FFFFFF	1469
1754	#FFFFFF	3419
1755	#FFFFFF	66
1756	#FFFFFF	66
1757	#FFFFFF	66
1758	#FFFFFF	66
1759	#FFFFFF	66
1760	#FFFFFF	66
1761	#FFFFFF	66
1762	#FFFFFF	66
1763	#FFFFFF	1469
1764	#FFFFFF	1469
1765	#FFFFFF	1469
1766	#FFFFFF	691
1767	#FFFFFF	1469
1769	#FFFFFF	47
1770	#FFFFFF	1469
1771	#FFFFFF	1469
1772	#FFFFFF	1469
1773	#FFFFFF	1469
1774	#FFFFFF	1469
1775	#FFFFFF	3603
1777	#FFFFFF	3603
1778	#FFFFFF	27
1779	#FFFFFF	27
1780	#FFFFFF	27
1781	#FFFFFF	47
1782	#FFFFFF	27
1783	#FFFFFF	27
1784	#FFFFFF	27
1785	#FFFFFF	3003
1786	#FFFFFF	3003
1787	#FFFFFF	27
1788	#FFFFFF	27
1789	#FFFFFF	27
1790	#FFFFFF	2512
1791	#FFFFFF	2512
1792	#FFFFFF	47
1793	#FFFFFF	1510
1794	#FFFFFF	2512
1795	#FFFFFF	1510
1796	#FFFFFF	1510
1797	#FFFFFF	1510
1798	#FFFFFF	66
1799	#FFFFFF	66
1800	#FFFFFF	66
1801	#FFFFFF	66
1802	#FFFFFF	3419
1803	#FFFFFF	1469
1805	#FFFFFF	66
1806	#FFFFFF	66
1807	#FFFFFF	66
1808	#FFFFFF	66
1809	#FFFFFF	66
1810	#FFFFFF	66
1811	#FFFFFF	66
1814	#FFFFFF	1469
1815	#FFFFFF	1469
1816	#FFFFFF	1469
1817	#FFFFFF	1469
1818	#FFFFFF	1469
1819	#FFFFFF	3452
1820	#FFFFFF	47
1821	#FFFFFF	47
1822	#FFFFFF	1469
1823	#FFFFFF	1469
1824	#FFFFFF	1469
1825	#FFFFFF	1469
1826	#FFFFFF	3603
1827	#FFFFFF	1469
1828	#FFFFFF	27
1829	#FFFFFF	27
1830	#FFFFFF	27
1831	#FFFFFF	27
1832	#FFFFFF	47
1833	#FFFFFF	27
1834	#FFFFFF	27
1835	#FFFFFF	27
1836	#FFFFFF	27
1837	#FFFFFF	27
1838	#FFFFFF	27
1839	#FFFFFF	27
1840	#FFFFFF	27
1842	#FFFFFF	2512
1843	#FFFFFF	47
1844	#FFFFFF	2512
1845	#FFFFFF	2512
1846	#FFFFFF	1510
1847	#FFFFFF	66
1848	#FFFFFF	66
1849	#FFFFFF	66
1850	#FFFFFF	66
1851	#FFFFFF	66
1852	#FFFFFF	66
1853	#FFFFFF	3419
1854	#FFFFFF	47
1855	#FFFFFF	66
1856	#FFFFFF	66
1857	#FFFFFF	66
1858	#FFFFFF	66
1859	#FFFFFF	66
1860	#FFFFFF	66
1861	#FFFFFF	66
1862	#FFFFFF	66
1863	#FFFFFF	66
1864	#FFFFFF	47
1865	#FFFFFF	1469
1866	#FFFFFF	1469
1867	#FFFFFF	1469
1868	#FFFFFF	1469
1870	#FFFFFF	47
1871	#FFFFFF	47
1872	#FFFFFF	1469
1873	#FFFFFF	3117
1874	#FFFFFF	1469
1875	#FFFFFF	3603
1877	#FFFFFF	3603
1878	#FFFFFF	27
1879	#FFFFFF	27
1880	#FFFFFF	27
1881	#FFFFFF	27
1882	#FFFFFF	47
1883	#FFFFFF	27
1884	#FFFFFF	27
1885	#FFFFFF	27
1886	#FFFFFF	27
1887	#FFFFFF	27
1888	#FFFFFF	27
1889	#FFFFFF	27
1890	#FFFFFF	27
1891	#FFFFFF	27
1892	#FFFFFF	2512
1893	#FFFFFF	47
1894	#FFFFFF	2512
1895	#FFFFFF	2512
1896	#FFFFFF	2512
1897	#FFFFFF	66
1898	#FFFFFF	66
1899	#FFFFFF	66
1900	#FFFFFF	2901
1901	#FFFFFF	66
1902	#FFFFFF	66
1903	#FFFFFF	3419
1904	#FFFFFF	47
1905	#FFFFFF	3419
1906	#FFFFFF	66
1907	#FFFFFF	66
1908	#FFFFFF	66
1909	#FFFFFF	66
1910	#FFFFFF	66
1911	#FFFFFF	2711
1912	#FFFFFF	66
1913	#FFFFFF	66
1915	#FFFFFF	47
1916	#FFFFFF	1469
1917	#FFFFFF	1469
1918	#FFFFFF	1469
1919	#FFFFFF	1469
1920	#FFFFFF	2640
1921	#FFFFFF	47
1922	#FFFFFF	47
1923	#FFFFFF	1469
1924	#FFFFFF	1469
1925	#FFFFFF	1469
1926	#FFFFFF	3603
1927	#FFFFFF	1469
1928	#FFFFFF	3603
1929	#FFFFFF	27
1930	#FFFFFF	27
1931	#FFFFFF	27
1932	#FFFFFF	27
1933	#FFFFFF	47
1934	#FFFFFF	27
1935	#FFFFFF	27
1936	#FFFFFF	27
1937	#FFFFFF	27
1938	#FFFFFF	27
1939	#FFFFFF	27
1940	#FFFFFF	27
1941	#FFFFFF	27
1942	#FFFFFF	2512
1943	#FFFFFF	676
1944	#FFFFFF	47
1945	#FFFFFF	2512
1946	#FFFFFF	2512
1947	#FFFFFF	66
1948	#FFFFFF	66
1949	#FFFFFF	66
1950	#FFFFFF	2901
1951	#FFFFFF	2901
1952	#FFFFFF	66
1953	#FFFFFF	3419
1954	#FFFFFF	66
1955	#FFFFFF	47
1956	#FFFFFF	66
1957	#FFFFFF	66
1958	#FFFFFF	66
1959	#FFFFFF	66
1960	#FFFFFF	66
1961	#FFFFFF	2711
1962	#FFFFFF	3222
1963	#FFFFFF	66
1964	#FFFFFF	66
1965	#FFFFFF	1469
1966	#FFFFFF	1469
1967	#FFFFFF	1469
1968	#FFFFFF	1469
1969	#FFFFFF	1469
1971	#FFFFFF	2640
1973	#FFFFFF	3603
1974	#FFFFFF	3603
1976	#FFFFFF	3603
1977	#FFFFFF	1469
1978	#FFFFFF	3603
1979	#FFFFFF	27
1980	#FFFFFF	27
1981	#FFFFFF	27
1982	#FFFFFF	27
1983	#FFFFFF	47
1984	#FFFFFF	27
1985	#FFFFFF	1895
1986	#FFFFFF	27
1987	#FFFFFF	27
1988	#FFFFFF	27
1989	#FFFFFF	27
1991	#FFFFFF	2512
1993	#FFFFFF	2512
1994	#FFFFFF	47
1995	#FFFFFF	676
1996	#FFFFFF	676
1997	#FFFFFF	2512
1998	#FFFFFF	66
1999	#FFFFFF	66
2000	#FFFFFF	2901
2001	#FFFFFF	66
2002	#FFFFFF	66
2003	#FFFFFF	3419
2004	#FFFFFF	3419
2005	#FFFFFF	1469
2006	#FFFFFF	66
2007	#FFFFFF	66
2008	#FFFFFF	66
2009	#FFFFFF	66
2010	#FFFFFF	66
2012	#FFFFFF	3222
2013	#FFFFFF	3222
2014	#FFFFFF	984
2016	#FFFFFF	1469
2017	#FFFFFF	1469
2018	#FFFFFF	1469
2019	#FFFFFF	1469
2020	#FFFFFF	1469
2021	#FFFFFF	2640
2022	#FFFFFF	47
2023	#FFFFFF	47
2024	#FFFFFF	3603
2026	#FFFFFF	3603
2027	#FFFFFF	3603
2028	#FFFFFF	1469
2029	#FFFFFF	27
2030	#FFFFFF	27
2031	#FFFFFF	27
2032	#FFFFFF	27
2033	#FFFFFF	27
2034	#FFFFFF	47
2035	#FFFFFF	27
2036	#FFFFFF	1895
2037	#FFFFFF	27
2038	#FFFFFF	27
2039	#FFFFFF	27
2040	#FFFFFF	27
2041	#FFFFFF	2512
2043	#FFFFFF	2512
2044	#FFFFFF	676
2045	#FFFFFF	47
2046	#FFFFFF	676
2047	#FFFFFF	676
2048	#FFFFFF	2512
2049	#FFFFFF	66
2050	#FFFFFF	66
2051	#FFFFFF	66
2052	#FFFFFF	3626
2053	#FFFFFF	66
2054	#FFFFFF	3419
2055	#FFFFFF	3419
2056	#FFFFFF	1469
2057	#FFFFFF	66
2058	#FFFFFF	66
2059	#FFFFFF	66
2060	#FFFFFF	66
2061	#FFFFFF	66
2062	#FFFFFF	66
2063	#FFFFFF	3222
2064	#FFFFFF	984
2065	#FFFFFF	66
2066	#FFFFFF	1469
2067	#FFFFFF	1469
2068	#FFFFFF	1469
2069	#FFFFFF	3603
2070	#FFFFFF	3603
2072	#FFFFFF	2640
2073	#FFFFFF	47
2074	#FFFFFF	3603
2076	#FFFFFF	3603
2077	#FFFFFF	1469
2078	#FFFFFF	1469
2079	#FFFFFF	27
2080	#FFFFFF	27
2081	#FFFFFF	27
2082	#FFFFFF	27
2083	#FFFFFF	27
2084	#FFFFFF	47
2085	#FFFFFF	27
2086	#FFFFFF	1895
2087	#FFFFFF	27
2088	#FFFFFF	27
2089	#FFFFFF	27
2090	#FFFFFF	27
2091	#FFFFFF	27
2092	#FFFFFF	2512
2093	#FFFFFF	27
2094	#FFFFFF	2512
2095	#FFFFFF	47
2096	#FFFFFF	676
2097	#FFFFFF	676
2098	#FFFFFF	676
2099	#FFFFFF	66
2100	#FFFFFF	66
2101	#FFFFFF	66
2102	#FFFFFF	3626
2103	#FFFFFF	3626
2104	#FFFFFF	66
2105	#FFFFFF	3419
2106	#FFFFFF	47
2107	#FFFFFF	66
2108	#FFFFFF	336
2109	#FFFFFF	66
2110	#FFFFFF	336
2111	#FFFFFF	66
2112	#FFFFFF	66
2113	#FFFFFF	3222
2114	#FFFFFF	984
2115	#FFFFFF	984
2117	#FFFFFF	1469
2118	#FFFFFF	1469
2119	#FFFFFF	3603
2120	#FFFFFF	3603
2121	#FFFFFF	47
2123	#FFFFFF	2640
2124	#FFFFFF	47
2126	#FFFFFF	3603
2127	#FFFFFF	1469
2128	#FFFFFF	1469
2129	#FFFFFF	1469
2130	#FFFFFF	1469
2131	#FFFFFF	27
2132	#FFFFFF	27
2133	#FFFFFF	27
2134	#FFFFFF	27
2135	#FFFFFF	47
2136	#FFFFFF	27
2137	#FFFFFF	27
2138	#FFFFFF	27
2139	#FFFFFF	27
2140	#FFFFFF	27
2141	#FFFFFF	27
2142	#FFFFFF	27
2143	#FFFFFF	27
2144	#FFFFFF	27
2146	#FFFFFF	47
2147	#FFFFFF	676
2148	#FFFFFF	676
2149	#FFFFFF	676
2150	#FFFFFF	66
2151	#FFFFFF	66
2152	#FFFFFF	66
2153	#FFFFFF	3626
2154	#FFFFFF	3626
2155	#FFFFFF	66
2156	#FFFFFF	66
2157	#FFFFFF	47
2158	#FFFFFF	336
2159	#FFFFFF	336
2160	#FFFFFF	336
2161	#FFFFFF	1521
2162	#FFFFFF	66
2163	#FFFFFF	3222
2165	#FFFFFF	984
2166	#FFFFFF	984
2167	#FFFFFF	1469
2168	#FFFFFF	1469
2169	#FFFFFF	3603
2170	#FFFFFF	47
2171	#FFFFFF	47
2174	#FFFFFF	47
2175	#FFFFFF	3603
2177	#FFFFFF	1469
2178	#FFFFFF	1469
2179	#FFFFFF	1469
2180	#FFFFFF	1469
2181	#FFFFFF	1469
2182	#FFFFFF	27
2183	#FFFFFF	970
2184	#FFFFFF	970
2185	#FFFFFF	47
2186	#FFFFFF	27
2187	#FFFFFF	27
2188	#FFFFFF	27
2189	#FFFFFF	2024
2190	#FFFFFF	2024
2192	#FFFFFF	27
2193	#FFFFFF	27
2194	#FFFFFF	27
2196	#FFFFFF	234
2197	#FFFFFF	27
2198	#FFFFFF	676
2199	#FFFFFF	676
2200	#FFFFFF	66
2201	#FFFFFF	66
2202	#FFFFFF	66
2203	#FFFFFF	66
2204	#FFFFFF	3626
2205	#FFFFFF	66
2206	#FFFFFF	66
2207	#FFFFFF	47
2208	#FFFFFF	336
2209	#FFFFFF	336
2210	#FFFFFF	336
2211	#FFFFFF	1521
2212	#FFFFFF	1521
2213	#FFFFFF	66
2214	#FFFFFF	3222
2215	#FFFFFF	3222
2216	#FFFFFF	3222
2218	#FFFFFF	47
2219	#FFFFFF	3603
2220	#FFFFFF	3603
2221	#FFFFFF	3603
2222	#FFFFFF	47
2223	#FFFFFF	431
2224	#FFFFFF	2640
2225	#FFFFFF	47
2227	#FFFFFF	3603
2228	#FFFFFF	1469
2229	#FFFFFF	1469
2230	#FFFFFF	1469
2231	#FFFFFF	1469
2232	#FFFFFF	1469
2233	#FFFFFF	1469
2234	#FFFFFF	970
2235	#FFFFFF	970
2236	#FFFFFF	234
2237	#FFFFFF	27
2238	#FFFFFF	27
2239	#FFFFFF	27
2240	#FFFFFF	2024
2241	#FFFFFF	27
2242	#FFFFFF	27
2244	#FFFFFF	27
2245	#FFFFFF	27
2247	#FFFFFF	47
2248	#FFFFFF	676
2249	#FFFFFF	676
2250	#FFFFFF	676
2251	#FFFFFF	27
2252	#FFFFFF	66
2253	#FFFFFF	66
2254	#FFFFFF	66
2255	#FFFFFF	66
2256	#FFFFFF	66
2257	#FFFFFF	66
2258	#FFFFFF	47
2259	#FFFFFF	336
2260	#FFFFFF	336
2261	#FFFFFF	336
2262	#FFFFFF	1521
2263	#FFFFFF	66
2264	#FFFFFF	3222
2265	#FFFFFF	66
2266	#FFFFFF	3222
2267	#FFFFFF	66
2268	#FFFFFF	47
2269	#FFFFFF	3603
2270	#FFFFFF	47
2274	#FFFFFF	47
2275	#FFFFFF	47
2276	#FFFFFF	900
2277	#FFFFFF	134
2278	#FFFFFF	134
2279	#FFFFFF	2343
2280	#FFFFFF	134
2281	#FFFFFF	1801
2283	#FFFFFF	134
2284	#FFFFFF	134
2285	#FFFFFF	134
2286	#FFFFFF	134
2287	#FFFFFF	134
2288	#FFFFFF	134
2289	#FFFFFF	134
2290	#FFFFFF	460
2291	#FFFFFF	460
2292	#FFFFFF	134
2293	#FFFFFF	134
2294	#FFFFFF	134
2295	#FFFFFF	134
2296	#FFFFFF	134
2297	#FFFFFF	134
2298	#FFFFFF	134
2299	#FFFFFF	794
2300	#FFFFFF	794
2301	#FFFFFF	794
2302	#FFFFFF	794
2303	#FFFFFF	794
2305	#FFFFFF	794
2306	#FFFFFF	380
2307	#FFFFFF	794
2308	#FFFFFF	900
2309	#FFFFFF	380
2310	#FFFFFF	794
2311	#FFFFFF	794
2312	#FFFFFF	794
2313	#FFFFFF	794
2314	#FFFFFF	1466
2315	#FFFFFF	1466
2316	#FFFFFF	134
2317	#FFFFFF	1466
2323	#FFFFFF	601
2324	#FFFFFF	47
2325	#FFFFFF	47
2326	#FFFFFF	47
2327	#FFFFFF	134
2328	#FFFFFF	134
2329	#FFFFFF	134
2330	#FFFFFF	134
2331	#FFFFFF	1801
2332	#FFFFFF	1801
2333	#FFFFFF	134
2334	#FFFFFF	134
2335	#FFFFFF	134
2336	#FFFFFF	134
2337	#FFFFFF	134
2338	#FFFFFF	134
2340	#FFFFFF	134
2341	#FFFFFF	460
2342	#FFFFFF	134
2343	#FFFFFF	134
2344	#FFFFFF	134
2345	#FFFFFF	134
2346	#FFFFFF	134
2347	#FFFFFF	134
2348	#FFFFFF	900
2349	#FFFFFF	794
2350	#FFFFFF	794
2351	#FFFFFF	794
2352	#FFFFFF	794
2353	#FFFFFF	794
2355	#FFFFFF	794
2356	#FFFFFF	380
2357	#FFFFFF	794
2358	#FFFFFF	794
2360	#FFFFFF	794
2361	#FFFFFF	794
2362	#FFFFFF	794
2363	#FFFFFF	794
2365	#FFFFFF	1466
2366	#FFFFFF	1466
2367	#FFFFFF	1466
2368	#FFFFFF	1466
2370	#FFFFFF	900
2371	#FFFFFF	601
2372	#FFFFFF	601
2375	#FFFFFF	431
2376	#FFFFFF	47
2378	#FFFFFF	3603
2379	#FFFFFF	1469
2380	#FFFFFF	1469
2381	#FFFFFF	1469
2382	#FFFFFF	1469
2383	#FFFFFF	1469
2384	#FFFFFF	1469
2385	#FFFFFF	1469
2386	#FFFFFF	970
2387	#FFFFFF	234
2388	#FFFFFF	970
2389	#FFFFFF	27
2390	#FFFFFF	27
2391	#FFFFFF	2024
2393	#FFFFFF	2024
2394	#FFFFFF	27
2395	#FFFFFF	27
2396	#FFFFFF	27
2397	#FFFFFF	27
2398	#FFFFFF	234
2400	#FFFFFF	676
2401	#FFFFFF	676
2402	#FFFFFF	27
2403	#FFFFFF	27
2404	#FFFFFF	66
2405	#FFFFFF	27
2406	#FFFFFF	27
2407	#FFFFFF	66
2408	#FFFFFF	66
2409	#FFFFFF	47
2410	#FFFFFF	336
2411	#FFFFFF	336
2412	#FFFFFF	1521
2413	#FFFFFF	1521
2414	#FFFFFF	1521
2415	#FFFFFF	66
2416	#FFFFFF	66
2417	#FFFFFF	66
2418	#FFFFFF	3222
2420	#FFFFFF	47
2421	#FFFFFF	47
2422	#FFFFFF	47
2423	#FFFFFF	47
2424	#FFFFFF	3603
2425	#FFFFFF	431
2426	#FFFFFF	234
2428	#FFFFFF	3603
2429	#FFFFFF	3603
2430	#FFFFFF	1469
2431	#FFFFFF	1469
2432	#FFFFFF	1469
2433	#FFFFFF	1469
2434	#FFFFFF	1469
2435	#FFFFFF	1469
2436	#FFFFFF	970
2437	#FFFFFF	970
2438	#FFFFFF	234
2439	#FFFFFF	2024
2440	#FFFFFF	2024
2441	#FFFFFF	2024
2443	#FFFFFF	2024
2444	#FFFFFF	27
2445	#FFFFFF	27
2446	#FFFFFF	27
2447	#FFFFFF	27
2448	#FFFFFF	27
2449	#FFFFFF	234
2450	#FFFFFF	27
2451	#FFFFFF	676
2452	#FFFFFF	676
2453	#FFFFFF	27
2454	#FFFFFF	27
2455	#FFFFFF	27
2456	#FFFFFF	27
2457	#FFFFFF	66
2458	#FFFFFF	336
2459	#FFFFFF	336
2460	#FFFFFF	47
2461	#FFFFFF	336
2462	#FFFFFF	336
2463	#FFFFFF	1521
2464	#FFFFFF	1521
2465	#FFFFFF	66
2466	#FFFFFF	66
2467	#FFFFFF	66
2468	#FFFFFF	66
2470	#FFFFFF	47
2472	#FFFFFF	47
2476	#FFFFFF	431
2477	#FFFFFF	234
2478	#FFFFFF	47
2479	#FFFFFF	3603
2480	#FFFFFF	3603
2481	#FFFFFF	1469
2482	#FFFFFF	1469
2483	#FFFFFF	1469
2484	#FFFFFF	1469
2485	#FFFFFF	1469
2486	#FFFFFF	1469
2487	#FFFFFF	970
2488	#FFFFFF	3088
2489	#FFFFFF	2024
2490	#FFFFFF	2024
2491	#FFFFFF	2024
2492	#FFFFFF	2024
2494	#FFFFFF	27
2495	#FFFFFF	27
2496	#FFFFFF	27
2497	#FFFFFF	2074
2498	#FFFFFF	27
2499	#FFFFFF	234
2500	#FFFFFF	27
2501	#FFFFFF	27
2502	#FFFFFF	27
2503	#FFFFFF	27
2504	#FFFFFF	27
2505	#FFFFFF	27
2506	#FFFFFF	27
2507	#FFFFFF	2419
2508	#FFFFFF	66
2509	#FFFFFF	336
2510	#FFFFFF	234
2511	#FFFFFF	336
2512	#FFFFFF	1521
2513	#FFFFFF	1521
2514	#FFFFFF	1521
2515	#FFFFFF	66
2516	#FFFFFF	66
2517	#FFFFFF	66
2518	#FFFFFF	66
2519	#FFFFFF	66
2521	#FFFFFF	94
2522	#FFFFFF	47
2523	#FFFFFF	47
2526	#FFFFFF	431
2527	#FFFFFF	431
2528	#FFFFFF	234
2529	#FFFFFF	47
2530	#FFFFFF	47
2531	#FFFFFF	1469
2532	#FFFFFF	1469
2533	#FFFFFF	1469
2534	#FFFFFF	1469
2535	#FFFFFF	1469
2536	#FFFFFF	1469
2537	#FFFFFF	1469
2538	#FFFFFF	970
2539	#FFFFFF	3088
2540	#FFFFFF	2024
2542	#FFFFFF	27
2543	#FFFFFF	27
2544	#FFFFFF	2024
2545	#FFFFFF	27
2546	#FFFFFF	27
2547	#FFFFFF	27
2548	#FFFFFF	2074
2549	#FFFFFF	3414
2550	#FFFFFF	234
2551	#FFFFFF	27
2552	#FFFFFF	27
2553	#FFFFFF	27
2554	#FFFFFF	27
2555	#FFFFFF	27
2556	#FFFFFF	27
2557	#FFFFFF	2419
2558	#FFFFFF	27
2559	#FFFFFF	66
2560	#FFFFFF	336
2561	#FFFFFF	94
2562	#FFFFFF	336
2563	#FFFFFF	1521
2564	#FFFFFF	179
2565	#FFFFFF	66
2566	#FFFFFF	179
2567	#FFFFFF	66
2568	#FFFFFF	66
2569	#FFFFFF	66
2570	#FFFFFF	1966
2571	#FFFFFF	94
2572	#FFFFFF	47
2573	#FFFFFF	94
2574	#FFFFFF	94
2575	#FFFFFF	47
2577	#FFFFFF	234
2578	#FFFFFF	234
2579	#FFFFFF	47
2580	#FFFFFF	47
2581	#FFFFFF	47
2582	#FFFFFF	1469
2583	#FFFFFF	1469
2584	#FFFFFF	1389
2585	#FFFFFF	1469
2586	#FFFFFF	1469
2587	#FFFFFF	1469
2588	#FFFFFF	1469
2589	#FFFFFF	234
2590	#FFFFFF	970
2591	#FFFFFF	2024
2592	#FFFFFF	27
2593	#FFFFFF	27
2594	#FFFFFF	27
2595	#FFFFFF	2024
2596	#FFFFFF	27
2597	#FFFFFF	27
2598	#FFFFFF	2074
2599	#FFFFFF	27
2600	#FFFFFF	234
2601	#FFFFFF	3414
2602	#FFFFFF	27
2603	#FFFFFF	27
2604	#FFFFFF	27
2605	#FFFFFF	27
2606	#FFFFFF	27
2607	#FFFFFF	27
2608	#FFFFFF	27
2609	#FFFFFF	179
2610	#FFFFFF	66
2611	#FFFFFF	234
2612	#FFFFFF	1521
2613	#FFFFFF	1521
2614	#FFFFFF	1521
2615	#FFFFFF	179
2616	#FFFFFF	66
2617	#FFFFFF	179
2618	#FFFFFF	66
2619	#FFFFFF	66
2620	#FFFFFF	66
2622	#FFFFFF	94
2623	#FFFFFF	94
2626	#FFFFFF	47
2627	#FFFFFF	234
2628	#FFFFFF	234
2629	#FFFFFF	234
2630	#FFFFFF	47
2631	#FFFFFF	47
2632	#FFFFFF	1469
2633	#FFFFFF	1469
2634	#FFFFFF	1389
2635	#FFFFFF	1389
2636	#FFFFFF	1469
2637	#FFFFFF	1469
2638	#FFFFFF	1469
2639	#FFFFFF	1469
2640	#FFFFFF	3463
2641	#FFFFFF	970
2642	#FFFFFF	27
2643	#FFFFFF	27
2644	#FFFFFF	27
2645	#FFFFFF	27
2646	#FFFFFF	27
2647	#FFFFFF	27
2648	#FFFFFF	2074
2649	#FFFFFF	2074
2650	#FFFFFF	27
2651	#FFFFFF	234
2652	#FFFFFF	27
2653	#FFFFFF	27
2654	#FFFFFF	27
2655	#FFFFFF	27
2656	#FFFFFF	27
2657	#FFFFFF	27
2658	#FFFFFF	27
2659	#FFFFFF	27
2660	#FFFFFF	179
2661	#FFFFFF	179
2662	#FFFFFF	234
2663	#FFFFFF	1521
2666	#FFFFFF	179
2668	#FFFFFF	179
2669	#FFFFFF	66
2670	#FFFFFF	66
2671	#FFFFFF	66
2672	#FFFFFF	94
2673	#FFFFFF	94
2675	#FFFFFF	94
2676	#FFFFFF	47
2678	#FFFFFF	431
2679	#FFFFFF	431
2680	#FFFFFF	47
2681	#FFFFFF	47
2682	#FFFFFF	1469
2683	#FFFFFF	1469
2684	#FFFFFF	1469
2685	#FFFFFF	1389
2686	#FFFFFF	1389
2687	#FFFFFF	1469
2688	#FFFFFF	1469
2689	#FFFFFF	27
2690	#FFFFFF	234
2691	#FFFFFF	970
2692	#FFFFFF	27
2693	#FFFFFF	27
2694	#FFFFFF	27
2695	#FFFFFF	27
2696	#FFFFFF	27
2697	#FFFFFF	27
2698	#FFFFFF	27
2700	#FFFFFF	27
2701	#FFFFFF	234
2702	#FFFFFF	27
2703	#FFFFFF	27
2704	#FFFFFF	27
2705	#FFFFFF	27
2706	#FFFFFF	27
2707	#FFFFFF	27
2708	#FFFFFF	27
2709	#FFFFFF	27
2710	#FFFFFF	27
2711	#FFFFFF	179
2712	#FFFFFF	234
2713	#FFFFFF	1521
2714	#FFFFFF	1521
2715	#FFFFFF	179
2716	#FFFFFF	1521
2717	#FFFFFF	179
2718	#FFFFFF	66
2719	#FFFFFF	1521
2720	#FFFFFF	66
2721	#FFFFFF	66
2723	#FFFFFF	234
2724	#FFFFFF	94
2726	#FFFFFF	94
2727	#FFFFFF	47
2728	#FFFFFF	431
2729	#FFFFFF	431
2730	#FFFFFF	234
2731	#FFFFFF	47
2732	#FFFFFF	1469
2733	#FFFFFF	1469
2734	#FFFFFF	1469
2735	#FFFFFF	1389
2736	#FFFFFF	1389
2737	#FFFFFF	1469
2738	#FFFFFF	27
2739	#FFFFFF	27
2740	#FFFFFF	970
2741	#FFFFFF	234
2743	#FFFFFF	27
2744	#FFFFFF	27
2745	#FFFFFF	27
2746	#FFFFFF	27
2747	#FFFFFF	27
2748	#FFFFFF	27
2749	#FFFFFF	27
2750	#FFFFFF	27
2751	#FFFFFF	27
2752	#FFFFFF	234
2753	#FFFFFF	27
2754	#FFFFFF	27
2755	#FFFFFF	27
2756	#FFFFFF	27
2757	#FFFFFF	27
2758	#FFFFFF	27
2759	#FFFFFF	27
2760	#FFFFFF	3527
2761	#FFFFFF	179
2762	#FFFFFF	179
2763	#FFFFFF	234
2764	#FFFFFF	179
2765	#FFFFFF	179
2766	#FFFFFF	1521
2768	#FFFFFF	179
2769	#FFFFFF	179
2771	#FFFFFF	66
2772	#FFFFFF	66
2773	#FFFFFF	234
2774	#FFFFFF	94
2775	#FFFFFF	94
2776	#FFFFFF	47
2777	#FFFFFF	47
2779	#FFFFFF	431
2780	#FFFFFF	431
2781	#FFFFFF	47
2782	#FFFFFF	47
2783	#FFFFFF	1469
2784	#FFFFFF	1469
2786	#FFFFFF	1469
2787	#FFFFFF	1469
2788	#FFFFFF	27
2789	#FFFFFF	27
2790	#FFFFFF	970
2791	#FFFFFF	234
2792	#FFFFFF	27
2793	#FFFFFF	27
2794	#FFFFFF	27
2795	#FFFFFF	27
2796	#FFFFFF	27
2797	#FFFFFF	27
2799	#FFFFFF	27
2800	#FFFFFF	27
2801	#FFFFFF	27
2802	#FFFFFF	234
2803	#FFFFFF	27
2804	#FFFFFF	27
2805	#FFFFFF	27
2806	#FFFFFF	27
2807	#FFFFFF	27
2808	#FFFFFF	1260
2809	#FFFFFF	27
2810	#FFFFFF	3527
2811	#FFFFFF	3527
2812	#FFFFFF	3594
2813	#FFFFFF	234
2814	#FFFFFF	179
2815	#FFFFFF	179
2816	#FFFFFF	179
2817	#FFFFFF	179
2819	#FFFFFF	179
2820	#FFFFFF	179
2821	#FFFFFF	1521
2822	#FFFFFF	1521
2824	#FFFFFF	94
2826	#FFFFFF	94
2827	#FFFFFF	94
2828	#FFFFFF	94
2829	#FFFFFF	431
2830	#FFFFFF	431
2831	#FFFFFF	234
2832	#FFFFFF	47
2833	#FFFFFF	1713
2834	#FFFFFF	1469
2835	#FFFFFF	1469
2836	#FFFFFF	1469
2837	#FFFFFF	27
2838	#FFFFFF	27
2839	#FFFFFF	27
2840	#FFFFFF	27
2842	#FFFFFF	234
2843	#FFFFFF	27
2844	#FFFFFF	27
2845	#FFFFFF	27
2846	#FFFFFF	27
2847	#FFFFFF	27
2849	#FFFFFF	27
2850	#FFFFFF	27
2851	#FFFFFF	27
2852	#FFFFFF	27
2853	#FFFFFF	94
2854	#FFFFFF	27
2855	#FFFFFF	27
2856	#FFFFFF	27
2857	#FFFFFF	1260
2858	#FFFFFF	1260
2859	#FFFFFF	1260
2861	#FFFFFF	3593
2863	#FFFFFF	3594
2864	#FFFFFF	234
2866	#FFFFFF	1896
2867	#FFFFFF	179
2868	#FFFFFF	179
2869	#FFFFFF	1521
2870	#FFFFFF	179
2871	#FFFFFF	1521
2872	#FFFFFF	1521
2873	#FFFFFF	1521
2874	#FFFFFF	94
2875	#FFFFFF	94
2876	#FFFFFF	94
2877	#FFFFFF	94
2878	#FFFFFF	47
2880	#FFFFFF	234
2881	#FFFFFF	234
2882	#FFFFFF	1713
2883	#FFFFFF	1713
2884	#FFFFFF	27
2885	#FFFFFF	1469
2886	#FFFFFF	27
2887	#FFFFFF	27
2888	#FFFFFF	27
2889	#FFFFFF	27
2890	#FFFFFF	1469
2891	#FFFFFF	27
2892	#FFFFFF	234
2893	#FFFFFF	27
2894	#FFFFFF	27
2895	#FFFFFF	27
2896	#FFFFFF	27
2897	#FFFFFF	27
2898	#FFFFFF	27
2899	#FFFFFF	27
2900	#FFFFFF	27
2901	#FFFFFF	27
2902	#FFFFFF	2127
2903	#FFFFFF	94
2904	#FFFFFF	27
2905	#FFFFFF	27
2906	#FFFFFF	27
2907	#FFFFFF	1260
2908	#FFFFFF	1260
2909	#FFFFFF	3527
2910	#FFFFFF	3527
2912	#FFFFFF	3593
2913	#FFFFFF	3593
2914	#FFFFFF	234
2915	#FFFFFF	179
2916	#FFFFFF	1896
2918	#FFFFFF	179
2920	#FFFFFF	1521
2921	#FFFFFF	1521
2922	#FFFFFF	179
2925	#FFFFFF	94
2926	#FFFFFF	94
2927	#FFFFFF	94
2928	#FFFFFF	94
2929	#FFFFFF	94
2930	#FFFFFF	431
2931	#FFFFFF	234
2932	#FFFFFF	234
2933	#FFFFFF	1713
2934	#FFFFFF	1713
2935	#FFFFFF	27
2937	#FFFFFF	1469
2938	#FFFFFF	1469
2939	#FFFFFF	27
2940	#FFFFFF	1469
2941	#FFFFFF	27
2942	#FFFFFF	27
2943	#FFFFFF	94
2944	#FFFFFF	27
2945	#FFFFFF	27
2946	#FFFFFF	27
2947	#FFFFFF	27
2948	#FFFFFF	27
2949	#FFFFFF	27
2950	#FFFFFF	27
2951	#FFFFFF	27
2952	#FFFFFF	2127
2953	#FFFFFF	2127
2955	#FFFFFF	1260
2956	#FFFFFF	1260
2957	#FFFFFF	1260
2958	#FFFFFF	1260
2959	#FFFFFF	3527
2960	#FFFFFF	3527
2961	#FFFFFF	3593
2962	#FFFFFF	27
2963	#FFFFFF	3593
2964	#FFFFFF	172
2965	#FFFFFF	94
2966	#FFFFFF	179
2967	#FFFFFF	179
2968	#FFFFFF	179
2969	#FFFFFF	1521
2973	#FFFFFF	179
2974	#FFFFFF	179
2975	#FFFFFF	94
2976	#FFFFFF	94
2977	#FFFFFF	94
2978	#FFFFFF	94
2979	#FFFFFF	234
2981	#FFFFFF	431
2982	#FFFFFF	234
2983	#FFFFFF	1713
2984	#FFFFFF	27
2985	#FFFFFF	1713
2986	#FFFFFF	27
2987	#FFFFFF	1469
2988	#FFFFFF	1469
2989	#FFFFFF	27
2990	#FFFFFF	1469
2991	#FFFFFF	1469
2992	#FFFFFF	1469
2993	#FFFFFF	234
2994	#FFFFFF	27
2995	#FFFFFF	27
2996	#FFFFFF	27
2997	#FFFFFF	27
2998	#FFFFFF	27
2999	#FFFFFF	27
3000	#FFFFFF	27
3001	#FFFFFF	27
3002	#FFFFFF	27
3003	#FFFFFF	27
3004	#FFFFFF	234
3005	#FFFFFF	27
3006	#FFFFFF	1260
3007	#FFFFFF	1260
3008	#FFFFFF	27
3009	#FFFFFF	3527
3010	#FFFFFF	3527
3011	#FFFFFF	3527
3012	#FFFFFF	27
3013	#FFFFFF	27
3014	#FFFFFF	172
3015	#FFFFFF	94
3016	#FFFFFF	172
3017	#FFFFFF	3596
3018	#FFFFFF	179
3019	#FFFFFF	179
3020	#FFFFFF	179
3024	#FFFFFF	179
3026	#FFFFFF	94
3027	#FFFFFF	94
3028	#FFFFFF	94
3029	#FFFFFF	94
3030	#FFFFFF	234
3031	#FFFFFF	234
3032	#FFFFFF	234
3033	#FFFFFF	234
3034	#FFFFFF	1713
3035	#FFFFFF	27
3036	#FFFFFF	27
3037	#FFFFFF	27
3038	#FFFFFF	1469
3039	#FFFFFF	1469
3040	#FFFFFF	27
3041	#FFFFFF	1469
3042	#FFFFFF	1469
3043	#FFFFFF	1469
3044	#FFFFFF	94
3045	#FFFFFF	27
3046	#FFFFFF	27
3047	#FFFFFF	27
3048	#FFFFFF	27
3049	#FFFFFF	27
3050	#FFFFFF	27
3051	#FFFFFF	27
3052	#FFFFFF	27
3053	#FFFFFF	27
3054	#FFFFFF	27
3055	#FFFFFF	234
3056	#FFFFFF	1260
3057	#FFFFFF	1260
3058	#FFFFFF	1260
3059	#FFFFFF	27
3060	#FFFFFF	3527
3061	#FFFFFF	3527
3062	#FFFFFF	179
3063	#FFFFFF	27
3064	#FFFFFF	179
3065	#FFFFFF	172
3066	#FFFFFF	94
3067	#FFFFFF	179
3068	#FFFFFF	179
3069	#FFFFFF	172
3070	#FFFFFF	179
3071	#FFFFFF	179
3072	#FFFFFF	179
3074	#FFFFFF	1521
3075	#FFFFFF	179
3076	#FFFFFF	94
3077	#FFFFFF	94
3078	#FFFFFF	234
3079	#FFFFFF	234
3080	#FFFFFF	234
3082	#FFFFFF	234
3083	#FFFFFF	234
3084	#FFFFFF	234
3085	#FFFFFF	27
3086	#FFFFFF	27
3087	#FFFFFF	27
3088	#FFFFFF	27
3089	#FFFFFF	27
3090	#FFFFFF	1469
3091	#FFFFFF	1469
3092	#FFFFFF	1469
3093	#FFFFFF	1469
3094	#FFFFFF	94
3095	#FFFFFF	27
3096	#FFFFFF	27
3097	#FFFFFF	27
3098	#FFFFFF	27
3099	#FFFFFF	27
3100	#FFFFFF	27
3101	#FFFFFF	27
3102	#FFFFFF	27
3103	#FFFFFF	27
3104	#FFFFFF	27
3106	#FFFFFF	27
3107	#FFFFFF	1260
3108	#FFFFFF	27
3109	#FFFFFF	27
3110	#FFFFFF	3527
3111	#FFFFFF	179
3112	#FFFFFF	179
3113	#FFFFFF	179
3114	#FFFFFF	179
3115	#FFFFFF	172
3116	#FFFFFF	94
3118	#FFFFFF	172
3121	#FFFFFF	179
3122	#FFFFFF	179
3123	#FFFFFF	179
3124	#FFFFFF	1521
3125	#FFFFFF	179
3127	#FFFFFF	234
3128	#FFFFFF	94
3129	#FFFFFF	94
3130	#FFFFFF	234
3131	#FFFFFF	234
3132	#FFFFFF	431
3133	#FFFFFF	234
3134	#FFFFFF	234
3135	#FFFFFF	431
3136	#FFFFFF	27
3137	#FFFFFF	27
3138	#FFFFFF	27
3139	#FFFFFF	27
3140	#FFFFFF	27
3141	#FFFFFF	1469
3142	#FFFFFF	1469
3143	#FFFFFF	27
3144	#FFFFFF	27
3145	#FFFFFF	234
3146	#FFFFFF	27
3147	#FFFFFF	27
3148	#FFFFFF	27
3149	#FFFFFF	27
3150	#FFFFFF	27
3151	#FFFFFF	27
3152	#FFFFFF	27
3153	#FFFFFF	2397
3154	#FFFFFF	27
3155	#FFFFFF	27
3156	#FFFFFF	94
3157	#FFFFFF	27
3158	#FFFFFF	1260
3159	#FFFFFF	27
3160	#FFFFFF	27
3161	#FFFFFF	179
3162	#FFFFFF	179
3163	#FFFFFF	27
3165	#FFFFFF	179
3167	#FFFFFF	94
3168	#FFFFFF	172
3170	#FFFFFF	179
3171	#FFFFFF	172
3172	#FFFFFF	179
3173	#FFFFFF	66
3174	#FFFFFF	1521
3175	#FFFFFF	1521
3177	#FFFFFF	234
3178	#FFFFFF	94
3179	#FFFFFF	234
3180	#FFFFFF	234
3181	#FFFFFF	234
3183	#FFFFFF	234
3184	#FFFFFF	234
3185	#FFFFFF	234
3186	#FFFFFF	431
3187	#FFFFFF	27
3188	#FFFFFF	27
3189	#FFFFFF	27
3190	#FFFFFF	27
3191	#FFFFFF	1469
3192	#FFFFFF	27
3193	#FFFFFF	27
3194	#FFFFFF	27
3196	#FFFFFF	27
3197	#FFFFFF	2058
3198	#FFFFFF	2058
3199	#FFFFFF	27
3200	#FFFFFF	27
3201	#FFFFFF	27
3202	#FFFFFF	27
3203	#FFFFFF	2397
3204	#FFFFFF	2397
3205	#FFFFFF	27
3206	#FFFFFF	94
3207	#FFFFFF	27
3208	#FFFFFF	1260
3209	#FFFFFF	27
3211	#FFFFFF	27
3212	#FFFFFF	27
3213	#FFFFFF	179
3214	#FFFFFF	27
3215	#FFFFFF	179
3216	#FFFFFF	179
3217	#FFFFFF	94
3218	#FFFFFF	172
3219	#FFFFFF	172
3220	#FFFFFF	172
3222	#FFFFFF	66
3223	#FFFFFF	66
3224	#FFFFFF	179
3225	#FFFFFF	179
3226	#FFFFFF	1521
3228	#FFFFFF	94
3229	#FFFFFF	234
3230	#FFFFFF	234
3231	#FFFFFF	234
3232	#FFFFFF	234
3233	#FFFFFF	234
3235	#FFFFFF	234
3236	#FFFFFF	431
3237	#FFFFFF	27
3238	#FFFFFF	27
3239	#FFFFFF	27
3240	#FFFFFF	27
3241	#FFFFFF	27
3242	#FFFFFF	27
3243	#FFFFFF	27
3244	#FFFFFF	27
3245	#FFFFFF	27
3246	#FFFFFF	234
3247	#FFFFFF	2058
3248	#FFFFFF	2058
3249	#FFFFFF	2058
3250	#FFFFFF	27
3251	#FFFFFF	27
3252	#FFFFFF	27
3253	#FFFFFF	431
3254	#FFFFFF	431
3255	#FFFFFF	27
3256	#FFFFFF	27
3257	#FFFFFF	94
3258	#FFFFFF	27
3259	#FFFFFF	27
3260	#FFFFFF	27
3261	#FFFFFF	27
3262	#FFFFFF	27
3263	#FFFFFF	179
3264	#FFFFFF	179
3265	#FFFFFF	27
3266	#FFFFFF	179
3267	#FFFFFF	172
3268	#FFFFFF	234
3269	#FFFFFF	179
3270	#FFFFFF	172
3271	#FFFFFF	172
3272	#FFFFFF	179
3273	#FFFFFF	66
3274	#FFFFFF	179
3276	#FFFFFF	179
3277	#FFFFFF	1521
3278	#FFFFFF	234
3279	#FFFFFF	234
3280	#FFFFFF	234
3281	#FFFFFF	234
3282	#FFFFFF	234
3284	#FFFFFF	234
3285	#FFFFFF	234
3286	#FFFFFF	234
3287	#FFFFFF	431
3288	#FFFFFF	27
3289	#FFFFFF	27
3290	#FFFFFF	27
3291	#FFFFFF	27
3292	#FFFFFF	27
3293	#FFFFFF	27
3294	#FFFFFF	27
3295	#FFFFFF	27
3296	#FFFFFF	234
3297	#FFFFFF	2058
3298	#FFFFFF	27
3299	#FFFFFF	2058
3300	#FFFFFF	27
3301	#FFFFFF	27
3302	#FFFFFF	27
3303	#FFFFFF	27
3304	#FFFFFF	431
3305	#FFFFFF	431
3306	#FFFFFF	27
3307	#FFFFFF	234
3308	#FFFFFF	27
3309	#FFFFFF	27
3310	#FFFFFF	27
3311	#FFFFFF	27
3312	#FFFFFF	27
3313	#FFFFFF	179
3314	#FFFFFF	179
3316	#FFFFFF	27
3317	#FFFFFF	179
3318	#FFFFFF	234
3319	#FFFFFF	179
3320	#FFFFFF	172
3321	#FFFFFF	172
3322	#FFFFFF	172
3323	#FFFFFF	179
3325	#FFFFFF	179
3327	#FFFFFF	66
3329	#FFFFFF	234
3330	#FFFFFF	234
3331	#FFFFFF	234
3332	#FFFFFF	234
3333	#FFFFFF	431
3334	#FFFFFF	234
3336	#FFFFFF	234
3337	#FFFFFF	431
3338	#FFFFFF	27
3339	#FFFFFF	27
3340	#FFFFFF	27
3341	#FFFFFF	27
3342	#FFFFFF	27
3343	#FFFFFF	27
3344	#FFFFFF	27
3346	#FFFFFF	1111
3347	#FFFFFF	234
3348	#FFFFFF	27
3349	#FFFFFF	2058
3350	#FFFFFF	27
3351	#FFFFFF	27
3352	#FFFFFF	27
3353	#FFFFFF	431
3354	#FFFFFF	431
3355	#FFFFFF	431
3356	#FFFFFF	27
3357	#FFFFFF	27
3358	#FFFFFF	234
3359	#FFFFFF	27
3361	#FFFFFF	27
3362	#FFFFFF	27
3364	#FFFFFF	179
3366	#FFFFFF	179
3367	#FFFFFF	27
3368	#FFFFFF	179
3369	#FFFFFF	234
3370	#FFFFFF	179
3372	#FFFFFF	179
3373	#FFFFFF	179
3374	#FFFFFF	179
3375	#FFFFFF	66
3376	#FFFFFF	172
3377	#FFFFFF	66
3378	#FFFFFF	66
3379	#FFFFFF	431
3380	#FFFFFF	431
3381	#FFFFFF	234
3382	#FFFFFF	431
3383	#FFFFFF	234
3385	#FFFFFF	47
3386	#FFFFFF	47
3387	#FFFFFF	601
3388	#FFFFFF	134
3389	#FFFFFF	134
3391	#FFFFFF	134
3392	#FFFFFF	1801
3393	#FFFFFF	1801
3395	#FFFFFF	134
3396	#FFFFFF	134
3397	#FFFFFF	900
3398	#FFFFFF	134
3399	#FFFFFF	134
3401	#FFFFFF	460
3402	#FFFFFF	460
3403	#FFFFFF	134
3404	#FFFFFF	134
3405	#FFFFFF	134
3406	#FFFFFF	134
3407	#FFFFFF	134
3408	#FFFFFF	900
3409	#FFFFFF	794
3410	#FFFFFF	794
3411	#FFFFFF	794
3412	#FFFFFF	794
3413	#FFFFFF	794
3414	#FFFFFF	380
3415	#FFFFFF	794
3416	#FFFFFF	380
3417	#FFFFFF	380
3418	#FFFFFF	794
3419	#FFFFFF	900
3420	#FFFFFF	794
3421	#FFFFFF	794
3422	#FFFFFF	794
3423	#FFFFFF	794
3424	#FFFFFF	794
3425	#FFFFFF	794
3426	#FFFFFF	794
3427	#FFFFFF	1466
3428	#FFFFFF	66
3430	#FFFFFF	601
3432	#FFFFFF	900
3433	#FFFFFF	900
3436	#FFFFFF	47
3437	#FFFFFF	900
3438	#FFFFFF	134
3439	#FFFFFF	134
3440	#FFFFFF	601
3441	#FFFFFF	134
3443	#FFFFFF	1801
3444	#FFFFFF	1801
3445	#FFFFFF	134
3446	#FFFFFF	134
3447	#FFFFFF	134
3448	#FFFFFF	900
3449	#FFFFFF	134
3450	#FFFFFF	134
3451	#FFFFFF	460
3452	#FFFFFF	460
3453	#FFFFFF	134
3454	#FFFFFF	134
3455	#FFFFFF	134
3456	#FFFFFF	134
3457	#FFFFFF	134
3458	#FFFFFF	134
3459	#FFFFFF	2361
3460	#FFFFFF	794
3461	#FFFFFF	794
3462	#FFFFFF	794
3463	#FFFFFF	794
3464	#FFFFFF	380
3465	#FFFFFF	380
3466	#FFFFFF	794
3467	#FFFFFF	794
3468	#FFFFFF	794
3469	#FFFFFF	794
3470	#FFFFFF	601
3471	#FFFFFF	794
3472	#FFFFFF	794
3473	#FFFFFF	794
3474	#FFFFFF	794
3475	#FFFFFF	794
3476	#FFFFFF	794
3477	#FFFFFF	1466
3478	#FFFFFF	66
3479	#FFFFFF	66
3480	#FFFFFF	134
3481	#FFFFFF	134
3482	#FFFFFF	900
3483	#FFFFFF	900
3484	#FFFFFF	601
3486	#FFFFFF	234
3487	#FFFFFF	234
3488	#FFFFFF	431
3489	#FFFFFF	27
3490	#FFFFFF	27
3491	#FFFFFF	27
3492	#FFFFFF	27
3493	#FFFFFF	27
3494	#FFFFFF	27
3495	#FFFFFF	27
3496	#FFFFFF	1111
3498	#FFFFFF	431
3499	#FFFFFF	27
3500	#FFFFFF	27
3501	#FFFFFF	27
3502	#FFFFFF	708
3503	#FFFFFF	27
3504	#FFFFFF	431
3505	#FFFFFF	431
3506	#FFFFFF	431
3507	#FFFFFF	431
3508	#FFFFFF	431
3509	#FFFFFF	234
3511	#FFFFFF	1307
3512	#FFFFFF	27
3513	#FFFFFF	27
3514	#FFFFFF	179
3517	#FFFFFF	179
3518	#FFFFFF	179
3519	#FFFFFF	179
3520	#FFFFFF	234
3521	#FFFFFF	179
3522	#FFFFFF	179
3524	#FFFFFF	179
3525	#FFFFFF	172
3526	#FFFFFF	179
3528	#FFFFFF	66
3529	#FFFFFF	66
3531	#FFFFFF	234
3532	#FFFFFF	431
3533	#FFFFFF	234
3534	#FFFFFF	431
3535	#FFFFFF	431
3536	#FFFFFF	234
3537	#FFFFFF	234
3538	#FFFFFF	234
3539	#FFFFFF	27
3540	#FFFFFF	431
3541	#FFFFFF	27
3542	#FFFFFF	241
3544	#FFFFFF	27
3545	#FFFFFF	2725
3546	#FFFFFF	2725
3547	#FFFFFF	1111
3548	#FFFFFF	27
3549	#FFFFFF	431
3550	#FFFFFF	27
3551	#FFFFFF	27
3552	#FFFFFF	708
3553	#FFFFFF	708
3554	#FFFFFF	708
3555	#FFFFFF	708
3556	#FFFFFF	431
3557	#FFFFFF	431
3558	#FFFFFF	431
3559	#FFFFFF	27
3560	#FFFFFF	234
3561	#FFFFFF	27
3562	#FFFFFF	1307
3564	#FFFFFF	179
3565	#FFFFFF	179
3566	#FFFFFF	27
3567	#FFFFFF	179
3568	#FFFFFF	179
3569	#FFFFFF	27
3571	#FFFFFF	234
3572	#FFFFFF	179
3573	#FFFFFF	179
3574	#FFFFFF	172
3575	#FFFFFF	179
3576	#FFFFFF	172
3578	#FFFFFF	66
3579	#FFFFFF	66
3580	#FFFFFF	66
3581	#FFFFFF	234
3582	#FFFFFF	431
3583	#FFFFFF	431
3584	#FFFFFF	431
3585	#FFFFFF	431
3587	#FFFFFF	234
3588	#FFFFFF	431
3589	#FFFFFF	431
3590	#FFFFFF	431
3591	#FFFFFF	241
3592	#FFFFFF	241
3593	#FFFFFF	241
3594	#FFFFFF	27
3595	#FFFFFF	2725
3596	#FFFFFF	2725
3597	#FFFFFF	1111
3598	#FFFFFF	27
3599	#FFFFFF	431
3600	#FFFFFF	27
3601	#FFFFFF	27
3602	#FFFFFF	27
3603	#FFFFFF	708
3604	#FFFFFF	708
3605	#FFFFFF	708
3606	#FFFFFF	708
3607	#FFFFFF	431
3608	#FFFFFF	431
3609	#FFFFFF	27
3610	#FFFFFF	431
3612	#FFFFFF	1307
3613	#FFFFFF	1307
3614	#FFFFFF	27
3616	#FFFFFF	510
3618	#FFFFFF	179
3619	#FFFFFF	27
3620	#FFFFFF	27
3621	#FFFFFF	431
3622	#FFFFFF	179
3625	#FFFFFF	172
3626	#FFFFFF	172
3628	#FFFFFF	66
3629	#FFFFFF	3520
3630	#FFFFFF	66
3632	#FFFFFF	234
3633	#FFFFFF	234
3634	#FFFFFF	431
3635	#FFFFFF	431
3636	#FFFFFF	431
3637	#FFFFFF	234
3638	#FFFFFF	234
3639	#FFFFFF	431
3640	#FFFFFF	431
3641	#FFFFFF	431
3642	#FFFFFF	241
3643	#FFFFFF	431
3644	#FFFFFF	241
3645	#FFFFFF	241
3646	#FFFFFF	241
3647	#FFFFFF	1111
3648	#FFFFFF	27
3649	#FFFFFF	27
3650	#FFFFFF	431
3651	#FFFFFF	27
3652	#FFFFFF	708
3653	#FFFFFF	708
3654	#FFFFFF	431
3655	#FFFFFF	431
3656	#FFFFFF	431
3657	#FFFFFF	708
3658	#FFFFFF	431
3659	#FFFFFF	431
3660	#FFFFFF	27
3661	#FFFFFF	431
3662	#FFFFFF	27
3663	#FFFFFF	27
3664	#FFFFFF	1307
3665	#FFFFFF	27
3666	#FFFFFF	179
3667	#FFFFFF	510
3668	#FFFFFF	27
3669	#FFFFFF	179
3672	#FFFFFF	431
3673	#FFFFFF	179
3675	#FFFFFF	898
3676	#FFFFFF	172
3677	#FFFFFF	172
3678	#FFFFFF	66
3679	#FFFFFF	3520
3680	#FFFFFF	66
3681	#FFFFFF	66
3682	#FFFFFF	431
3683	#FFFFFF	431
3684	#FFFFFF	431
3685	#FFFFFF	431
3686	#FFFFFF	431
3688	#FFFFFF	234
3689	#FFFFFF	431
3690	#FFFFFF	431
3691	#FFFFFF	431
3692	#FFFFFF	431
3693	#FFFFFF	431
3694	#FFFFFF	241
3695	#FFFFFF	241
3696	#FFFFFF	241
3697	#FFFFFF	431
3698	#FFFFFF	1111
3699	#FFFFFF	27
3700	#FFFFFF	431
3701	#FFFFFF	27
3703	#FFFFFF	708
3704	#FFFFFF	708
3705	#FFFFFF	431
3706	#FFFFFF	431
3707	#FFFFFF	708
3708	#FFFFFF	431
3709	#FFFFFF	431
3710	#FFFFFF	27
3711	#FFFFFF	431
3712	#FFFFFF	27
3714	#FFFFFF	27
3715	#FFFFFF	510
3717	#FFFFFF	510
3718	#FFFFFF	179
3721	#FFFFFF	179
3722	#FFFFFF	431
3723	#FFFFFF	179
3724	#FFFFFF	179
3725	#FFFFFF	179
3726	#FFFFFF	898
3727	#FFFFFF	172
3729	#FFFFFF	66
3730	#FFFFFF	3520
3731	#FFFFFF	66
3733	#FFFFFF	431
3734	#FFFFFF	431
3735	#FFFFFF	431
3736	#FFFFFF	431
3737	#FFFFFF	431
3738	#FFFFFF	234
3739	#FFFFFF	234
3740	#FFFFFF	431
3741	#FFFFFF	431
3743	#FFFFFF	431
3744	#FFFFFF	431
3745	#FFFFFF	241
3746	#FFFFFF	431
3747	#FFFFFF	431
3748	#FFFFFF	431
3749	#FFFFFF	1111
3750	#FFFFFF	27
3751	#FFFFFF	431
3752	#FFFFFF	27
3753	#FFFFFF	708
3754	#FFFFFF	431
3755	#FFFFFF	431
3756	#FFFFFF	431
3757	#FFFFFF	431
3758	#FFFFFF	431
3760	#FFFFFF	431
3761	#FFFFFF	27
3762	#FFFFFF	431
3763	#FFFFFF	27
3764	#FFFFFF	27
3765	#FFFFFF	510
3769	#FFFFFF	179
3770	#FFFFFF	27
3771	#FFFFFF	179
3772	#FFFFFF	401
3773	#FFFFFF	431
3775	#FFFFFF	179
3776	#FFFFFF	898
3778	#FFFFFF	66
3779	#FFFFFF	66
3780	#FFFFFF	3520
3781	#FFFFFF	66
3782	#FFFFFF	898
3783	#FFFFFF	431
3784	#FFFFFF	431
3785	#FFFFFF	431
3786	#FFFFFF	431
3787	#FFFFFF	431
3789	#FFFFFF	431
3790	#FFFFFF	234
3791	#FFFFFF	431
3792	#FFFFFF	241
3793	#FFFFFF	241
3794	#FFFFFF	431
3795	#FFFFFF	241
3796	#FFFFFF	431
3797	#FFFFFF	431
3798	#FFFFFF	431
3799	#FFFFFF	431
3800	#FFFFFF	1111
3801	#FFFFFF	431
3802	#FFFFFF	431
3803	#FFFFFF	431
3804	#FFFFFF	708
3805	#FFFFFF	431
3806	#FFFFFF	431
3807	#FFFFFF	431
3808	#FFFFFF	431
3809	#FFFFFF	431
3810	#FFFFFF	27
3811	#FFFFFF	27
3812	#FFFFFF	431
3813	#FFFFFF	27
3814	#FFFFFF	27
3815	#FFFFFF	510
3817	#FFFFFF	510
3819	#FFFFFF	510
3820	#FFFFFF	27
3821	#FFFFFF	179
3822	#FFFFFF	401
3823	#FFFFFF	431
3824	#FFFFFF	401
3826	#FFFFFF	179
3827	#FFFFFF	179
3828	#FFFFFF	898
3829	#FFFFFF	66
3831	#FFFFFF	66
3832	#FFFFFF	898
3834	#FFFFFF	431
3835	#FFFFFF	431
3836	#FFFFFF	431
3837	#FFFFFF	431
3838	#FFFFFF	3656
3839	#FFFFFF	431
3840	#FFFFFF	431
3841	#FFFFFF	431
3843	#FFFFFF	241
3844	#FFFFFF	431
3845	#FFFFFF	241
3846	#FFFFFF	241
3847	#FFFFFF	241
3848	#FFFFFF	431
3849	#FFFFFF	431
3850	#FFFFFF	431
3851	#FFFFFF	1111
3852	#FFFFFF	431
3853	#FFFFFF	431
3854	#FFFFFF	708
3856	#FFFFFF	431
3857	#FFFFFF	431
3858	#FFFFFF	431
3859	#FFFFFF	431
3861	#FFFFFF	27
3862	#FFFFFF	27
3863	#FFFFFF	431
3864	#FFFFFF	27
3865	#FFFFFF	27
3866	#FFFFFF	27
3868	#FFFFFF	510
3869	#FFFFFF	510
3870	#FFFFFF	510
3873	#FFFFFF	179
3874	#FFFFFF	431
3877	#FFFFFF	179
3878	#FFFFFF	898
3879	#FFFFFF	898
3880	#FFFFFF	66
3881	#FFFFFF	66
3882	#FFFFFF	66
3883	#FFFFFF	898
3884	#FFFFFF	431
3885	#FFFFFF	431
3886	#FFFFFF	431
3887	#FFFFFF	431
3888	#FFFFFF	431
3890	#FFFFFF	431
3891	#FFFFFF	431
3892	#FFFFFF	241
3893	#FFFFFF	241
3894	#FFFFFF	241
3895	#FFFFFF	431
3896	#FFFFFF	241
3897	#FFFFFF	241
3898	#FFFFFF	431
3899	#FFFFFF	431
3900	#FFFFFF	431
3901	#FFFFFF	431
3902	#FFFFFF	431
3903	#FFFFFF	431
3904	#FFFFFF	708
3905	#FFFFFF	431
3907	#FFFFFF	431
3908	#FFFFFF	431
3909	#FFFFFF	431
3910	#FFFFFF	431
3911	#FFFFFF	431
3912	#FFFFFF	27
3913	#FFFFFF	431
3914	#FFFFFF	27
3916	#FFFFFF	27
3917	#FFFFFF	27
3918	#FFFFFF	510
3919	#FFFFFF	510
3920	#FFFFFF	510
3921	#FFFFFF	179
3922	#FFFFFF	179
3924	#FFFFFF	431
3925	#FFFFFF	179
3927	#FFFFFF	179
3928	#FFFFFF	179
3929	#FFFFFF	898
3930	#FFFFFF	898
3931	#FFFFFF	66
3932	#FFFFFF	898
3933	#FFFFFF	66
3935	#FFFFFF	431
3936	#FFFFFF	431
3937	#FFFFFF	431
3938	#FFFFFF	431
3939	#FFFFFF	241
3940	#FFFFFF	431
3941	#FFFFFF	2440
3942	#FFFFFF	431
3943	#FFFFFF	241
3944	#FFFFFF	431
3945	#FFFFFF	241
3946	#FFFFFF	241
3947	#FFFFFF	431
3948	#FFFFFF	241
3949	#FFFFFF	431
3950	#FFFFFF	431
3951	#FFFFFF	431
3953	#FFFFFF	431
3954	#FFFFFF	708
3955	#FFFFFF	431
3956	#FFFFFF	431
3957	#FFFFFF	431
3958	#FFFFFF	708
3959	#FFFFFF	431
3961	#FFFFFF	431
3962	#FFFFFF	27
3964	#FFFFFF	431
3965	#FFFFFF	27
3966	#FFFFFF	483
3967	#FFFFFF	27
3969	#FFFFFF	179
3970	#FFFFFF	510
3973	#FFFFFF	179
3974	#FFFFFF	179
3975	#FFFFFF	431
3978	#FFFFFF	179
3979	#FFFFFF	898
3980	#FFFFFF	898
3981	#FFFFFF	66
3982	#FFFFFF	898
3983	#FFFFFF	66
3984	#FFFFFF	2404
3985	#FFFFFF	431
3986	#FFFFFF	431
3987	#FFFFFF	431
3988	#FFFFFF	241
3989	#FFFFFF	241
3991	#FFFFFF	431
3992	#FFFFFF	2440
3993	#FFFFFF	241
3994	#FFFFFF	241
3995	#FFFFFF	431
3996	#FFFFFF	241
3997	#FFFFFF	241
3998	#FFFFFF	431
3999	#FFFFFF	241
4000	#FFFFFF	431
4001	#FFFFFF	431
4002	#FFFFFF	431
4003	#FFFFFF	2440
4004	#FFFFFF	431
4005	#FFFFFF	708
4006	#FFFFFF	431
4007	#FFFFFF	708
4008	#FFFFFF	708
4009	#FFFFFF	708
4010	#FFFFFF	431
4011	#FFFFFF	431
4012	#FFFFFF	27
4013	#FFFFFF	27
4014	#FFFFFF	2440
4015	#FFFFFF	483
4016	#FFFFFF	483
4017	#FFFFFF	483
4018	#FFFFFF	483
4019	#FFFFFF	27
4020	#FFFFFF	179
4021	#FFFFFF	179
4022	#FFFFFF	510
4023	#FFFFFF	179
4024	#FFFFFF	510
4025	#FFFFFF	431
4027	#FFFFFF	179
4028	#FFFFFF	401
4029	#FFFFFF	898
4030	#FFFFFF	898
4031	#FFFFFF	66
4032	#FFFFFF	898
4033	#FFFFFF	898
4034	#FFFFFF	898
4036	#FFFFFF	431
4037	#FFFFFF	431
4038	#FFFFFF	431
4039	#FFFFFF	241
4040	#FFFFFF	241
4042	#FFFFFF	47
4043	#FFFFFF	47
4044	#FFFFFF	601
4045	#FFFFFF	134
4046	#FFFFFF	601
4047	#FFFFFF	134
4049	#FFFFFF	134
4052	#FFFFFF	134
4053	#FFFFFF	1801
4055	#FFFFFF	460
4056	#FFFFFF	134
4057	#FFFFFF	460
4058	#FFFFFF	460
4059	#FFFFFF	134
4060	#FFFFFF	134
4061	#FFFFFF	134
4062	#FFFFFF	134
4063	#FFFFFF	134
4064	#FFFFFF	134
4065	#FFFFFF	2361
4066	#FFFFFF	134
4067	#FFFFFF	794
4068	#FFFFFF	794
4069	#FFFFFF	794
4070	#FFFFFF	794
4071	#FFFFFF	380
4072	#FFFFFF	380
4073	#FFFFFF	380
4074	#FFFFFF	794
4075	#FFFFFF	2217
4076	#FFFFFF	900
4077	#FFFFFF	794
4078	#FFFFFF	794
4079	#FFFFFF	794
4080	#FFFFFF	1827
4081	#FFFFFF	794
4082	#FFFFFF	794
4083	#FFFFFF	66
4084	#FFFFFF	1466
4085	#FFFFFF	66
4088	#FFFFFF	134
4089	#FFFFFF	134
4090	#FFFFFF	900
4091	#FFFFFF	900
4092	#FFFFFF	47
4093	#FFFFFF	47
4094	#FFFFFF	900
4095	#FFFFFF	601
4096	#FFFFFF	601
4097	#FFFFFF	1801
4099	#FFFFFF	134
4100	#FFFFFF	1801
4101	#FFFFFF	1801
4102	#FFFFFF	1801
4103	#FFFFFF	1801
4104	#FFFFFF	134
4105	#FFFFFF	900
4106	#FFFFFF	460
4107	#FFFFFF	460
4108	#FFFFFF	460
4109	#FFFFFF	460
4110	#FFFFFF	134
4111	#FFFFFF	460
4112	#FFFFFF	460
4113	#FFFFFF	460
4114	#FFFFFF	134
4115	#FFFFFF	134
4116	#FFFFFF	2361
4117	#FFFFFF	134
4118	#FFFFFF	794
4119	#FFFFFF	794
4120	#FFFFFF	134
4121	#FFFFFF	380
4122	#FFFFFF	794
4123	#FFFFFF	380
4124	#FFFFFF	380
4125	#FFFFFF	794
4126	#FFFFFF	2217
4127	#FFFFFF	900
4128	#FFFFFF	794
4129	#FFFFFF	1827
4130	#FFFFFF	1827
4131	#FFFFFF	1827
4132	#FFFFFF	794
4133	#FFFFFF	66
4134	#FFFFFF	66
4135	#FFFFFF	1466
4136	#FFFFFF	1466
4138	#FFFFFF	601
4139	#FFFFFF	134
4140	#FFFFFF	134
4141	#FFFFFF	900
4144	#FFFFFF	900
4145	#FFFFFF	900
4146	#FFFFFF	601
4148	#FFFFFF	1801
4149	#FFFFFF	1801
4150	#FFFFFF	1884
4152	#FFFFFF	1801
4156	#FFFFFF	134
4157	#FFFFFF	460
4158	#FFFFFF	460
4159	#FFFFFF	134
4160	#FFFFFF	460
4161	#FFFFFF	460
4162	#FFFFFF	460
4163	#FFFFFF	460
4164	#FFFFFF	460
4165	#FFFFFF	134
4166	#FFFFFF	2361
4167	#FFFFFF	134
4168	#FFFFFF	794
4169	#FFFFFF	794
4170	#FFFFFF	134
4171	#FFFFFF	794
4172	#FFFFFF	380
4173	#FFFFFF	794
4174	#FFFFFF	380
4175	#FFFFFF	794
4176	#FFFFFF	794
4177	#FFFFFF	900
4178	#FFFFFF	794
4179	#FFFFFF	794
4181	#FFFFFF	1827
4182	#FFFFFF	1827
4183	#FFFFFF	66
4184	#FFFFFF	66
4185	#FFFFFF	1466
4186	#FFFFFF	1466
4188	#FFFFFF	134
4189	#FFFFFF	601
4190	#FFFFFF	900
4192	#FFFFFF	3091
4193	#FFFFFF	47
4194	#FFFFFF	900
4196	#FFFFFF	601
4198	#FFFFFF	1801
4199	#FFFFFF	1801
4200	#FFFFFF	1884
4201	#FFFFFF	1801
4203	#FFFFFF	1801
4204	#FFFFFF	134
4205	#FFFFFF	3020
4207	#FFFFFF	134
4208	#FFFFFF	134
4209	#FFFFFF	134
4210	#FFFFFF	134
4211	#FFFFFF	460
4212	#FFFFFF	460
4213	#FFFFFF	460
4214	#FFFFFF	460
4215	#FFFFFF	134
4216	#FFFFFF	134
4217	#FFFFFF	900
4218	#FFFFFF	134
4222	#FFFFFF	794
4223	#FFFFFF	794
4224	#FFFFFF	380
4225	#FFFFFF	380
4226	#FFFFFF	380
4227	#FFFFFF	794
4228	#FFFFFF	900
4229	#FFFFFF	794
4230	#FFFFFF	1827
4231	#FFFFFF	1827
4232	#FFFFFF	1827
4233	#FFFFFF	66
4234	#FFFFFF	66
4235	#FFFFFF	1466
4236	#FFFFFF	1466
4238	#FFFFFF	900
4239	#FFFFFF	900
4240	#FFFFFF	134
4241	#FFFFFF	134
4242	#FFFFFF	3091
4244	#FFFFFF	47
4245	#FFFFFF	1643
4246	#FFFFFF	1801
4247	#FFFFFF	1801
4250	#FFFFFF	1884
4251	#FFFFFF	1884
4252	#FFFFFF	1801
4255	#FFFFFF	3020
4256	#FFFFFF	2361
4257	#FFFFFF	3020
4258	#FFFFFF	134
4259	#FFFFFF	134
4260	#FFFFFF	134
4261	#FFFFFF	460
4262	#FFFFFF	460
4263	#FFFFFF	460
4264	#FFFFFF	460
4265	#FFFFFF	134
4266	#FFFFFF	134
4267	#FFFFFF	900
4268	#FFFFFF	134
4269	#FFFFFF	794
4271	#FFFFFF	794
4272	#FFFFFF	134
4273	#FFFFFF	794
4274	#FFFFFF	794
4275	#FFFFFF	380
4276	#FFFFFF	380
4277	#FFFFFF	794
4279	#FFFFFF	794
4280	#FFFFFF	1827
4281	#FFFFFF	794
4282	#FFFFFF	794
4283	#FFFFFF	66
4284	#FFFFFF	66
4285	#FFFFFF	66
4286	#FFFFFF	1942
4287	#FFFFFF	66
4289	#FFFFFF	900
4291	#FFFFFF	134
4292	#FFFFFF	134
4293	#FFFFFF	134
4294	#FFFFFF	47
4296	#FFFFFF	900
4297	#FFFFFF	1801
4298	#FFFFFF	1801
4299	#FFFFFF	601
4300	#FFFFFF	1801
4302	#FFFFFF	1801
4303	#FFFFFF	3020
4304	#FFFFFF	1801
4306	#FFFFFF	134
4307	#FFFFFF	900
4308	#FFFFFF	134
4309	#FFFFFF	134
4310	#FFFFFF	460
4311	#FFFFFF	460
4312	#FFFFFF	134
4313	#FFFFFF	460
4314	#FFFFFF	460
4315	#FFFFFF	134
4316	#FFFFFF	134
4317	#FFFFFF	134
4318	#FFFFFF	900
4319	#FFFFFF	134
4320	#FFFFFF	134
4321	#FFFFFF	134
4322	#FFFFFF	794
4323	#FFFFFF	794
4324	#FFFFFF	66
4325	#FFFFFF	794
4326	#FFFFFF	380
4327	#FFFFFF	380
4328	#FFFFFF	794
4329	#FFFFFF	900
4330	#FFFFFF	1827
4331	#FFFFFF	794
4332	#FFFFFF	794
4333	#FFFFFF	66
4334	#FFFFFF	66
4335	#FFFFFF	66
4336	#FFFFFF	1942
4338	#FFFFFF	1942
4339	#FFFFFF	900
4340	#FFFFFF	134
4341	#FFFFFF	134
4342	#FFFFFF	134
4343	#FFFFFF	134
4345	#FFFFFF	1643
4347	#FFFFFF	1801
4349	#FFFFFF	1801
4351	#FFFFFF	1801
4353	#FFFFFF	1801
4354	#FFFFFF	3020
4356	#FFFFFF	1801
4358	#FFFFFF	134
4359	#FFFFFF	134
4360	#FFFFFF	134
4361	#FFFFFF	460
4362	#FFFFFF	134
4363	#FFFFFF	134
4364	#FFFFFF	460
4365	#FFFFFF	460
4366	#FFFFFF	134
4367	#FFFFFF	134
4369	#FFFFFF	134
4371	#FFFFFF	134
4372	#FFFFFF	134
4373	#FFFFFF	794
4374	#FFFFFF	794
4375	#FFFFFF	66
4376	#FFFFFF	794
4377	#FFFFFF	794
4378	#FFFFFF	794
4379	#FFFFFF	900
4380	#FFFFFF	794
4381	#FFFFFF	794
4382	#FFFFFF	794
4383	#FFFFFF	794
4384	#FFFFFF	794
4385	#FFFFFF	66
4386	#FFFFFF	1942
4387	#FFFFFF	66
4388	#FFFFFF	1942
4390	#FFFFFF	900
4391	#FFFFFF	134
4392	#FFFFFF	1764
4393	#FFFFFF	1764
4394	#FFFFFF	134
4396	#FFFFFF	1643
4398	#FFFFFF	1764
4400	#FFFFFF	1764
4401	#FFFFFF	1801
4403	#FFFFFF	1801
4404	#FFFFFF	1801
4405	#FFFFFF	3020
4407	#FFFFFF	1801
4408	#FFFFFF	900
4409	#FFFFFF	3020
4410	#FFFFFF	3020
4411	#FFFFFF	134
4412	#FFFFFF	134
4413	#FFFFFF	134
4414	#FFFFFF	460
4415	#FFFFFF	134
4416	#FFFFFF	134
4417	#FFFFFF	134
4418	#FFFFFF	134
4419	#FFFFFF	900
4420	#FFFFFF	134
4421	#FFFFFF	134
4422	#FFFFFF	134
4423	#FFFFFF	794
4424	#FFFFFF	794
4425	#FFFFFF	66
4426	#FFFFFF	66
4427	#FFFFFF	794
4428	#FFFFFF	794
4429	#FFFFFF	794
4430	#FFFFFF	900
4431	#FFFFFF	66
4432	#FFFFFF	794
4433	#FFFFFF	794
4434	#FFFFFF	794
4435	#FFFFFF	794
4436	#FFFFFF	66
4437	#FFFFFF	1942
4438	#FFFFFF	66
4439	#FFFFFF	819
4440	#FFFFFF	900
4441	#FFFFFF	1764
4442	#FFFFFF	1764
4443	#FFFFFF	134
4444	#FFFFFF	134
4446	#FFFFFF	1643
4447	#FFFFFF	900
4448	#FFFFFF	691
4449	#FFFFFF	1764
4450	#FFFFFF	1764
4451	#FFFFFF	1764
4452	#FFFFFF	1764
4453	#FFFFFF	1801
4455	#FFFFFF	3020
4457	#FFFFFF	3020
4459	#FFFFFF	3020
4460	#FFFFFF	3020
4461	#FFFFFF	3020
4462	#FFFFFF	134
4463	#FFFFFF	134
4464	#FFFFFF	134
4465	#FFFFFF	134
4466	#FFFFFF	134
4467	#FFFFFF	134
4468	#FFFFFF	134
4469	#FFFFFF	1643
4472	#FFFFFF	134
4473	#FFFFFF	134
4474	#FFFFFF	134
4475	#FFFFFF	66
4476	#FFFFFF	66
4477	#FFFFFF	794
4478	#FFFFFF	794
4479	#FFFFFF	794
4480	#FFFFFF	900
4482	#FFFFFF	794
4483	#FFFFFF	794
4484	#FFFFFF	794
4485	#FFFFFF	66
4486	#FFFFFF	66
4487	#FFFFFF	1942
4488	#FFFFFF	66
4489	#FFFFFF	819
4491	#FFFFFF	900
4492	#FFFFFF	691
4493	#FFFFFF	1764
4494	#FFFFFF	1764
4495	#FFFFFF	691
4496	#FFFFFF	1643
4497	#FFFFFF	1643
4499	#FFFFFF	1764
4500	#FFFFFF	1764
4501	#FFFFFF	1764
4503	#FFFFFF	1801
4504	#FFFFFF	1801
4505	#FFFFFF	3020
4506	#FFFFFF	3020
4507	#FFFFFF	3020
4510	#FFFFFF	787
4511	#FFFFFF	787
4512	#FFFFFF	787
4513	#FFFFFF	134
4514	#FFFFFF	134
4515	#FFFFFF	134
4516	#FFFFFF	134
4517	#FFFFFF	578
4518	#FFFFFF	578
4520	#FFFFFF	900
4522	#FFFFFF	134
4523	#FFFFFF	134
4524	#FFFFFF	134
4525	#FFFFFF	134
4526	#FFFFFF	66
4527	#FFFFFF	66
4528	#FFFFFF	66
4529	#FFFFFF	794
4530	#FFFFFF	66
4531	#FFFFFF	691
4532	#FFFFFF	794
4533	#FFFFFF	794
4534	#FFFFFF	794
4535	#FFFFFF	794
4536	#FFFFFF	66
4537	#FFFFFF	1942
4538	#FFFFFF	66
4539	#FFFFFF	66
4541	#FFFFFF	691
4542	#FFFFFF	691
4543	#FFFFFF	691
4545	#FFFFFF	691
4547	#FFFFFF	3134
4548	#FFFFFF	3134
4549	#FFFFFF	134
4550	#FFFFFF	134
4551	#FFFFFF	900
4552	#FFFFFF	900
4553	#FFFFFF	134
4554	#FFFFFF	134
4555	#FFFFFF	134
4556	#FFFFFF	134
4557	#FFFFFF	134
4558	#FFFFFF	134
4559	#FFFFFF	134
4560	#FFFFFF	134
4561	#FFFFFF	134
4562	#FFFFFF	134
4563	#FFFFFF	134
4564	#FFFFFF	134
4565	#FFFFFF	3615
4566	#FFFFFF	3065
4567	#FFFFFF	134
4568	#FFFFFF	700
4569	#FFFFFF	134
4570	#FFFFFF	134
4571	#FFFFFF	134
4572	#FFFFFF	134
4573	#FFFFFF	794
4574	#FFFFFF	794
4575	#FFFFFF	794
4576	#FFFFFF	794
4577	#FFFFFF	794
4578	#FFFFFF	380
4579	#FFFFFF	794
4580	#FFFFFF	380
4581	#FFFFFF	134
4582	#FFFFFF	380
4583	#FFFFFF	794
4584	#FFFFFF	794
4585	#FFFFFF	794
4586	#FFFFFF	794
4587	#FFFFFF	134
4588	#FFFFFF	134
4589	#FFFFFF	2071
4590	#FFFFFF	134
4592	#FFFFFF	134
4593	#FFFFFF	601
4594	#FFFFFF	900
4596	#FFFFFF	900
4597	#FFFFFF	1693
4598	#FFFFFF	1693
4599	#FFFFFF	3134
4601	#FFFFFF	134
4602	#FFFFFF	134
4603	#FFFFFF	900
4604	#FFFFFF	134
4605	#FFFFFF	134
4606	#FFFFFF	134
4607	#FFFFFF	134
4608	#FFFFFF	134
4609	#FFFFFF	134
4610	#FFFFFF	1693
4611	#FFFFFF	134
4612	#FFFFFF	134
4614	#FFFFFF	134
4615	#FFFFFF	3615
4617	#FFFFFF	134
4618	#FFFFFF	700
4619	#FFFFFF	700
4622	#FFFFFF	134
4623	#FFFFFF	794
4624	#FFFFFF	134
4625	#FFFFFF	794
4626	#FFFFFF	794
4627	#FFFFFF	794
4628	#FFFFFF	380
4629	#FFFFFF	380
4630	#FFFFFF	794
4631	#FFFFFF	380
4632	#FFFFFF	134
4633	#FFFFFF	380
4634	#FFFFFF	794
4635	#FFFFFF	794
4636	#FFFFFF	794
4637	#FFFFFF	134
4638	#FFFFFF	134
4639	#FFFFFF	134
4640	#FFFFFF	134
4641	#FFFFFF	134
4642	#FFFFFF	134
4644	#FFFFFF	134
4646	#FFFFFF	900
4648	#FFFFFF	1693
4649	#FFFFFF	3134
4651	#FFFFFF	134
4653	#FFFFFF	900
4654	#FFFFFF	900
4655	#FFFFFF	134
4656	#FFFFFF	134
4657	#FFFFFF	134
4658	#FFFFFF	134
4659	#FFFFFF	134
4660	#FFFFFF	1693
4661	#FFFFFF	134
4662	#FFFFFF	134
4664	#FFFFFF	700
4667	#FFFFFF	700
4668	#FFFFFF	134
4669	#FFFFFF	700
4670	#FFFFFF	134
4671	#FFFFFF	134
4672	#FFFFFF	134
4673	#FFFFFF	134
4674	#FFFFFF	134
4675	#FFFFFF	134
4676	#FFFFFF	794
4677	#FFFFFF	794
4678	#FFFFFF	380
4679	#FFFFFF	794
4680	#FFFFFF	794
4681	#FFFFFF	380
4682	#FFFFFF	134
4685	#FFFFFF	380
4686	#FFFFFF	134
4687	#FFFFFF	134
4688	#FFFFFF	134
4689	#FFFFFF	134
4690	#FFFFFF	134
4691	#FFFFFF	134
4693	#FFFFFF	134
4694	#FFFFFF	134
4695	#FFFFFF	134
4696	#FFFFFF	134
4698	#FFFFFF	1693
4699	#FFFFFF	1693
4700	#FFFFFF	3134
4701	#FFFFFF	900
4702	#FFFFFF	134
4703	#FFFFFF	134
4704	#FFFFFF	900
4705	#FFFFFF	134
4706	#FFFFFF	134
4707	#FFFFFF	134
4708	#FFFFFF	134
4709	#FFFFFF	134
4710	#FFFFFF	134
4712	#FFFFFF	134
4713	#FFFFFF	134
4714	#FFFFFF	134
4716	#FFFFFF	134
4718	#FFFFFF	700
4719	#FFFFFF	700
4720	#FFFFFF	134
4721	#FFFFFF	134
4722	#FFFFFF	134
4723	#FFFFFF	1887
4724	#FFFFFF	134
4725	#FFFFFF	1887
4726	#FFFFFF	794
4727	#FFFFFF	794
4728	#FFFFFF	794
4729	#FFFFFF	380
4730	#FFFFFF	794
4731	#FFFFFF	794
4732	#FFFFFF	380
4733	#FFFFFF	134
4735	#FFFFFF	380
4736	#FFFFFF	134
4737	#FFFFFF	134
4738	#FFFFFF	134
4739	#FFFFFF	134
4740	#FFFFFF	134
4741	#FFFFFF	134
4742	#FFFFFF	134
4743	#FFFFFF	134
4745	#FFFFFF	134
4746	#FFFFFF	900
4747	#FFFFFF	134
4749	#FFFFFF	1693
4750	#FFFFFF	1693
4751	#FFFFFF	900
4752	#FFFFFF	900
4753	#FFFFFF	134
4754	#FFFFFF	134
4755	#FFFFFF	134
4756	#FFFFFF	134
4757	#FFFFFF	134
4758	#FFFFFF	134
4759	#FFFFFF	134
4760	#FFFFFF	134
4761	#FFFFFF	1693
4762	#FFFFFF	134
4763	#FFFFFF	134
4764	#FFFFFF	134
4766	#FFFFFF	700
4767	#FFFFFF	134
4768	#FFFFFF	700
4769	#FFFFFF	700
4770	#FFFFFF	134
4771	#FFFFFF	1887
4772	#FFFFFF	1693
4773	#FFFFFF	1887
4774	#FFFFFF	134
4775	#FFFFFF	1887
4776	#FFFFFF	134
4777	#FFFFFF	134
4778	#FFFFFF	794
4779	#FFFFFF	380
4780	#FFFFFF	794
4781	#FFFFFF	794
4782	#FFFFFF	794
4783	#FFFFFF	1693
4784	#FFFFFF	794
4785	#FFFFFF	380
4787	#FFFFFF	380
4788	#FFFFFF	134
4789	#FFFFFF	134
4790	#FFFFFF	134
4791	#FFFFFF	134
4792	#FFFFFF	134
4794	#FFFFFF	1693
4795	#FFFFFF	134
4796	#FFFFFF	134
4797	#FFFFFF	134
4798	#FFFFFF	900
4799	#FFFFFF	1693
4800	#FFFFFF	1693
4801	#FFFFFF	1693
4802	#FFFFFF	134
4803	#FFFFFF	134
4804	#FFFFFF	134
4805	#FFFFFF	134
4806	#FFFFFF	134
4807	#FFFFFF	134
4808	#FFFFFF	134
4809	#FFFFFF	134
4810	#FFFFFF	134
4811	#FFFFFF	134
4812	#FFFFFF	1693
4813	#FFFFFF	134
4814	#FFFFFF	134
4816	#FFFFFF	3615
4818	#FFFFFF	700
4819	#FFFFFF	700
4820	#FFFFFF	134
4821	#FFFFFF	1887
4822	#FFFFFF	1887
4823	#FFFFFF	1693
4824	#FFFFFF	134
4825	#FFFFFF	1887
4826	#FFFFFF	1887
4827	#FFFFFF	134
4828	#FFFFFF	794
4829	#FFFFFF	794
4830	#FFFFFF	794
4831	#FFFFFF	794
4832	#FFFFFF	794
4833	#FFFFFF	794
4834	#FFFFFF	1693
4835	#FFFFFF	380
4836	#FFFFFF	380
4837	#FFFFFF	380
4838	#FFFFFF	134
4839	#FFFFFF	134
4840	#FFFFFF	134
4841	#FFFFFF	134
4842	#FFFFFF	134
4843	#FFFFFF	134
4847	#FFFFFF	134
4848	#FFFFFF	900
4850	#FFFFFF	1693
4851	#FFFFFF	47
4852	#FFFFFF	900
4853	#FFFFFF	134
4854	#FFFFFF	134
4855	#FFFFFF	134
4856	#FFFFFF	134
4857	#FFFFFF	134
4858	#FFFFFF	134
4859	#FFFFFF	134
4860	#FFFFFF	134
4861	#FFFFFF	134
4862	#FFFFFF	47
4863	#FFFFFF	134
4864	#FFFFFF	134
4866	#FFFFFF	3615
4867	#FFFFFF	3615
4868	#FFFFFF	700
4869	#FFFFFF	700
4870	#FFFFFF	134
4871	#FFFFFF	1887
4872	#FFFFFF	1887
4874	#FFFFFF	1887
4875	#FFFFFF	1887
4876	#FFFFFF	1887
4877	#FFFFFF	1887
4878	#FFFFFF	134
4879	#FFFFFF	794
4880	#FFFFFF	794
4881	#FFFFFF	794
4882	#FFFFFF	794
4883	#FFFFFF	794
4884	#FFFFFF	1693
4885	#FFFFFF	794
4886	#FFFFFF	380
4889	#FFFFFF	134
4890	#FFFFFF	134
4891	#FFFFFF	134
4892	#FFFFFF	134
4893	#FFFFFF	134
4895	#FFFFFF	1693
4897	#FFFFFF	134
4898	#FFFFFF	134
4899	#FFFFFF	134
4900	#FFFFFF	47
4901	#FFFFFF	1693
4902	#FFFFFF	47
4903	#FFFFFF	134
4904	#FFFFFF	134
4905	#FFFFFF	134
4906	#FFFFFF	134
4907	#FFFFFF	134
4908	#FFFFFF	134
4909	#FFFFFF	134
4910	#FFFFFF	134
4911	#FFFFFF	764
4912	#FFFFFF	134
4914	#FFFFFF	134
4915	#FFFFFF	3615
4917	#FFFFFF	700
4918	#FFFFFF	700
4919	#FFFFFF	700
4920	#FFFFFF	134
4921	#FFFFFF	1887
4922	#FFFFFF	1887
4923	#FFFFFF	1887
4924	#FFFFFF	1693
4925	#FFFFFF	1887
4926	#FFFFFF	1887
4927	#FFFFFF	1887
4928	#FFFFFF	134
4929	#FFFFFF	134
4930	#FFFFFF	134
4931	#FFFFFF	794
4932	#FFFFFF	794
4933	#FFFFFF	794
4934	#FFFFFF	794
4935	#FFFFFF	1693
4936	#FFFFFF	794
4937	#FFFFFF	380
4938	#FFFFFF	794
4940	#FFFFFF	380
4941	#FFFFFF	134
4942	#FFFFFF	134
4943	#FFFFFF	134
4944	#FFFFFF	134
4945	#FFFFFF	134
4946	#FFFFFF	134
4947	#FFFFFF	134
4948	#FFFFFF	134
4949	#FFFFFF	134
4951	#FFFFFF	1693
4952	#FFFFFF	47
4953	#FFFFFF	134
4954	#FFFFFF	134
4955	#FFFFFF	134
4956	#FFFFFF	134
4957	#FFFFFF	134
4958	#FFFFFF	134
4959	#FFFFFF	134
4960	#FFFFFF	134
4961	#FFFFFF	764
4962	#FFFFFF	764
4963	#FFFFFF	47
4964	#FFFFFF	134
4965	#FFFFFF	134
4966	#FFFFFF	3615
4968	#FFFFFF	700
4969	#FFFFFF	700
4970	#FFFFFF	700
4971	#FFFFFF	1887
4972	#FFFFFF	1887
4973	#FFFFFF	1887
4974	#FFFFFF	1693
4975	#FFFFFF	1887
4976	#FFFFFF	1887
4977	#FFFFFF	1887
4978	#FFFFFF	1887
4979	#FFFFFF	134
4980	#FFFFFF	134
4981	#FFFFFF	794
4982	#FFFFFF	794
4983	#FFFFFF	134
4984	#FFFFFF	794
4985	#FFFFFF	134
4986	#FFFFFF	134
4987	#FFFFFF	794
4988	#FFFFFF	794
4989	#FFFFFF	134
4990	#FFFFFF	380
4991	#FFFFFF	134
4992	#FFFFFF	134
4993	#FFFFFF	134
4994	#FFFFFF	134
4996	#FFFFFF	1693
4997	#FFFFFF	134
4998	#FFFFFF	134
5000	#FFFFFF	134
5001	#FFFFFF	1693
5002	#FFFFFF	47
5003	#FFFFFF	47
5004	#FFFFFF	134
5005	#FFFFFF	134
5006	#FFFFFF	134
5008	#FFFFFF	134
5009	#FFFFFF	134
5010	#FFFFFF	134
5011	#FFFFFF	134
5012	#FFFFFF	764
5013	#FFFFFF	134
5014	#FFFFFF	47
5015	#FFFFFF	134
5016	#FFFFFF	134
5017	#FFFFFF	700
5018	#FFFFFF	134
5019	#FFFFFF	700
5020	#FFFFFF	134
5021	#FFFFFF	134
5022	#FFFFFF	1887
5023	#FFFFFF	1887
5024	#FFFFFF	134
5026	#FFFFFF	134
5027	#FFFFFF	1887
5028	#FFFFFF	1887
5029	#FFFFFF	1887
5030	#FFFFFF	134
5031	#FFFFFF	134
5032	#FFFFFF	134
5033	#FFFFFF	134
5034	#FFFFFF	134
5035	#FFFFFF	134
5037	#FFFFFF	134
5038	#FFFFFF	794
5039	#FFFFFF	794
5041	#FFFFFF	134
5042	#FFFFFF	134
5043	#FFFFFF	134
5044	#FFFFFF	134
5045	#FFFFFF	134
5046	#FFFFFF	134
5047	#FFFFFF	598
5048	#FFFFFF	134
5049	#FFFFFF	598
5050	#FFFFFF	134
5052	#FFFFFF	47
5053	#FFFFFF	47
5054	#FFFFFF	134
5055	#FFFFFF	134
5056	#FFFFFF	134
5057	#FFFFFF	134
5058	#FFFFFF	134
5059	#FFFFFF	134
5060	#FFFFFF	134
5061	#FFFFFF	134
5062	#FFFFFF	134
5063	#FFFFFF	764
5064	#FFFFFF	47
5065	#FFFFFF	134
5066	#FFFFFF	134
5067	#FFFFFF	134
5068	#FFFFFF	134
5069	#FFFFFF	134
5070	#FFFFFF	700
5071	#FFFFFF	134
5072	#FFFFFF	1887
5073	#FFFFFF	1887
5074	#FFFFFF	1887
5075	#FFFFFF	47
5076	#FFFFFF	134
5077	#FFFFFF	134
5078	#FFFFFF	1887
5079	#FFFFFF	1887
5080	#FFFFFF	134
5081	#FFFFFF	134
5082	#FFFFFF	134
5083	#FFFFFF	134
5084	#FFFFFF	134
5085	#FFFFFF	134
5086	#FFFFFF	47
5087	#FFFFFF	134
5088	#FFFFFF	134
5089	#FFFFFF	134
5090	#FFFFFF	794
5092	#FFFFFF	134
5093	#FFFFFF	134
5094	#FFFFFF	134
5095	#FFFFFF	134
5097	#FFFFFF	134
5098	#FFFFFF	134
5100	#FFFFFF	598
5101	#FFFFFF	134
