group	x	y	showSelected1
1	10230	24	414
1	10230	24	2120
1	10230	24	2103
1	10230	24	2990
1	10230	24	2474
1	10230	24	3113
1	10230	24	130
1	10230	24	3583
2	10280	24	414
2	10280	24	2103
2	10280	24	1039
2	10280	24	130
2	10280	24	2541
2	10280	24	2300
2	10280	24	3464
2	10280	24	1836
2	10280	24	3439
2	10280	24	362
2	10280	24	231
2	10280	24	525
2	10280	24	145
2	10280	24	3410
2	10280	24	2211
2	10280	24	995
2	10280	24	1553
3	10280	74	414
3	10280	74	305
3	10280	74	646
3	10280	74	62
3	10280	74	29
3	10280	74	2991
3	10280	74	2988
3	10280	74	2350
3	10280	74	362
3	10280	74	2300
3	10280	74	491
3	10280	74	2173
3	10280	74	2615
6	10330	74	62
6	10330	74	220
6	10330	74	29
6	10330	74	646
6	10330	74	685
6	10330	74	3112
6	10330	74	414
6	10330	74	68
6	10330	74	2317
6	10330	74	130
6	10330	74	2173
6	10330	74	491
6	10330	74	1993
6	10330	74	3173
6	10330	74	44
6	10330	74	616
6	10330	74	3384
6	10330	74	1990
6	10330	74	110
6	10330	74	1991
6	10330	74	2455
6	10330	74	1683
6	10330	74	1351
6	10330	74	2034
6	10330	74	3036
6	10330	74	3183
6	10330	74	169
6	10330	74	2717
6	10330	74	143
6	10330	74	3639
6	10330	74	174
6	10330	74	2022
6	10330	74	341
6	10330	74	3379
6	10330	74	24
6	10330	74	1294
6	10330	74	531
6	10330	74	2875
5	10330	124	62
5	10330	124	220
5	10330	124	3508
5	10330	124	1051
5	10330	124	23
5	10330	124	262
5	10330	124	526
5	10330	124	3263
5	10330	124	1526
5	10330	124	3387
5	10330	124	130
5	10330	124	750
5	10330	124	44
8	10380	124	220
8	10380	124	23
8	10380	124	1135
8	10380	124	798
8	10380	124	1303
8	10380	124	651
8	10380	124	1748
8	10380	124	397
8	10380	124	3106
8	10380	124	3305
8	10380	124	750
8	10380	124	3107
8	10380	124	3268
8	10380	124	1730
8	10380	124	907
8	10380	124	3288
8	10380	124	595
8	10380	124	78
8	10380	124	3193
8	10380	124	529
8	10380	124	44
8	10380	124	1127
8	10380	124	2244
8	10380	124	425
8	10380	124	550
8	10380	124	3208
8	10380	124	738
8	10380	124	16
8	10380	124	2273
8	10380	124	3170
8	10380	124	2376
8	10380	124	168
8	10380	124	1136
8	10380	124	1715
8	10380	124	3498
8	10380	124	829
8	10380	124	1760
8	10380	124	1588
8	10380	124	3609
8	10380	124	1571
8	10380	124	1359
8	10380	124	2667
8	10380	124	1861
8	10380	124	564
8	10380	124	2256
8	10380	124	1472
8	10380	124	361
8	10380	124	316
8	10380	124	675
8	10380	124	3194
9	10380	174	23
9	10380	174	576
9	10380	174	479
9	10380	174	92
9	10380	174	389
9	10380	174	1135
9	10380	174	1554
9	10380	174	173
9	10380	174	2662
9	10380	174	1748
9	10380	174	299
9	10380	174	397
9	10380	174	991
9	10380	174	78
9	10380	174	3305
9	10380	174	595
13	10430	174	389
13	10430	174	779
13	10430	174	92
13	10430	174	1107
13	10430	174	272
13	10430	174	1554
13	10430	174	514
13	10430	174	299
13	10430	174	71
13	10430	174	2758
13	10430	174	2271
13	10430	174	2646
13	10430	174	639
13	10430	174	2172
13	10430	174	1105
13	10430	174	762
13	10430	174	3672
13	10430	174	3097
13	10430	174	3105
13	10430	174	78
13	10430	174	325
13	10430	174	2562
13	10430	174	1700
13	10430	174	576
13	10430	174	2030
13	10430	174	595
13	10430	174	1231
13	10430	174	2375
13	10430	174	2979
13	10430	174	2348
13	10430	174	1031
13	10430	174	937
13	10430	174	2802
13	10430	174	286
13	10430	174	1370
13	10430	174	23
13	10430	174	1724
13	10430	174	3258
13	10430	174	1488
13	10430	174	3249
13	10430	174	2526
13	10430	174	594
13	10430	174	3178
13	10430	174	991
13	10430	174	281
13	10430	174	1983
13	10430	174	499
13	10430	174	2710
13	10430	174	214
13	10430	174	890
14	10430	224	389
14	10430	224	1107
14	10430	224	272
14	10430	224	429
14	10430	224	71
14	10430	224	286
14	10430	224	3202
14	10430	224	153
14	10430	224	160
14	10430	224	3311
14	10430	224	3392
14	10430	224	1669
14	10430	224	285
14	10430	224	3098
14	10430	224	2100
14	10430	224	678
14	10430	224	2726
14	10430	224	3240
14	10430	224	1911
14	10430	224	2487
14	10430	224	513
19	10480	224	160
19	10480	224	2571
19	10480	224	232
19	10480	224	249
19	10480	224	2974
19	10480	224	626
19	10480	224	117
19	10480	224	153
19	10480	224	285
19	10480	224	128
19	10480	224	2726
19	10480	224	1482
19	10480	224	71
19	10480	224	1197
19	10480	224	2976
19	10480	224	2299
19	10480	224	3589
19	10480	224	2325
19	10480	224	2946
19	10480	224	2720
19	10480	224	286
19	10480	224	2922
19	10480	224	1495
19	10480	224	3400
19	10480	224	3632
19	10480	224	2326
19	10480	224	1149
19	10480	224	3033
19	10480	224	3103
19	10480	224	2460
19	10480	224	1512
19	10480	224	1007
19	10480	224	2016
19	10480	224	3474
19	10480	224	3473
19	10480	224	258
19	10480	224	1597
19	10480	224	40
19	10480	224	7
19	10480	224	3188
19	10480	224	1325
19	10480	224	1019
19	10480	224	595
19	10480	224	1989
19	10480	224	2330
19	10480	224	2395
19	10480	224	513
19	10480	224	654
19	10480	224	884
19	10480	224	1009
19	10480	224	580
19	10480	224	739
19	10480	224	673
19	10480	224	1375
19	10480	224	2323
19	10480	224	61
19	10480	224	3586
19	10480	224	1492
19	10480	224	2102
19	10480	224	416
19	10480	224	48
19	10480	224	1018
19	10480	224	3372
19	10480	224	423
19	10480	224	223
19	10480	224	521
19	10480	224	1041
20	10480	274	249
20	10480	274	626
20	10480	274	128
20	10480	274	7
20	10480	274	244
20	10480	274	2651
20	10480	274	1194
20	10480	274	385
20	10480	274	1185
20	10480	274	888
20	10480	274	3623
20	10480	274	3014
20	10480	274	3662
20	10480	274	2607
20	10480	274	3077
20	10480	274	1617
20	10480	274	3160
20	10480	274	3352
20	10480	274	2974
20	10480	274	2467
20	10480	274	149
20	10480	274	1148
20	10480	274	2677
20	10480	274	941
20	10480	274	1253
20	10480	274	1482
20	10480	274	1197
20	10480	274	782
20	10480	274	3093
20	10480	274	258
20	10480	274	604
20	10480	274	3618
20	10480	274	2740
20	10480	274	2281
20	10480	274	1095
20	10480	274	1939
20	10480	274	2983
20	10480	274	2402
20	10480	274	3479
20	10480	274	2016
20	10480	274	1049
20	10480	274	2329
20	10480	274	1845
20	10480	274	654
20	10480	274	3238
26	10530	274	1185
26	10530	274	385
26	10530	274	7
26	10530	274	55
26	10530	274	1709
26	10530	274	1268
26	10530	274	149
26	10530	274	533
26	10530	274	3114
26	10530	274	467
26	10530	274	2281
26	10530	274	3444
26	10530	274	3116
26	10530	274	9
26	10530	274	1770
26	10530	274	258
26	10530	274	2044
26	10530	274	1534
26	10530	274	1049
26	10530	274	769
26	10530	274	375
26	10530	274	604
26	10530	274	2448
26	10530	274	2502
26	10530	274	2324
26	10530	274	1962
26	10530	274	1248
26	10530	274	2608
26	10530	274	2857
26	10530	274	2002
26	10530	274	1384
26	10530	274	2678
26	10530	274	3610
26	10530	274	1845
26	10530	274	2894
26	10530	274	3158
26	10530	274	3045
26	10530	274	1784
26	10530	274	347
26	10530	274	3546
26	10530	274	2550
26	10530	274	3067
26	10530	274	3523
26	10530	274	654
26	10530	274	904
26	10530	274	2394
26	10530	274	998
26	10530	274	168
26	10530	274	1498
26	10530	274	988
26	10530	274	908
26	10530	274	2649
26	10530	274	2063
26	10530	274	640
26	10530	274	3493
26	10530	274	3250
26	10530	274	248
26	10530	274	3533
26	10530	274	928
26	10530	274	156
26	10530	274	818
26	10530	274	3506
26	10530	274	484
26	10530	274	1429
26	10530	274	3231
26	10530	274	3048
26	10530	274	260
26	10530	274	3277
26	10530	274	485
27	10530	324	385
27	10530	324	55
27	10530	324	1709
27	10530	324	2468
27	10530	324	216
27	10530	324	2315
27	10530	324	1610
27	10530	324	34
27	10530	324	768
27	10530	324	1101
27	10530	324	3283
27	10530	324	2196
27	10530	324	3526
27	10530	324	9
27	10530	324	785
27	10530	324	3073
27	10530	324	3442
27	10530	324	1268
27	10530	324	1226
27	10530	324	2575
27	10530	324	3363
27	10530	324	202
27	10530	324	1948
27	10530	324	3365
27	10530	324	1831
27	10530	324	2169
27	10530	324	1615
27	10530	324	2995
27	10530	324	2771
27	10530	324	727
27	10530	324	290
27	10530	324	3467
27	10530	324	3545
27	10530	324	3411
27	10530	324	1493
27	10530	324	3644
27	10530	324	180
27	10530	324	2085
27	10530	324	1243
27	10530	324	810
27	10530	324	2249
27	10530	324	1257
27	10530	324	1452
27	10530	324	171
27	10530	324	2391
27	10530	324	1859
27	10530	324	3432
27	10530	324	3610
27	10530	324	3041
27	10530	324	1928
27	10530	324	2193
27	10530	324	3370
34	10580	324	572
34	10580	324	1101
34	10580	324	2575
34	10580	324	9
34	10580	324	3535
34	10580	324	202
34	10580	324	806
34	10580	324	2287
34	10580	324	34
34	10580	324	3534
34	10580	324	3516
34	10580	324	3346
34	10580	324	994
34	10580	324	2254
34	10580	324	642
34	10580	324	1615
34	10580	324	2721
34	10580	324	1984
34	10580	324	2984
34	10580	324	3644
34	10580	324	180
34	10580	324	2177
34	10580	324	3138
34	10580	324	2391
34	10580	324	2509
34	10580	324	586
34	10580	324	1734
34	10580	324	1452
34	10580	324	2084
34	10580	324	2626
34	10580	324	1596
34	10580	324	381
34	10580	324	810
34	10580	324	701
34	10580	324	1150
34	10580	324	3610
34	10580	324	2379
34	10580	324	3046
34	10580	324	2666
34	10580	324	1170
34	10580	324	2876
34	10580	324	2926
34	10580	324	1752
34	10580	324	1063
34	10580	324	150
34	10580	324	3370
34	10580	324	3050
34	10580	324	2494
34	10580	324	1450
34	10580	324	877
34	10580	324	2479
34	10580	324	2501
34	10580	324	2043
34	10580	324	3339
34	10580	324	104
34	10580	324	347
34	10580	324	168
34	10580	324	3616
34	10580	324	3450
34	10580	324	2170
34	10580	324	953
34	10580	324	2511
34	10580	324	3557
34	10580	324	186
34	10580	324	2080
34	10580	324	1686
34	10580	324	1854
34	10580	324	3164
34	10580	324	1920
34	10580	324	1035
34	10580	324	1358
34	10580	324	3070
34	10580	324	508
34	10580	324	181
34	10580	324	2412
34	10580	324	399
34	10580	324	753
34	10580	324	690
34	10580	324	147
34	10580	324	1412
34	10580	324	1206
34	10580	324	619
34	10580	324	1237
34	10580	324	3053
34	10580	324	1922
34	10580	324	2185
34	10580	324	403
34	10580	324	3549
34	10580	324	2239
34	10580	324	1794
34	10580	324	459
34	10580	324	1323
34	10580	324	394
34	10580	324	1819
34	10580	324	2852
34	10580	324	662
34	10580	324	1888
34	10580	324	672
34	10580	324	758
35	10580	374	1101
35	10580	374	9
35	10580	374	876
35	10580	374	242
35	10580	374	247
35	10580	374	522
35	10580	374	1067
35	10580	374	3049
35	10580	374	1791
35	10580	374	1233
35	10580	374	25
35	10580	374	1833
35	10580	374	1146
35	10580	374	1087
35	10580	374	2290
35	10580	374	3535
35	10580	374	82
35	10580	374	1080
35	10580	374	858
35	10580	374	834
35	10580	374	2389
35	10580	374	2496
35	10580	374	3203
35	10580	374	1288
35	10580	374	3080
35	10580	374	1397
35	10580	374	1954
35	10580	374	1265
35	10580	374	1999
35	10580	374	381
35	10580	374	2028
35	10580	374	1170
35	10580	374	559
35	10580	374	1560
35	10580	374	1889
35	10580	374	471
35	10580	374	2009
35	10580	374	1675
35	10580	374	3353
35	10580	374	2038
35	10580	374	392
35	10580	374	1450
35	10580	374	104
43	10630	374	1833
43	10630	374	553
43	10630	374	3226
43	10630	374	2724
43	10630	374	13
43	10630	374	1146
43	10630	374	1712
43	10630	374	25
43	10630	374	1454
43	10630	374	2638
43	10630	374	540
43	10630	374	3666
43	10630	374	295
43	10630	374	1731
43	10630	374	1865
43	10630	374	227
43	10630	374	2727
43	10630	374	198
43	10630	374	1344
43	10630	374	2194
43	10630	374	507
43	10630	374	2752
43	10630	374	3484
43	10630	374	2728
43	10630	374	3608
43	10630	374	9
43	10630	374	3402
43	10630	374	1170
43	10630	374	2747
43	10630	374	2123
43	10630	374	387
43	10630	374	2691
43	10630	374	712
43	10630	374	1256
43	10630	374	1117
43	10630	374	3405
43	10630	374	3404
43	10630	374	392
43	10630	374	2846
43	10630	374	3403
43	10630	374	3167
43	10630	374	99
43	10630	374	948
43	10630	374	104
43	10630	374	1681
43	10630	374	2932
43	10630	374	777
43	10630	374	2628
43	10630	374	2111
43	10630	374	3541
43	10630	374	3297
43	10630	374	1941
43	10630	374	2263
43	10630	374	2582
43	10630	374	1671
43	10630	374	3030
43	10630	374	916
43	10630	374	2964
43	10630	374	1263
43	10630	374	800
43	10630	374	338
43	10630	374	1698
43	10630	374	150
43	10630	374	2960
43	10630	374	1406
43	10630	374	2226
43	10630	374	1030
43	10630	374	3316
43	10630	374	2366
43	10630	374	2269
43	10630	374	661
43	10630	374	2094
43	10630	374	659
43	10630	374	1134
43	10630	374	1364
43	10630	374	2672
43	10630	374	2595
43	10630	374	1106
43	10630	374	1929
43	10630	374	951
43	10630	374	1555
43	10630	374	1728
43	10630	374	3599
43	10630	374	1386
43	10630	374	2035
43	10630	374	2431
43	10630	374	1075
43	10630	374	1898
43	10630	374	1093
43	10630	374	2313
43	10630	374	3124
43	10630	374	3503
43	10630	374	1846
43	10630	374	2195
43	10630	374	3437
43	10630	374	1497
43	10630	374	70
43	10630	374	866
43	10630	374	1460
43	10630	374	2705
43	10630	374	1822
43	10630	374	2656
43	10630	374	1123
43	10630	374	976
43	10630	374	31
43	10630	374	1740
43	10630	374	2268
43	10630	374	1245
43	10630	374	1732
43	10630	374	124
43	10630	374	2298
43	10630	374	2435
43	10630	374	734
43	10630	374	1315
43	10630	374	2224
44	10630	424	553
44	10630	424	1988
44	10630	424	13
44	10630	424	477
44	10630	424	924
44	10630	424	932
44	10630	424	3418
44	10630	424	297
44	10630	424	303
44	10630	424	265
44	10630	424	3147
44	10630	424	106
44	10630	424	2724
44	10630	424	2919
44	10630	424	1121
44	10630	424	1862
44	10630	424	1860
44	10630	424	271
44	10630	424	3568
44	10630	424	1360
44	10630	424	1066
44	10630	424	1712
44	10630	424	3084
44	10630	424	838
44	10630	424	954
44	10630	424	894
44	10630	424	2091
44	10630	424	295
44	10630	424	1825
44	10630	424	836
44	10630	424	1897
44	10630	424	975
44	10630	424	3248
44	10630	424	3620
44	10630	424	3421
44	10630	424	1946
44	10630	424	227
44	10630	424	319
44	10630	424	507
44	10630	424	2528
44	10630	424	318
44	10630	424	2542
44	10630	424	2734
44	10630	424	3495
44	10630	424	387
44	10630	424	2061
44	10630	424	2596
44	10630	424	3569
44	10630	424	2744
44	10630	424	2745
44	10630	424	1823
44	10630	424	2746
44	10630	424	3174
44	10630	424	2157
53	10680	424	265
53	10680	424	106
53	10680	424	303
53	10680	424	297
53	10680	424	1931
53	10680	424	2274
53	10680	424	2540
53	10680	424	13
53	10680	424	2792
53	10680	424	3184
53	10680	424	3257
53	10680	424	387
53	10680	424	3034
53	10680	424	3172
53	10680	424	81
53	10680	424	1707
53	10680	424	1034
53	10680	424	3182
53	10680	424	227
53	10680	424	353
53	10680	424	1025
53	10680	424	1263
53	10680	424	3511
53	10680	424	2157
53	10680	424	3176
53	10680	424	3212
53	10680	424	438
53	10680	424	774
53	10680	424	1543
53	10680	424	2737
53	10680	424	2807
53	10680	424	1879
53	10680	424	3256
53	10680	424	1627
53	10680	424	3341
53	10680	424	1858
53	10680	424	3234
53	10680	424	456
53	10680	424	2947
53	10680	424	2424
53	10680	424	3416
53	10680	424	1789
53	10680	424	2087
53	10680	424	3213
53	10680	424	1807
53	10680	424	2259
53	10680	424	1428
53	10680	424	52
53	10680	424	828
53	10680	424	406
53	10680	424	2426
53	10680	424	2260
53	10680	424	2425
53	10680	424	165
53	10680	424	3357
53	10680	424	2718
53	10680	424	1852
53	10680	424	2772
53	10680	424	2463
53	10680	424	2464
53	10680	424	2059
53	10680	424	783
53	10680	424	419
53	10680	424	3135
53	10680	424	2934
53	10680	424	1710
53	10680	424	1255
53	10680	424	1944
54	10680	474	106
54	10680	474	265
54	10680	474	2359
54	10680	474	3186
54	10680	474	2121
54	10680	474	2209
4	10330	24	414
4	10330	24	110
4	10330	24	143
4	10330	24	174
4	10330	24	2669
4	10330	24	430
4	10330	24	145
4	10330	24	3591
4	10330	24	3189
4	10330	24	201
4	10330	24	515
4	10330	24	2011
4	10330	24	2818
4	10330	24	3253
4	10330	24	873
4	10330	24	702
4	10330	24	24
4	10330	24	1553
4	10330	24	3465
4	10330	24	1723
4	10330	24	2219
4	10330	24	1917
4	10330	24	3181
4	10330	24	365
4	10330	24	848
4	10330	24	974
4	10330	24	1102
10	10380	74	44
10	10380	74	130
10	10380	74	169
10	10380	74	425
10	10380	74	3155
10	10380	74	550
10	10380	74	221
10	10380	74	2049
10	10380	74	1509
10	10380	74	3537
10	10380	74	829
10	10380	74	3422
10	10380	74	1336
10	10380	74	1472
10	10380	74	2629
10	10380	74	3539
10	10380	74	16
10	10380	74	1294
10	10380	74	24
10	10380	74	531
10	10380	74	1625
10	10380	74	3348
10	10380	74	2437
10	10380	74	23
10	10380	74	857
10	10380	74	110
10	10380	74	3194
10	10380	74	3254
10	10380	74	264
10	10380	74	1109
10	10380	74	2037
10	10380	74	3658
10	10380	74	490
10	10380	74	2019
10	10380	74	609
10	10380	74	2051
10	10380	74	2165
10	10380	74	1130
10	10380	74	3607
10	10380	74	2292
10	10380	74	1520
10	10380	74	2813
10	10380	74	2214
10	10380	74	393
10	10380	74	84
10	10380	74	3364
10	10380	74	843
10	10380	74	3140
10	10380	74	557
12	10430	124	23
12	10430	124	3192
12	10430	124	529
12	10430	124	595
12	10430	124	92
12	10430	124	1264
12	10430	124	564
12	10430	124	325
12	10430	124	675
12	10430	124	316
12	10430	124	1785
12	10430	124	2814
12	10430	124	3083
12	10430	124	1077
12	10430	124	1587
12	10430	124	16
12	10430	124	890
12	10430	124	1129
12	10430	124	3246
12	10430	124	214
12	10430	124	1330
12	10430	124	2577
12	10430	124	2383
12	10430	124	2495
12	10430	124	1496
12	10430	124	279
12	10430	124	1320
12	10430	124	1650
12	10430	124	991
12	10430	124	1395
12	10430	124	151
12	10430	124	84
12	10430	124	371
12	10430	124	164
12	10430	124	118
18	10480	174	71
18	10480	174	673
18	10480	174	2526
18	10480	174	40
18	10480	174	3606
18	10480	174	281
18	10480	174	686
18	10480	174	1158
18	10480	174	1213
18	10480	174	1805
18	10480	174	325
18	10480	174	48
18	10480	174	3597
18	10480	174	3398
18	10480	174	120
18	10480	174	2305
18	10480	174	850
18	10480	174	499
18	10480	174	1057
18	10480	174	1094
18	10480	174	1808
18	10480	174	670
18	10480	174	710
18	10480	174	1451
18	10480	174	2186
18	10480	174	2293
18	10480	174	3601
18	10480	174	423
18	10480	174	214
18	10480	174	1041
18	10480	174	521
18	10480	174	3429
18	10480	174	1409
18	10480	174	2486
18	10480	174	1069
18	10480	174	154
18	10480	174	891
18	10480	174	1046
18	10480	174	1318
18	10480	174	1781
18	10480	174	151
18	10480	174	1797
18	10480	174	7
18	10480	174	538
18	10480	174	3218
18	10480	174	1171
18	10480	174	1316
18	10480	174	462
18	10480	174	2261
18	10480	174	2753
18	10480	174	3225
25	10530	224	258
25	10530	224	2858
25	10530	224	654
25	10530	224	7
25	10530	224	61
25	10530	224	416
25	10530	224	2144
25	10530	224	2613
25	10530	224	2346
25	10530	224	3371
25	10530	224	3643
25	10530	224	2766
25	10530	224	9
25	10530	224	1667
25	10530	224	484
25	10530	224	2593
25	10530	224	1893
25	10530	224	170
25	10530	224	922
25	10530	224	223
25	10530	224	3075
25	10530	224	1429
25	10530	224	2006
25	10530	224	156
25	10530	224	260
25	10530	224	1572
25	10530	224	2547
25	10530	224	3368
25	10530	224	714
25	10530	224	3128
25	10530	224	2606
25	10530	224	485
25	10530	224	423
25	10530	224	3373
25	10530	224	2054
25	10530	224	2636
25	10530	224	3391
25	10530	224	2676
25	10530	224	3071
25	10530	224	383
25	10530	224	2675
25	10530	224	1439
25	10530	224	3108
25	10530	224	1357
25	10530	224	1433
25	10530	224	3044
25	10530	224	1494
25	10530	224	3159
25	10530	224	217
25	10530	224	283
25	10530	224	2295
25	10530	224	1559
25	10530	224	3560
25	10530	224	1737
25	10530	224	475
25	10530	224	2458
25	10530	224	142
25	10530	224	614
25	10530	224	480
25	10530	224	1657
25	10530	224	2843
25	10530	224	3115
33	10580	274	9
33	10580	274	347
33	10580	274	953
33	10580	274	1854
33	10580	274	744
33	10580	274	168
33	10580	274	1638
33	10580	274	619
33	10580	274	1237
33	10580	274	690
33	10580	274	823
33	10580	274	818
33	10580	274	3129
33	10580	274	147
33	10580	274	64
33	10580	274	2583
33	10580	274	1794
33	10580	274	3229
33	10580	274	495
33	10580	274	1065
33	10580	274	2527
33	10580	274	719
33	10580	274	2275
33	10580	274	3665
33	10580	274	1586
33	10580	274	3532
33	10580	274	485
33	10580	274	647
33	10580	274	618
33	10580	274	3436
33	10580	274	2344
33	10580	274	717
33	10580	274	2409
33	10580	274	2510
33	10580	274	672
33	10580	274	1074
33	10580	274	3074
33	10580	274	2674
33	10580	274	1567
33	10580	274	758
33	10580	274	18
33	10580	274	2432
33	10580	274	3101
33	10580	274	2654
33	10580	274	699
33	10580	274	394
33	10580	274	680
33	10580	274	1503
33	10580	274	1048
33	10580	274	2158
33	10580	274	3595
33	10580	274	3536
33	10580	274	3206
33	10580	274	2342
33	10580	274	3517
33	10580	274	1630
33	10580	274	677
33	10580	274	3510
33	10580	274	162
33	10580	274	517
33	10580	274	3335
33	10580	274	3126
33	10580	274	1570
33	10580	274	3415
33	10580	274	2670
33	10580	274	2850
33	10580	274	2945
33	10580	274	2320
33	10580	274	767
33	10580	274	3424
33	10580	274	3022
33	10580	274	2284
33	10580	274	1965
33	10580	274	2998
33	10580	274	1758
33	10580	274	2668
33	10580	274	2382
42	10630	324	104
42	10630	324	150
42	10630	324	800
42	10630	324	661
42	10630	324	3336
42	10630	324	659
42	10630	324	951
42	10630	324	9
42	10630	324	1106
42	10630	324	1891
42	10630	324	1995
42	10630	324	1957
42	10630	324	1353
42	10630	324	2328
42	10630	324	1783
42	10630	324	2373
42	10630	324	2554
42	10630	324	3013
42	10630	324	1822
42	10630	324	2347
42	10630	324	520
42	10630	324	1446
42	10630	324	31
42	10630	324	2471
42	10630	324	1649
42	10630	324	1819
42	10630	324	378
42	10630	324	2204
42	10630	324	1742
42	10630	324	1182
42	10630	324	394
42	10630	324	2931
42	10630	324	3471
42	10630	324	2620
42	10630	324	1126
42	10630	324	124
42	10630	324	2472
42	10630	324	3286
42	10630	324	13
42	10630	324	3478
42	10630	324	3221
42	10630	324	1549
42	10630	324	2224
42	10630	324	1266
42	10630	324	648
42	10630	324	1097
42	10630	324	2154
42	10630	324	965
42	10630	324	388
42	10630	324	1863
42	10630	324	636
42	10630	324	2338
42	10630	324	3261
42	10630	324	734
42	10630	324	669
42	10630	324	70
42	10630	324	997
42	10630	324	2545
42	10630	324	1073
42	10630	324	1820
42	10630	324	3269
42	10630	324	2735
42	10630	324	3571
42	10630	324	2199
42	10630	324	3278
42	10630	324	1938
42	10630	324	3460
42	10630	324	1173
42	10630	324	1211
42	10630	324	1355
42	10630	324	2171
42	10630	324	3051
42	10630	324	2712
42	10630	324	89
42	10630	324	602
42	10630	324	288
42	10630	324	3139
42	10630	324	401
42	10630	324	1292
42	10630	324	1058
42	10630	324	897
42	10630	324	1786
42	10630	324	251
42	10630	324	820
42	10630	324	2632
42	10630	324	1042
42	10630	324	2574
42	10630	324	3017
42	10630	324	1816
42	10630	324	1729
42	10630	324	2933
42	10630	324	756
42	10630	324	1392
42	10630	324	2590
42	10630	324	2597
42	10630	324	1175
42	10630	324	898
42	10630	324	1132
42	10630	324	2404
42	10630	324	1977
52	10680	374	227
52	10680	374	1263
52	10680	374	2544
52	10680	374	81
52	10680	374	2787
52	10680	374	2488
52	10680	374	916
52	10680	374	1321
52	10680	374	509
52	10680	374	650
52	10680	374	1473
52	10680	374	382
52	10680	374	3548
52	10680	374	13
52	10680	374	292
52	10680	374	1807
52	10680	374	2035
52	10680	374	865
52	10680	374	70
52	10680	374	3244
52	10680	374	3124
52	10680	374	406
52	10680	374	1420
52	10680	374	1428
52	10680	374	1747
52	10680	374	322
52	10680	374	735
52	10680	374	165
52	10680	374	79
52	10680	374	3476
52	10680	374	489
52	10680	374	1530
52	10680	374	2718
52	10680	374	2039
52	10680	374	976
52	10680	374	1438
52	10680	374	2143
52	10680	374	722
52	10680	374	359
52	10680	374	1139
52	10680	374	1133
52	10680	374	3230
52	10680	374	3135
52	10680	374	1245
52	10680	374	2923
52	10680	374	255
52	10680	374	3509
52	10680	374	1411
52	10680	374	629
52	10680	374	2421
52	10680	374	2836
52	10680	374	353
52	10680	374	783
52	10680	374	2265
52	10680	374	3468
52	10680	374	1254
52	10680	374	2549
52	10680	374	1315
52	10680	374	1951
52	10680	374	1944
52	10680	374	52
52	10680	374	734
52	10680	374	2603
52	10680	374	2182
52	10680	374	1398
52	10680	374	1953
52	10680	374	3669
52	10680	374	3300
52	10680	374	3145
52	10680	374	1371
52	10680	374	124
52	10680	374	1363
52	10680	374	1522
52	10680	374	2966
52	10680	374	115
52	10680	374	1115
52	10680	374	126
52	10680	374	2436
52	10680	374	2032
52	10680	374	2319
52	10680	374	1188
52	10680	374	1579
52	10680	374	585
52	10680	374	3458
52	10680	374	1056
52	10680	374	1486
52	10680	374	2238
52	10680	374	2910
52	10680	374	1434
52	10680	374	2634
52	10680	374	3485
52	10680	374	2139
52	10680	374	1955
52	10680	374	2573
52	10680	374	1976
52	10680	374	3204
52	10680	374	2580
52	10680	374	2180
52	10680	374	91
52	10680	374	2909
52	10680	374	134
52	10680	374	159
52	10680	374	136
52	10680	374	730
52	10680	374	1826
52	10680	374	96
52	10680	374	2867
52	10680	374	1070
52	10680	374	2141
52	10680	374	3578
52	10680	374	1529
52	10680	374	3378
52	10680	374	1566
52	10680	374	1688
52	10680	374	3637
52	10680	374	481
52	10680	374	3577
52	10680	374	428
52	10680	374	2898
52	10680	374	3000
52	10680	374	1660
52	10680	374	3321
52	10680	374	3154
52	10680	374	1618
52	10680	374	2881
52	10680	374	122
63	10730	424	353
63	10730	424	2426
63	10730	424	2425
63	10730	424	2147
63	10730	424	419
63	10730	424	52
63	10730	424	3095
63	10730	424	1710
63	10730	424	1255
63	10730	424	1161
63	10730	424	352
63	10730	424	3360
63	10730	424	1621
63	10730	424	1626
63	10730	424	3361
63	10730	424	422
63	10730	424	2648
63	10730	424	2560
7	10380	24	24
7	10380	24	110
7	10380	24	1514
7	10380	24	264
7	10380	24	826
7	10380	24	365
7	10380	24	1788
7	10380	24	557
7	10380	24	393
7	10380	24	2388
7	10380	24	201
7	10380	24	2621
7	10380	24	410
7	10380	24	844
7	10380	24	253
7	10380	24	3273
7	10380	24	1787
7	10380	24	3652
7	10380	24	575
7	10380	24	2704
7	10380	24	2576
7	10380	24	49
17	10480	124	214
17	10480	124	325
17	10480	124	151
17	10480	124	3015
17	10480	124	329
17	10480	124	1171
17	10480	124	1077
17	10480	124	2053
17	10480	124	992
17	10480	124	84
17	10480	124	462
17	10480	124	2033
17	10480	124	859
17	10480	124	3651
17	10480	124	118
17	10480	124	2739
17	10480	124	1225
17	10480	124	3185
17	10480	124	109
17	10480	124	2441
17	10480	124	742
17	10480	124	120
17	10480	124	368
17	10480	124	332
17	10480	124	2398
17	10480	124	306
17	10480	124	1981
17	10480	124	887
17	10480	124	868
17	10480	124	2838
17	10480	124	304
17	10480	124	1220
17	10480	124	372
17	10480	124	3006
17	10480	124	2519
17	10480	124	2116
17	10480	124	3214
17	10480	124	2833
17	10480	124	1629
17	10480	124	623
17	10480	124	267
32	10580	224	485
32	10580	224	9
32	10580	224	2537
32	10580	224	162
32	10580	224	1103
32	10580	224	230
32	10580	224	283
32	10580	224	2055
32	10580	224	2670
32	10580	224	1933
32	10580	224	18
32	10580	224	2639
32	10580	224	217
32	10580	224	3553
32	10580	224	2286
32	10580	224	7
32	10580	224	1489
32	10580	224	3109
32	10580	224	98
32	10580	224	2497
32	10580	224	2998
32	10580	224	3668
32	10580	224	3542
32	10580	224	3470
32	10580	224	434
32	10580	224	103
32	10580	224	43
32	10580	224	3043
32	10580	224	1657
32	10580	224	771
32	10580	224	1547
32	10580	224	856
32	10580	224	861
32	10580	224	1809
32	10580	224	3550
32	10580	224	2387
32	10580	224	487
32	10580	224	2761
32	10580	224	142
32	10580	224	451
32	10580	224	921
32	10580	224	1378
32	10580	224	1387
32	10580	224	1843
32	10580	224	587
32	10580	224	245
32	10580	224	2138
32	10580	224	728
32	10580	224	3066
32	10580	224	903
32	10580	224	634
32	10580	224	2131
32	10580	224	3611
32	10580	224	2
32	10580	224	1382
32	10580	224	1545
32	10580	224	1366
32	10580	224	412
32	10580	224	874
32	10580	224	2729
32	10580	224	1507
32	10580	224	2405
32	10580	224	187
32	10580	224	1708
32	10580	224	658
32	10580	224	2475
32	10580	224	1267
32	10580	224	1165
32	10580	224	458
32	10580	224	3614
32	10580	224	2133
32	10580	224	2731
32	10580	224	2200
32	10580	224	2175
32	10580	224	420
32	10580	224	1641
32	10580	224	3394
32	10580	224	211
32	10580	224	1513
32	10580	224	1052
32	10580	224	1006
32	10580	224	2012
32	10580	224	1736
32	10580	224	1199
15	10430	74	16
15	10430	74	2367
15	10430	74	609
15	10430	74	1811
15	10430	74	279
15	10430	74	84
15	10430	74	371
15	10430	74	816
15	10430	74	3469
15	10430	74	24
15	10430	74	993
15	10430	74	2616
15	10430	74	1089
15	10430	74	164
15	10430	74	118
15	10430	74	393
15	10430	74	688
15	10430	74	3367
15	10430	74	1735
15	10430	74	741
15	10430	74	3531
15	10430	74	1985
15	10430	74	1440
15	10430	74	253
15	10430	74	1054
15	10430	74	407
15	10430	74	464
15	10430	74	28
15	10430	74	747
15	10430	74	1356
24	10530	174	423
24	10530	174	48
24	10530	174	7
24	10530	174	217
24	10530	174	1014
24	10530	174	538
24	10530	174	142
24	10530	174	3295
24	10530	174	475
24	10530	174	2950
24	10530	174	1501
24	10530	174	2140
24	10530	174	2695
24	10530	174	2703
24	10530	174	3111
24	10530	174	120
24	10530	174	480
24	10530	174	1935
24	10530	174	240
24	10530	174	151
24	10530	174	3663
24	10530	174	2232
24	10530	174	1463
24	10530	174	804
24	10530	174	1189
24	10530	174	2684
24	10530	174	2921
24	10530	174	1208
24	10530	174	2756
24	10530	174	2517
24	10530	174	2842
24	10530	174	2378
24	10530	174	3059
24	10530	174	2617
24	10530	174	3161
24	10530	174	342
24	10530	174	653
24	10530	174	3512
24	10530	174	2
24	10530	174	822
24	10530	174	1666
24	10530	174	2936
24	10530	174	3266
24	10530	174	1471
24	10530	174	2408
24	10530	174	1804
24	10530	174	2738
24	10530	174	878
24	10530	174	2235
24	10530	174	3301
24	10530	174	2098
24	10530	174	1302
24	10530	174	569
24	10530	174	1
24	10530	174	1029
24	10530	174	2283
24	10530	174	3318
24	10530	174	372
24	10530	174	1722
24	10530	174	1994
24	10530	174	3566
24	10530	174	2531
24	10530	174	1068
24	10530	174	346
24	10530	174	780
24	10530	174	1352
41	10630	274	394
41	10630	274	9
41	10630	274	1820
41	10630	274	758
41	10630	274	680
41	10630	274	3150
41	10630	274	89
41	10630	274	791
41	10630	274	602
41	10630	274	1169
41	10630	274	2041
41	10630	274	3435
41	10630	274	1072
41	10630	274	1916
41	10630	274	401
41	10630	274	50
41	10630	274	2632
41	10630	274	1047
41	10630	274	1694
41	10630	274	18
41	10630	274	1086
41	10630	274	3671
41	10630	274	919
41	10630	274	3072
41	10630	274	1965
41	10630	274	1733
41	10630	274	2548
41	10630	274	3175
41	10630	274	73
41	10630	274	1423
41	10630	274	431
41	10630	274	463
41	10630	274	2331
41	10630	274	1475
41	10630	274	1122
41	10630	274	775
41	10630	274	1145
41	10630	274	1132
41	10630	274	2668
41	10630	274	731
41	10630	274	2382
41	10630	274	1967
41	10630	274	898
41	10630	274	2584
41	10630	274	2341
41	10630	274	1952
41	10630	274	1216
41	10630	274	3605
41	10630	274	1799
41	10630	274	2159
41	10630	274	584
41	10630	274	1872
41	10630	274	296
41	10630	274	3570
41	10630	274	2000
41	10630	274	2831
41	10630	274	2246
41	10630	274	2339
41	10630	274	2332
41	10630	274	483
41	10630	274	1481
41	10630	274	2954
41	10630	274	563
41	10630	274	179
41	10630	274	1137
41	10630	274	807
41	10630	274	2303
41	10630	274	510
41	10630	274	2641
41	10630	274	1739
41	10630	274	3412
41	10630	274	1490
41	10630	274	1164
41	10630	274	516
41	10630	274	2065
41	10630	274	885
41	10630	274	3600
41	10630	274	2248
41	10630	274	2215
41	10630	274	1219
41	10630	274	3604
41	10630	274	1374
41	10630	274	2276
41	10630	274	2078
41	10630	274	708
41	10630	274	748
41	10630	274	2786
41	10630	274	1246
41	10630	274	2155
41	10630	274	241
41	10630	274	567
41	10630	274	2440
51	10680	324	124
51	10680	324	734
51	10680	324	2436
51	10680	324	70
51	10680	324	1579
51	10680	324	2940
51	10680	324	2572
51	10680	324	2634
51	10680	324	2708
51	10680	324	2916
51	10680	324	1142
51	10680	324	2847
51	10680	324	2445
51	10680	324	2180
51	10680	324	251
51	10680	324	2077
51	10680	324	2069
51	10680	324	3307
51	10680	324	1768
51	10680	324	3308
51	10680	324	134
51	10680	324	5
51	10680	324	328
51	10680	324	2245
51	10680	324	1958
51	10680	324	317
51	10680	324	1612
51	10680	324	1392
51	10680	324	1816
51	10680	324	1491
51	10680	324	1529
51	10680	324	1690
51	10680	324	1449
51	10680	324	1090
51	10680	324	1088
51	10680	324	1688
51	10680	324	756
51	10680	324	2570
51	10680	324	2880
51	10680	324	2961
51	10680	324	625
51	10680	324	66
51	10680	324	1903
51	10680	324	3522
51	10680	324	115
51	10680	324	1238
51	10680	324	2969
51	10680	324	2404
51	10680	324	1977
51	10680	324	1964
51	10680	324	268
51	10680	324	2212
51	10680	324	1618
51	10680	324	2569
51	10680	324	273
51	10680	324	743
51	10680	324	1701
51	10680	324	122
51	10680	324	898
51	10680	324	2476
51	10680	324	1022
51	10680	324	1076
51	10680	324	339
51	10680	324	1741
51	10680	324	981
51	10680	324	1408
51	10680	324	2693
51	10680	324	2920
51	10680	324	1281
51	10680	324	3312
51	10680	324	3631
51	10680	324	923
51	10680	324	2508
51	10680	324	1272
51	10680	324	2202
51	10680	324	1341
51	10680	324	441
51	10680	324	2003
51	10680	324	1521
51	10680	324	2817
51	10680	324	179
51	10680	324	3625
51	10680	324	2624
51	10680	324	63
51	10680	324	2707
51	10680	324	1966
51	10680	324	1162
51	10680	324	1443
51	10680	324	2399
51	10680	324	2644
51	10680	324	1761
51	10680	324	2971
51	10680	324	984
51	10680	324	1108
51	10680	324	1083
51	10680	324	940
51	10680	324	2556
51	10680	324	3524
51	10680	324	1528
51	10680	324	3327
51	10680	324	832
51	10680	324	2902
51	10680	324	204
51	10680	324	3329
51	10680	324	3627
51	10680	324	1001
51	10680	324	3330
51	10680	324	1782
51	10680	324	2993
51	10680	324	2126
51	10680	324	3393
51	10680	324	1778
51	10680	324	1677
51	10680	324	839
51	10680	324	2900
51	10680	324	683
51	10680	324	2118
51	10680	324	1221
51	10680	324	819
51	10680	324	1942
51	10680	324	3556
51	10680	324	615
51	10680	324	1466
51	10680	324	3446
51	10680	324	1038
51	10680	324	1279
51	10680	324	1563
62	10730	374	353
62	10730	374	52
62	10730	374	352
62	10730	374	126
62	10730	374	2580
62	10730	374	422
62	10730	374	136
62	10730	374	1436
62	10730	374	1626
62	10730	374	96
62	10730	374	2490
62	10730	374	1871
62	10730	374	2648
62	10730	374	3453
62	10730	374	97
62	10730	374	2614
62	10730	374	1864
62	10730	374	3356
62	10730	374	872
62	10730	374	1840
62	10730	374	2026
62	10730	374	115
62	10730	374	2918
62	10730	374	1960
62	10730	374	428
62	10730	374	1464
62	10730	374	3492
62	10730	374	2930
62	10730	374	481
62	10730	374	841
62	10730	374	2557
62	10730	374	351
62	10730	374	895
62	10730	374	3092
62	10730	374	2825
62	10730	374	2881
62	10730	374	2454
62	10730	374	2815
62	10730	374	2911
62	10730	374	1618
62	10730	374	1278
62	10730	374	134
62	10730	374	1250
62	10730	374	2888
62	10730	374	2869
62	10730	374	3122
62	10730	374	2559
62	10730	374	2870
62	10730	374	2680
62	10730	374	177
62	10730	374	2558
62	10730	374	1368
62	10730	374	761
62	10730	374	157
62	10730	374	2564
62	10730	374	207
62	10730	374	1524
62	10730	374	121
62	10730	374	1569
62	10730	374	2262
62	10730	374	2679
62	10730	374	1874
62	10730	374	558
62	10730	374	2243
62	10730	374	545
62	10730	374	22
62	10730	374	1405
62	10730	374	2635
62	10730	374	2135
11	10430	24	393
11	10430	24	24
11	10430	24	741
11	10430	24	2872
11	10430	24	844
11	10430	24	253
11	10430	24	575
11	10430	24	1147
11	10430	24	28
11	10430	24	407
11	10430	24	548
11	10430	24	49
11	10430	24	749
11	10430	24	747
11	10430	24	1640
11	10430	24	821
11	10430	24	3052
11	10430	24	2453
11	10430	24	118
11	10430	24	802
11	10430	24	2681
11	10430	24	1611
11	10430	24	3265
11	10430	24	2855
11	10430	24	2521
11	10430	24	135
11	10430	24	544
11	10430	24	2755
11	10430	24	3366
11	10430	24	363
11	10430	24	3584
11	10430	24	2363
11	10430	24	321
21	10480	74	118
21	10480	74	688
21	10480	74	3143
21	10480	74	3233
21	10480	74	1440
21	10480	74	2152
21	10480	74	151
21	10480	74	229
21	10480	74	1981
21	10480	74	2834
21	10480	74	2422
21	10480	74	3654
21	10480	74	306
21	10480	74	1377
21	10480	74	464
21	10480	74	267
21	10480	74	466
21	10480	74	2353
21	10480	74	2236
21	10480	74	2751
21	10480	74	1416
21	10480	74	1356
21	10480	74	225
21	10480	74	2602
21	10480	74	2598
21	10480	74	534
21	10480	74	307
21	10480	74	102
21	10480	74	1892
21	10480	74	3271
21	10480	74	3296
21	10480	74	502
21	10480	74	1381
21	10480	74	1982
21	10480	74	1818
21	10480	74	2253
21	10480	74	2733
21	10480	74	1932
21	10480	74	2978
21	10480	74	2188
21	10480	74	1883
21	10480	74	2673
21	10480	74	1851
21	10480	74	881
21	10480	74	2823
21	10480	74	1636
21	10480	74	3274
21	10480	74	49
21	10480	74	3031
21	10480	74	3255
21	10480	74	276
23	10530	124	48
23	10530	124	120
23	10530	124	332
23	10530	124	118
23	10530	124	1208
23	10530	124	372
23	10530	124	2631
23	10530	124	1792
23	10530	124	3565
23	10530	124	1437
23	10530	124	2743
23	10530	124	2427
23	10530	124	1841
23	10530	124	1499
23	10530	124	112
23	10530	124	346
23	10530	124	2450
23	10530	124	1925
23	10530	124	3518
23	10530	124	2683
23	10530	124	3613
23	10530	124	1021
23	10530	124	780
23	10530	124	1187
23	10530	124	225
23	10530	124	1
23	10530	124	1578
23	10530	124	1352
23	10530	124	2221
23	10530	124	695
23	10530	124	1519
23	10530	124	3413
23	10530	124	3032
23	10530	124	2551
23	10530	124	725
23	10530	124	909
23	10530	124	308
23	10530	124	88
23	10530	124	796
23	10530	124	1682
23	10530	124	1536
23	10530	124	1276
23	10530	124	1252
23	10530	124	2289
23	10530	124	2130
23	10530	124	2470
23	10530	124	1144
23	10530	124	1465
23	10530	124	539
23	10530	124	814
23	10530	124	1987
31	10580	174	142
31	10580	174	487
31	10580	174	822
31	10580	174	2
31	10580	174	2730
31	10580	174	1912
31	10580	174	139
31	10580	174	458
31	10580	174	3426
31	10580	174	420
31	10580	174	98
31	10580	174	1029
31	10580	174	445
31	10580	174	447
31	10580	174	562
31	10580	174	1
31	10580	174	372
31	10580	174	2687
31	10580	174	3338
31	10580	174	1385
31	10580	174	451
31	10580	174	435
31	10580	174	2794
31	10580	174	2012
31	10580	174	19
31	10580	174	2381
31	10580	174	1118
31	10580	174	3622
31	10580	174	3060
31	10580	174	3655
31	10580	174	411
31	10580	174	211
31	10580	174	1306
31	10580	174	2355
31	10580	174	1352
31	10580	174	1704
31	10580	174	41
31	10580	174	1199
31	10580	174	1663
31	10580	174	2999
31	10580	174	1655
31	10580	174	56
31	10580	174	1706
31	10580	174	2882
31	10580	174	3323
31	10580	174	3245
31	10580	174	3563
31	10580	174	3505
31	10580	174	3466
31	10580	174	1685
31	10580	174	3554
31	10580	174	1561
31	10580	174	1639
31	10580	174	282
31	10580	174	3324
31	10580	174	239
31	10580	174	956
31	10580	174	504
31	10580	174	2151
31	10580	174	2861
31	10580	174	1564
31	10580	174	3001
31	10580	174	959
31	10580	174	2524
31	10580	174	2062
31	10580	174	1234
31	10580	174	280
31	10580	174	1533
31	10580	174	947
31	10580	174	1196
31	10580	174	473
31	10580	174	3272
31	10580	174	1546
31	10580	174	799
31	10580	174	1532
31	10580	174	3275
31	10580	174	706
40	10630	224	9
40	10630	224	1378
40	10630	224	1016
40	10630	224	874
40	10630	224	2251
40	10630	224	2447
40	10630	224	1481
40	10630	224	1880
40	10630	224	1232
40	10630	224	2954
40	10630	224	1940
40	10630	224	1739
40	10630	224	1539
40	10630	224	547
40	10630	224	73
40	10630	224	2175
40	10630	224	1165
40	10630	224	431
40	10630	224	3624
40	10630	224	770
40	10630	224	2874
40	10630	224	1584
40	10630	224	3394
40	10630	224	357
40	10630	224	2247
40	10630	224	2581
40	10630	224	187
40	10630	224	2568
40	10630	224	1079
40	10630	224	500
40	10630	224	1246
40	10630	224	374
40	10630	224	2967
40	10630	224	1396
40	10630	224	211
40	10630	224	1886
40	10630	224	2255
40	10630	224	2160
40	10630	224	3433
40	10630	224	3519
40	10630	224	3236
40	10630	224	3038
40	10630	224	1568
40	10630	224	1777
40	10630	224	3425
40	10630	224	630
40	10630	224	300
40	10630	224	567
40	10630	224	2682
40	10630	224	879
40	10630	224	1523
40	10630	224	360
40	10630	224	543
40	10630	224	41
40	10630	224	330
40	10630	224	3079
40	10630	224	2356
40	10630	224	418
40	10630	224	3430
40	10630	224	1305
40	10630	224	3585
40	10630	224	3521
40	10630	224	47
40	10630	224	1198
40	10630	224	436
40	10630	224	681
40	10630	224	3515
40	10630	224	1287
40	10630	224	3401
40	10630	224	370
40	10630	224	1468
40	10630	224	631
40	10630	224	210
40	10630	224	862
40	10630	224	348
40	10630	224	3085
40	10630	224	3205
40	10630	224	2523
40	10630	224	3447
40	10630	224	3087
40	10630	224	927
40	10630	224	3086
40	10630	224	1168
40	10630	224	1915
40	10630	224	1291
40	10630	224	3142
40	10630	224	197
40	10630	224	3640
40	10630	224	2229
40	10630	224	3377
40	10630	224	3455
40	10630	224	579
40	10630	224	3089
40	10630	224	3334
40	10630	224	1817
40	10630	224	1873
40	10630	224	2498
40	10630	224	968
40	10630	224	194
40	10630	224	1141
40	10630	224	3290
40	10630	224	2089
40	10630	224	1850
40	10630	224	519
40	10630	224	2891
40	10630	224	2443
40	10630	224	33
50	10680	274	898
50	10680	274	2404
50	10680	274	66
50	10680	274	3520
50	10680	274	401
50	10680	274	179
50	10680	274	1521
50	10680	274	172
50	10680	274	510
50	10680	274	27
50	10680	274	1966
50	10680	274	483
50	10680	274	3222
50	10680	274	3596
50	10680	274	984
50	10680	274	1896
50	10680	274	1307
50	10680	274	3593
50	10680	274	3594
50	10680	274	431
50	10680	274	3527
50	10680	274	336
50	10680	274	2711
50	10680	274	1782
50	10680	274	708
50	10680	274	1260
50	10680	274	2419
50	10680	274	3419
50	10680	274	2397
50	10680	274	3626
50	10680	274	2127
50	10680	274	940
50	10680	274	1111
50	10680	274	676
50	10680	274	2901
50	10680	274	3414
50	10680	274	241
50	10680	274	2058
50	10680	274	2074
50	10680	274	446
50	10680	274	2512
50	10680	274	2369
50	10680	274	1510
50	10680	274	2725
50	10680	274	2518
50	10680	274	2024
50	10680	274	578
50	10680	274	819
50	10680	274	1469
50	10680	274	1942
50	10680	274	1609
50	10680	274	1037
50	10680	274	1466
50	10680	274	970
50	10680	274	794
50	10680	274	3656
50	10680	274	1548
50	10680	274	134
50	10680	274	3496
50	10680	274	1827
50	10680	274	234
50	10680	274	1389
50	10680	274	1895
50	10680	274	3003
50	10680	274	2440
50	10680	274	1713
50	10680	274	1081
50	10680	274	2377
50	10680	274	2071
50	10680	274	3023
50	10680	274	380
50	10680	274	47
50	10680	274	2217
50	10680	274	94
50	10680	274	3603
50	10680	274	1082
50	10680	274	1402
50	10680	274	3576
50	10680	274	3117
50	10680	274	691
50	10680	274	3020
50	10680	274	3463
50	10680	274	460
50	10680	274	3088
50	10680	274	787
50	10680	274	2184
50	10680	274	1453
50	10680	274	3047
50	10680	274	1887
50	10680	274	2640
50	10680	274	880
50	10680	274	1801
50	10680	274	2294
50	10680	274	700
50	10680	274	2642
50	10680	274	3065
50	10680	274	3452
50	10680	274	3615
50	10680	274	1764
50	10680	274	1890
50	10680	274	1884
50	10680	274	949
50	10680	274	601
50	10680	274	2088
50	10680	274	1458
50	10680	274	3091
50	10680	274	900
50	10680	274	2343
50	10680	274	764
50	10680	274	1643
50	10680	274	2361
50	10680	274	598
50	10680	274	3134
50	10680	274	1693
61	10730	324	1618
61	10730	324	2218
61	10730	324	3312
61	10730	324	2420
61	10730	324	2003
61	10730	324	3502
61	10730	324	2980
61	10730	324	134
61	10730	324	1652
61	10730	324	422
61	10730	324	1184
61	10730	324	177
61	10730	324	2014
61	10730	324	351
61	10730	324	204
61	10730	324	3040
61	10730	324	2706
61	10730	324	2645
61	10730	324	996
61	10730	324	442
61	10730	324	207
61	10730	324	1004
61	10730	324	237
61	10730	324	83
61	10730	324	1992
61	10730	324	1247
61	10730	324	2335
61	10730	324	2696
61	10730	324	2989
61	10730	324	2390
61	10730	324	121
61	10730	324	3388
61	10730	324	1131
61	10730	324	1167
61	10730	324	615
61	10730	324	1974
61	10730	324	1283
61	10730	324	2333
61	10730	324	376
61	10730	324	592
61	10730	324	2117
61	10730	324	1343
61	10730	324	15
61	10730	324	546
61	10730	324	3340
61	10730	324	1500
61	10730	324	1078
61	10730	324	1038
61	10730	324	1774
61	10730	324	22
61	10730	324	1369
61	10730	324	3320
61	10730	324	558
61	10730	324	2070
61	10730	324	1877
61	10730	324	849
61	10730	324	2321
61	10730	324	1628
61	10730	324	3427
61	10730	324	2789
61	10730	324	2709
61	10730	324	1842
61	10730	324	3012
61	10730	324	1556
61	10730	324	2072
61	10730	324	1562
61	10730	324	588
61	10730	324	3580
61	10730	324	2004
61	10730	324	1622
61	10730	324	3082
61	10730	324	116
61	10730	324	2364
61	10730	324	3529
61	10730	324	1830
61	10730	324	2393
61	10730	324	289
61	10730	324	2887
61	10730	324	3380
61	10730	324	2500
61	10730	324	2371
61	10730	324	2797
61	10730	324	1796
61	10730	324	2352
61	10730	324	2927
61	10730	324	2110
61	10730	324	390
61	10730	324	2749
61	10730	324	3243
61	10730	324	2220
61	10730	324	1478
61	10730	324	2768
61	10730	324	1059
61	10730	324	1574
61	10730	324	337
61	10730	324	219
61	10730	324	3326
61	10730	324	2503
61	10730	324	3162
61	10730	324	952
61	10730	324	518
61	10730	324	492
61	10730	324	1757
61	10730	324	185
71	10780	374	351
71	10780	374	157
71	10780	374	3434
71	10780	374	2243
71	10780	374	2145
71	10780	374	558
71	10780	374	22
71	10780	374	2148
71	10780	374	1906
71	10780	374	1114
16	10480	24	747
16	10480	24	118
16	10480	24	1356
16	10480	24	1603
16	10480	24	49
16	10480	24	544
16	10480	24	102
16	10480	24	1200
16	10480	24	1053
16	10480	24	321
16	10480	24	276
16	10480	24	3397
16	10480	24	1646
16	10480	24	326
16	10480	24	1998
16	10480	24	2935
16	10480	24	2392
16	10480	24	3482
16	10480	24	129
16	10480	24	2064
30	10580	124	1
30	10580	124	372
30	10580	124	2999
30	10580	124	2451
30	10580	124	56
30	10580	124	1763
30	10580	124	206
30	10580	124	2861
30	10580	124	3011
30	10580	124	956
30	10580	124	1682
30	10580	124	112
30	10580	124	2179
30	10580	124	3069
30	10580	124	2804
30	10580	124	1138
30	10580	124	2062
30	10580	124	2289
30	10580	124	1726
30	10580	124	2130
30	10580	124	946
30	10580	124	280
30	10580	124	947
30	10580	124	1144
30	10580	124	473
30	10580	124	3298
30	10580	124	1465
30	10580	124	1163
30	10580	124	600
30	10580	124	990
30	10580	124	3272
30	10580	124	1987
30	10580	124	549
30	10580	124	3628
30	10580	124	605
30	10580	124	814
30	10580	124	3054
30	10580	124	914
30	10580	124	1937
30	10580	124	19
30	10580	124	3382
30	10580	124	2205
30	10580	124	2941
30	10580	124	278
30	10580	124	2806
30	10580	124	3514
30	10580	124	867
30	10580	124	3068
30	10580	124	1242
30	10580	124	593
30	10580	124	225
30	10580	124	3477
30	10580	124	2047
30	10580	124	2912
30	10580	124	2213
30	10580	124	3431
30	10580	124	589
30	10580	124	2777
30	10580	124	1044
30	10580	124	2686
30	10580	124	3270
30	10580	124	252
30	10580	124	2698
30	10580	124	472
30	10580	124	1300
30	10580	124	3500
30	10580	124	1183
30	10580	124	2167
30	10580	124	1844
30	10580	124	512
30	10580	124	2837
30	10580	124	238
30	10580	124	2996
30	10580	124	3374
30	10580	124	1996
30	10580	124	1869
30	10580	124	3499
30	10580	124	3153
30	10580	124	2227
30	10580	124	39
30	10580	124	1971
30	10580	124	1537
30	10580	124	2671
30	10580	124	541
30	10580	124	269
30	10580	124	2278
30	10580	124	3152
30	10580	124	2104
30	10580	124	3151
30	10580	124	213
30	10580	124	694
30	10580	124	3220
30	10580	124	1544
30	10580	124	2937
30	10580	124	1483
30	10580	124	1718
30	10580	124	1251
30	10580	124	2742
30	10580	124	2161
30	10580	124	72
30	10580	124	494
30	10580	124	46
30	10580	124	236
30	10580	124	969
49	10680	224	431
49	10680	224	47
49	10680	224	1305
49	10680	224	234
49	10680	224	436
49	10680	224	2433
49	10680	224	3310
49	10680	224	752
49	10680	224	2086
49	10680	224	348
49	10680	224	2640
49	10680	224	1915
49	10680	224	1024
49	10680	224	2166
49	10680	224	2659
49	10680	224	1329
49	10680	224	3452
49	10680	224	2594
49	10680	224	197
49	10680	224	2715
49	10680	224	845
49	10680	224	827
49	10680	224	1160
49	10680	224	3438
49	10680	224	1653
49	10680	224	2702
49	10680	224	402
49	10680	224	291
49	10680	224	2498
49	10680	224	3217
49	10680	224	691
49	10680	224	2660
49	10680	224	579
49	10680	224	87
49	10680	224	1172
49	10680	224	1824
49	10680	224	12
49	10680	224	1643
49	10680	224	612
49	10680	224	2994
49	10680	224	1141
49	10680	224	3358
49	10680	224	2992
49	10680	224	2076
49	10680	224	210
49	10680	224	3285
49	10680	224	840
49	10680	224	3215
49	10680	224	1711
49	10680	224	689
49	10680	224	519
49	10680	224	1525
49	10680	224	3134
49	10680	224	3590
49	10680	224	1693
49	10680	224	1113
49	10680	224	964
49	10680	224	2924
49	10680	224	444
49	10680	224	1589
49	10680	224	972
49	10680	224	1924
49	10680	224	1930
49	10680	224	2566
49	10680	224	704
49	10680	224	298
49	10680	224	2302
49	10680	224	33
49	10680	224	2092
49	10680	224	2604
49	10680	224	3315
49	10680	224	208
49	10680	224	2164
49	10680	224	333
49	10680	224	3276
49	10680	224	982
49	10680	224	3390
49	10680	224	3409
49	10680	224	652
49	10680	224	215
49	10680	224	2633
49	10680	224	1190
49	10680	224	2982
49	10680	224	1207
49	10680	224	860
49	10680	224	1619
49	10680	224	3602
49	10680	224	256
49	10680	224	2981
49	10680	224	745
49	10680	224	65
49	10680	224	1461
49	10680	224	3648
49	10680	224	1909
49	10680	224	2601
49	10680	224	668
49	10680	224	603
49	10680	224	35
49	10680	224	349
70	10780	324	558
70	10780	324	1283
70	10780	324	697
70	10780	324	1906
70	10780	324	22
70	10780	324	121
70	10780	324	2754
70	10780	324	3659
70	10780	324	3660
70	10780	324	15
70	10780	324	390
70	10780	324	1478
70	10780	324	3025
70	10780	324	1574
70	10780	324	1689
70	10780	324	1697
70	10780	324	1598
70	10780	324	825
70	10780	324	1401
70	10780	324	219
70	10780	324	3136
70	10780	324	2860
70	10780	324	185
70	10780	324	760
70	10780	324	3042
70	10780	324	2370
70	10780	324	3029
70	10780	324	54
70	10780	324	2896
70	10780	324	2134
70	10780	324	3133
70	10780	324	2587
70	10780	324	3026
70	10780	324	833
70	10780	324	1205
70	10780	324	1876
70	10780	324	2589
70	10780	324	1856
70	10780	324	801
70	10780	324	2535
70	10780	324	76
70	10780	324	400
70	10780	324	3169
70	10780	324	3670
70	10780	324	2553
70	10780	324	474
70	10780	324	2483
70	10780	324	2835
70	10780	324	571
70	10780	324	532
70	10780	324	2252
70	10780	324	2444
28	10530	74	118
28	10530	74	225
28	10530	74	308
28	10530	74	3296
28	10530	74	1381
28	10530	74	88
28	10530	74	2759
28	10530	74	3488
28	10530	74	1818
28	10530	74	307
28	10530	74	3420
28	10530	74	1448
28	10530	74	1926
28	10530	74	3621
28	10530	74	3487
28	10530	74	2108
28	10530	74	112
28	10530	74	1851
28	10530	74	148
28	10530	74	2785
28	10530	74	2823
28	10530	74	3061
28	10530	74	3019
28	10530	74	3331
28	10530	74	3291
28	10530	74	2067
28	10530	74	95
28	10530	74	1157
28	10530	74	1855
28	10530	74	2773
28	10530	74	3255
28	10530	74	2546
28	10530	74	1299
28	10530	74	1410
28	10530	74	59
28	10530	74	243
28	10530	74	1183
28	10530	74	276
28	10530	74	757
28	10530	74	2473
28	10530	74	2052
28	10530	74	1515
28	10530	74	1347
28	10530	74	2777
28	10530	74	3018
28	10530	74	3561
28	10530	74	1010
28	10530	74	3540
28	10530	74	1328
28	10530	74	2949
28	10530	74	313
28	10530	74	144
28	10530	74	2765
28	10530	74	847
28	10530	74	2307
28	10530	74	935
28	10530	74	2429
28	10530	74	3232
28	10530	74	2279
28	10530	74	1616
28	10530	74	1504
28	10530	74	607
28	10530	74	77
28	10530	74	1665
28	10530	74	2623
28	10530	74	2885
28	10530	74	3179
28	10530	74	1541
28	10530	74	1969
28	10530	74	1573
28	10530	74	2592
28	10530	74	2561
28	10530	74	1099
28	10530	74	45
28	10530	74	1422
28	10530	74	2795
39	10630	174	211
39	10630	174	41
39	10630	174	2493
39	10630	174	3554
39	10630	174	1198
39	10630	174	2151
39	10630	174	2657
39	10630	174	765
39	10630	174	2782
39	10630	174	901
39	10630	174	1287
39	10630	174	187
39	10630	174	959
39	10630	174	125
39	10630	174	927
39	10630	174	1505
39	10630	174	210
39	10630	174	3619
39	10630	174	2908
39	10630	174	2340
39	10630	174	1593
39	10630	174	1005
39	10630	174	1533
39	10630	174	1672
39	10630	174	968
39	10630	174	1152
39	10630	174	772
39	10630	174	1241
39	10630	174	2619
39	10630	174	624
39	10630	174	989
39	10630	174	194
39	10630	174	1201
39	10630	174	2306
39	10630	174	1532
39	10630	174	3588
39	10630	174	504
39	10630	174	1624
39	10630	174	2190
39	10630	174	191
39	10630	174	1391
39	10630	174	404
39	10630	174	19
39	10630	174	2784
39	10630	174	2891
39	10630	174	33
39	10630	174	270
39	10630	174	3428
39	10630	174	971
39	10630	174	2101
39	10630	174	2505
39	10630	174	2462
39	10630	174	3227
39	10630	174	1425
39	10630	174	3344
39	10630	174	1745
39	10630	174	1659
39	10630	174	2142
39	10630	174	1590
39	10630	174	2192
39	10630	174	1284
39	10630	174	433
39	10630	174	1379
39	10630	174	3292
39	10630	174	958
39	10630	174	2736
39	10630	174	146
39	10630	174	2760
39	10630	174	1923
39	10630	174	713
39	10630	174	3504
39	10630	174	200
39	10630	174	644
39	10630	174	2579
39	10630	174	2081
39	10630	174	2830
39	10630	174	1848
39	10630	174	2266
39	10630	174	58
39	10630	174	561
39	10630	174	1905
39	10630	174	3355
39	10630	174	2664
39	10630	174	979
39	10630	174	2622
39	10630	174	2349
39	10630	174	2114
39	10630	174	417
39	10630	174	2840
39	10630	174	911
39	10630	174	1651
39	10630	174	2153
60	10730	274	134
60	10730	274	849
60	10730	274	3650
60	10730	274	794
60	10730	274	588
60	10730	274	2856
60	10730	274	2240
60	10730	274	1143
60	10730	274	1092
60	10730	274	1847
60	10730	274	1887
60	10730	274	2938
60	10730	274	405
60	10730	274	608
60	10730	274	3592
60	10730	274	116
60	10730	274	942
60	10730	274	2442
60	10730	274	1311
60	10730	274	700
60	10730	274	764
60	10730	274	1714
60	10730	274	335
60	10730	274	204
60	10730	274	755
60	10730	274	3573
60	10730	274	3058
60	10730	274	2001
60	10730	274	2168
60	10730	274	337
60	10730	274	111
60	10730	274	3021
60	10730	274	1511
60	10730	274	1282
60	10730	274	2233
60	10730	274	219
60	10730	274	598
60	10730	274	518
60	10730	274	2970
60	10730	274	53
60	10730	274	2416
60	10730	274	2216
60	10730	274	188
60	10730	274	1757
60	10730	274	47
60	10730	274	101
60	10730	274	492
60	10730	274	3024
60	10730	274	1632
60	10730	274	693
60	10730	274	1755
60	10730	274	1575
60	10730	274	1849
60	10730	274	599
60	10730	274	3459
60	10730	274	3333
60	10730	274	113
60	10730	274	2372
60	10730	274	2365
60	10730	274	2020
60	10730	274	2722
60	10730	274	2776
60	10730	274	1769
60	10730	274	1350
60	10730	274	716
60	10730	274	931
60	10730	274	1908
60	10730	274	2068
60	10730	274	729
60	10730	274	2811
60	10730	274	3657
60	10730	274	2913
60	10730	274	2948
60	10730	274	786
60	10730	274	2357
60	10730	274	302
60	10730	274	108
60	10730	274	687
60	10730	274	2428
60	10730	274	2516
60	10730	274	1751
22	10530	24	276
22	10530	24	118
22	10530	24	49
22	10530	24	1702
22	10530	24	1273
22	10530	24	1766
22	10530	24	2163
22	10530	24	935
22	10530	24	129
22	10530	24	326
22	10530	24	3010
22	10530	24	2655
22	10530	24	1541
22	10530	24	77
22	10530	24	1551
22	10530	24	2592
22	10530	24	2231
22	10530	24	1299
22	10530	24	45
22	10530	24	2023
22	10530	24	2866
22	10530	24	3146
22	10530	24	1644
22	10530	24	684
22	10530	24	90
22	10530	24	2973
22	10530	24	2868
22	10530	24	2083
22	10530	24	2914
22	10530	24	3343
22	10530	24	1032
22	10530	24	2386
22	10530	24	3491
22	10530	24	1337
22	10530	24	645
22	10530	24	2793
22	10530	24	2915
22	10530	24	2779
22	10530	24	1193
22	10530	24	1654
22	10530	24	795
22	10530	24	2612
22	10530	24	2849
22	10530	24	2685
22	10530	24	2884
22	10530	24	1605
36	10580	74	2777
36	10580	74	225
36	10580	74	1183
36	10580	74	472
36	10580	74	2227
36	10580	74	77
36	10580	74	2671
36	10580	74	269
36	10580	74	1224
36	10580	74	1099
36	10580	74	19
36	10580	74	649
36	10580	74	1474
36	10580	74	3543
36	10580	74	3304
36	10580	74	45
36	10580	74	2741
36	10580	74	784
36	10580	74	494
36	10580	74	1721
36	10580	74	3396
36	10580	74	1798
36	10580	74	1230
36	10580	74	236
36	10580	74	1393
36	10580	74	366
36	10580	74	2257
36	10580	74	793
36	10580	74	1345
36	10580	74	2532
36	10580	74	1309
36	10580	74	1333
36	10580	74	2237
36	10580	74	1631
36	10580	74	2529
36	10580	74	1027
36	10580	74	478
36	10580	74	2791
36	10580	74	1754
38	10630	124	19
38	10630	124	211
38	10630	124	1659
38	10630	124	1379
38	10630	124	433
38	10630	124	205
38	10630	124	58
38	10630	124	404
38	10630	124	2266
38	10630	124	2105
38	10630	124	261
38	10630	124	2104
38	10630	124	2327
38	10630	124	2622
38	10630	124	1251
38	10630	124	694
38	10630	124	213
38	10630	124	3028
38	10630	124	2434
38	10630	124	911
38	10630	124	1771
38	10630	124	2864
38	10630	124	72
38	10630	124	918
38	10630	124	2477
38	10630	124	2318
38	10630	124	189
38	10630	124	1651
38	10630	124	46
38	10630	124	1055
38	10630	124	2543
38	10630	124	2406
38	10630	124	665
38	10630	124	2805
38	10630	124	969
38	10630	124	200
38	10630	124	846
38	10630	124	1128
38	10630	124	2783
38	10630	124	2829
38	10630	124	2591
38	10630	124	3486
38	10630	124	705
38	10630	124	2354
38	10630	124	1312
38	10630	124	883
38	10630	124	1415
38	10630	124	3612
38	10630	124	1258
38	10630	124	2824
38	10630	124	236
38	10630	124	985
38	10630	124	1154
38	10630	124	1679
38	10630	124	2905
38	10630	124	4
38	10630	124	3207
38	10630	124	1235
38	10630	124	1687
38	10630	124	1838
38	10630	124	1727
38	10630	124	3501
38	10630	124	36
38	10630	124	1602
38	10630	124	1459
38	10630	124	524
38	10630	124	1414
48	10680	174	33
48	10680	174	964
48	10680	174	2129
48	10680	174	1973
48	10680	174	3262
48	10680	174	2050
48	10680	174	982
48	10680	174	1885
48	10680	174	215
48	10680	174	2826
48	10680	174	210
48	10680	174	1684
48	10680	174	1301
48	10680	174	713
48	10680	174	1619
48	10680	174	3369
48	10680	174	146
48	10680	174	65
48	10680	174	457
48	10680	174	2775
48	10680	174	611
48	10680	174	1195
48	10680	174	3457
48	10680	174	1756
48	10680	174	417
48	10680	174	1177
48	10680	174	35
48	10680	174	200
48	10680	174	1372
48	10680	174	12
48	10680	174	1773
48	10680	174	310
48	10680	174	2889
48	10680	174	2013
48	10680	174	871
48	10680	174	886
48	10680	174	555
48	10680	174	3630
48	10680	174	621
48	10680	174	1419
48	10680	174	349
48	10680	174	3242
48	10680	174	58
48	10680	174	986
48	10680	174	2362
48	10680	174	2878
48	10680	174	1431
48	10680	174	723
48	10680	174	2360
48	10680	174	1867
48	10680	174	1802
48	10680	174	2174
48	10680	174	1972
48	10680	174	3293
48	10680	174	8
48	10680	174	1313
48	10680	174	1720
48	10680	174	1064
48	10680	174	1963
48	10680	174	2611
48	10680	174	3267
48	10680	174	913
48	10680	174	3544
48	10680	174	2972
48	10680	174	1218
48	10680	174	1540
48	10680	174	2877
48	10680	174	3131
48	10680	174	1975
48	10680	174	1658
48	10680	174	1936
48	10680	174	443
48	10680	174	2647
48	10680	174	2585
48	10680	174	2480
48	10680	174	3579
48	10680	174	1508
48	10680	174	158
48	10680	174	1485
48	10680	174	1314
48	10680	174	2767
48	10680	174	2176
48	10680	174	1262
48	10680	174	811
48	10680	174	2491
48	10680	174	2010
59	10730	224	47
59	10730	224	693
59	10730	224	2302
59	10730	224	972
59	10730	224	2183
59	10730	224	208
59	10730	224	657
59	10730	224	726
59	10730	224	86
59	10730	224	3538
59	10730	224	2688
59	10730	224	12
59	10730	224	188
59	10730	224	324
59	10730	224	3104
59	10730	224	2948
59	10730	224	35
59	10730	224	2374
59	10730	224	1790
59	10730	224	108
59	10730	224	786
59	10730	224	2228
59	10730	224	3005
59	10730	224	1738
59	10730	224	3386
59	10730	224	3009
59	10730	224	1119
59	10730	224	1648
59	10730	224	2963
59	10730	224	3201
59	10730	224	966
59	10730	224	2600
59	10730	224	3076
59	10730	224	284
59	10730	224	2516
59	10730	224	356
59	10730	224	1383
59	10730	224	2663
59	10730	224	218
59	10730	224	349
59	10730	224	1751
59	10730	224	3642
59	10730	224	574
59	10730	224	2780
59	10730	224	962
59	10730	224	2886
59	10730	224	912
59	10730	224	2848
59	10730	224	2414
59	10730	224	1259
59	10730	224	1606
59	10730	224	1456
59	10730	224	312
59	10730	224	2128
59	10730	224	2316
59	10730	224	1403
59	10730	224	2057
59	10730	224	1558
59	10730	224	409
59	10730	224	3141
59	10730	224	493
59	10730	224	105
59	10730	224	3319
59	10730	224	1028
59	10730	224	1249
59	10730	224	939
59	10730	224	3127
59	10730	224	1332
59	10730	224	2430
59	10730	224	1581
59	10730	224	196
59	10730	224	1812
59	10730	224	2897
59	10730	224	8
59	10730	224	2310
59	10730	224	570
69	10780	274	219
69	10780	274	101
69	10780	274	698
69	10780	274	3507
69	10780	274	185
69	10780	274	2587
69	10780	274	931
69	10780	274	1580
69	10780	274	3224
69	10780	274	3362
69	10780	274	47
69	10780	274	2156
69	10780	274	556
69	10780	274	2079
69	10780	274	2203
69	10780	274	11
69	10780	274	3197
69	10780	274	1205
69	10780	274	2206
69	10780	274	76
69	10780	274	344
69	10780	274	2553
69	10780	274	687
69	10780	274	421
69	10780	274	835
69	10780	274	1670
69	10780	274	1354
69	10780	274	1918
69	10780	274	801
69	10780	274	3582
69	10780	274	1565
69	10780	274	108
69	10780	274	199
69	10780	274	3440
69	10780	274	809
69	10780	274	571
69	10780	274	2096
69	10780	274	2812
69	10780	274	1751
69	10780	274	356
69	10780	274	2444
69	10780	274	3119
69	10780	274	1576
69	10780	274	1040
69	10780	274	3165
69	10780	274	2630
69	10780	274	3280
69	10780	274	2368
69	10780	274	1900
69	10780	274	1749
69	10780	274	1980
69	10780	274	2210
69	10780	274	2492
69	10780	274	468
69	10780	274	448
69	10780	274	3125
69	10780	274	454
69	10780	274	2841
69	10780	274	309
69	10780	274	893
69	10780	274	2045
69	10780	274	1716
69	10780	274	3494
69	10780	274	1348
78	10830	324	833
78	10830	324	1856
78	10830	324	400
78	10830	324	721
78	10830	324	1691
78	10830	324	1810
78	10830	324	2835
78	10830	324	532
78	10830	324	2337
78	10830	324	76
78	10830	324	3148
78	10830	324	737
78	10830	324	182
78	10830	324	2017
78	10830	324	2732
78	10830	324	3347
78	10830	324	3381
78	10830	324	3448
78	10830	324	3441
78	10830	324	1913
78	10830	324	1914
78	10830	324	905
78	10830	324	1407
78	10830	324	67
29	10580	24	77
29	10580	24	45
29	10580	24	192
29	10580	24	129
29	10580	24	2975
29	10580	24	2959
29	10580	24	645
29	10580	24	2090
29	10580	24	1467
29	10580	24	90
29	10580	24	793
29	10580	24	2036
29	10580	24	2851
29	10580	24	1853
29	10580	24	2942
29	10580	24	1484
29	10580	24	2149
29	10580	24	902
29	10580	24	1299
29	10580	24	2336
29	10580	24	2534
29	10580	24	788
29	10580	24	415
29	10580	24	1882
29	10580	24	269
29	10580	24	294
29	10580	24	1222
29	10580	24	3303
29	10580	24	1945
29	10580	24	364
29	10580	24	21
47	10680	124	200
47	10680	124	58
47	10680	124	1050
47	10680	124	751
47	10680	124	369
47	10680	124	3354
47	10680	124	2099
47	10680	124	1867
47	10680	124	1457
47	10680	124	2917
47	10680	124	2904
47	10680	124	831
47	10680	124	1204
47	10680	124	35
47	10680	124	3501
47	10680	124	4
47	10680	124	8
47	10680	124	1934
47	10680	124	443
47	10680	124	158
47	10680	124	2270
47	10680	124	2358
47	10680	124	3121
47	10680	124	1470
47	10680	124	6
47	10680	124	1179
47	10680	124	811
47	10680	124	254
47	10680	124	2010
47	10680	124	524
47	10680	124	2452
47	10680	124	875
47	10680	124	934
47	10680	124	773
47	10680	124	2093
47	10680	124	2699
47	10680	124	212
68	10780	224	1751
68	10780	224	47
68	10780	224	356
68	10780	224	3406
68	10780	224	2536
68	10780	224	108
68	10780	224	1259
68	10780	224	3119
68	10780	224	1390
68	10780	224	1743
68	10780	224	1910
68	10780	224	2816
68	10780	224	344
68	10780	224	663
68	10780	224	2781
68	10780	224	2968
68	10780	224	2082
68	10780	224	893
68	10780	224	622
68	10780	224	2438
68	10780	224	3480
68	10780	224	2198
68	10780	224	1716
68	10780	224	454
68	10780	224	1604
68	10780	224	2810
68	10780	224	37
68	10780	224	209
68	10780	224	35
68	10780	224	1327
68	10780	224	570
68	10780	224	141
68	10780	224	2288
68	10780	224	1834
68	10780	224	1348
68	10780	224	2689
68	10780	224	8
68	10780	224	2415
68	10780	224	1894
68	10780	224	2417
68	10780	224	3641
68	10780	224	2610
68	10780	224	38
68	10780	224	1017
68	10780	224	2489
68	10780	224	1156
68	10780	224	3309
68	10780	224	30
68	10780	224	596
68	10780	224	1661
68	10780	224	1223
68	10780	224	863
45	10630	74	236
45	10630	74	72
45	10630	74	494
45	10630	74	969
45	10630	74	497
45	10630	74	2407
45	10630	74	269
45	10630	74	36
45	10630	74	2791
45	10630	74	528
45	10630	74	2661
45	10630	74	213
45	10630	74	3294
45	10630	74	3322
45	10630	74	1203
45	10630	74	1687
45	10630	74	2790
45	10630	74	3483
45	10630	74	2827
45	10630	74	2345
45	10630	74	718
45	10630	74	1970
45	10630	74	2987
45	10630	74	4
45	10630	74	77
45	10630	74	2828
45	10630	74	2883
45	10630	74	1927
45	10630	74	1414
45	10630	74	8
45	10630	74	524
45	10630	74	1919
45	10630	74	2125
45	10630	74	1192
45	10630	74	155
45	10630	74	1096
45	10630	74	21
58	10730	174	349
58	10730	174	3642
58	10730	174	35
58	10730	174	2272
58	10730	174	312
58	10730	174	3587
58	10730	174	2865
58	10730	174	8
58	10730	174	2877
58	10730	174	3547
58	10730	174	864
58	10730	174	1120
58	10730	174	724
58	10730	174	503
58	10730	174	3241
58	10730	174	1485
58	10730	174	1365
58	10730	174	1060
58	10730	174	1779
58	10730	174	2162
58	10730	174	2895
58	10730	174	2897
58	10730	174	2530
58	10730	174	354
58	10730	174	3279
58	10730	174	666
58	10730	174	1418
58	10730	174	3144
58	10730	174	523
58	10730	174	2799
58	10730	174	140
58	10730	174	108
58	10730	174	3132
58	10730	174	30
58	10730	174	1476
58	10730	174	1426
58	10730	174	266
58	10730	174	3102
58	10730	174	2627
77	10830	274	3148
77	10830	274	76
77	10830	274	3280
77	10830	274	182
77	10830	274	400
77	10830	274	1322
77	10830	274	3156
77	10830	274	3448
77	10830	274	1980
77	10830	274	1275
77	10830	274	2210
77	10830	274	1913
77	10830	274	1455
77	10830	274	1040
77	10830	274	905
77	10830	274	448
77	10830	274	2008
77	10830	274	175
77	10830	274	3525
77	10830	274	1407
77	10830	274	2046
77	10830	274	67
77	10830	274	1487
77	10830	274	2045
77	10830	274	3035
77	10830	274	2137
77	10830	274	482
77	10830	274	2563
77	10830	274	199
77	10830	274	1746
77	10830	274	1750
77	10830	274	1592
77	10830	274	51
77	10830	274	3057
77	10830	274	1518
77	10830	274	498
77	10830	274	132
77	10830	274	1480
77	10830	274	809
77	10830	274	2482
77	10830	274	1348
77	10830	274	2658
77	10830	274	1815
77	10830	274	1517
77	10830	274	983
77	10830	274	47
77	10830	274	1229
77	10830	274	1012
77	10830	274	582
77	10830	274	320
77	10830	274	1023
77	10830	274	2025
77	10830	274	2643
77	10830	274	1594
77	10830	274	450
77	10830	274	38
77	10830	274	3598
77	10830	274	1899
77	10830	274	837
77	10830	274	1342
77	10830	274	3180
77	10830	274	671
77	10830	274	2586
77	10830	274	2411
77	10830	274	3187
77	10830	274	1878
77	10830	274	1717
77	10830	274	2413
77	10830	274	3027
77	10830	274	1814
77	10830	274	315
37	10630	24	269
37	10630	24	1919
37	10630	24	415
37	10630	24	155
37	10630	24	1192
37	10630	24	90
37	10630	24	21
37	10630	24	364
37	10630	24	2862
37	10630	24	1950
37	10630	24	2798
37	10630	24	3558
37	10630	24	1244
37	10630	24	8
37	10630	24	3289
37	10630	24	36
37	10630	24	537
37	10630	24	42
37	10630	24	26
37	10630	24	709
37	10630	24	1319
37	10630	24	2520
37	10630	24	1339
37	10630	24	720
37	10630	24	2803
37	10630	24	889
55	10680	74	524
55	10680	74	1417
55	10680	74	4
55	10680	74	2125
55	10680	74	36
55	10680	74	8
55	10680	74	2719
55	10680	74	1215
55	10680	74	1868
55	10680	74	3196
55	10680	74	1979
55	10680	74	212
55	10680	74	2958
55	10680	74	6
55	10680	74	155
55	10680	74	1340
55	10680	74	100
55	10680	74	2197
55	10680	74	26
55	10680	74	960
55	10680	74	90
55	10680	74	496
55	10680	74	2839
55	10680	74	222
55	10680	74	2800
55	10680	74	178
55	10680	74	1753
55	10680	74	1968
55	10680	74	2282
55	10680	74	2267
55	10680	74	3572
57	10730	124	8
57	10730	124	2799
57	10730	124	6
57	10730	124	934
57	10730	124	1430
57	10730	124	2066
57	10730	124	140
57	10730	124	3102
57	10730	124	108
57	10730	124	212
57	10730	124	2093
57	10730	124	3456
57	10730	124	266
57	10730	124	1696
57	10730	124	2627
57	10730	124	2459
57	10730	124	530
57	10730	124	1772
57	10730	124	3039
57	10730	124	560
57	10730	124	1293
57	10730	124	628
57	10730	124	817
57	10730	124	1033
57	10730	124	2446
57	10730	124	1380
57	10730	124	1479
57	10730	124	3462
67	10780	174	35
67	10780	174	8
67	10780	174	1894
67	10780	174	108
67	10780	174	1907
67	10780	174	47
67	10780	174	30
67	10780	174	1527
67	10780	174	3102
67	10780	174	2417
67	10780	174	3163
67	10780	174	581
67	10780	174	2770
67	10780	174	3064
67	10780	174	596
67	10780	174	2042
67	10780	174	2021
67	10780	174	3451
67	10780	174	1607
67	10780	174	3350
67	10780	174	1949
67	10780	174	1269
67	10780	174	3219
67	10780	174	140
67	10780	174	3118
67	10780	174	2748
67	10780	174	2778
67	10780	174	3342
67	10780	174	1331
67	10780	174	1112
67	10780	174	2181
67	10780	174	1725
67	10780	174	854
67	10780	174	1236
67	10780	174	3513
67	10780	174	1304
67	10780	174	69
67	10780	174	2380
67	10780	174	138
67	10780	174	1961
67	10780	174	1668
67	10780	174	2234
67	10780	174	2690
67	10780	174	2112
67	10780	174	2694
67	10780	174	183
67	10780	174	1902
67	10780	174	1003
76	10830	224	1348
76	10830	224	47
76	10830	224	809
76	10830	224	37
76	10830	224	199
76	10830	224	1023
76	10830	224	910
76	10830	224	38
76	10830	224	141
76	10830	224	2351
76	10830	224	1608
76	10830	224	2962
76	10830	224	51
76	10830	224	175
76	10830	224	209
76	10830	224	2578
76	10830	224	1620
76	10830	224	2417
76	10830	224	2410
76	10830	224	554
76	10830	224	2853
76	10830	224	2586
76	10830	224	1223
76	10830	224	3287
76	10830	224	551
76	10830	224	1600
76	10830	224	501
76	10830	224	1542
76	10830	224	696
76	10830	224	703
76	10830	224	331
76	10830	224	1680
76	10830	224	1346
76	10830	224	2929
76	10830	224	1780
76	10830	224	2311
76	10830	224	1151
76	10830	224	1599
76	10830	224	1814
76	10830	224	711
76	10830	224	980
76	10830	224	315
76	10830	224	80
76	10830	224	277
76	10830	224	2106
76	10830	224	950
76	10830	224	915
76	10830	224	3282
76	10830	224	3475
76	10830	224	3629
76	10830	224	2844
76	10830	224	2107
76	10830	224	424
76	10830	224	2859
76	10830	224	2609
76	10830	224	2977
76	10830	224	1635
76	10830	224	1601
76	10830	224	3664
76	10830	224	759
76	10830	224	355
84	10880	274	38
84	10880	274	837
84	10880	274	2413
84	10880	274	620
84	10880	274	1803
84	10880	274	1091
84	10880	274	80
84	10880	274	315
84	10880	274	327
84	10880	274	1647
84	10880	274	2955
84	10880	274	395
84	10880	274	3090
84	10880	274	224
46	10680	24	155
46	10680	24	26
46	10680	24	8
46	10680	24	90
46	10680	24	301
46	10680	24	655
46	10680	24	1228
46	10680	24	2507
46	10680	24	720
46	10680	24	1462
46	10680	24	2334
46	10680	24	766
46	10680	24	3337
46	10680	24	733
46	10680	24	2713
46	10680	24	3351
46	10680	24	2907
46	10680	24	257
46	10680	24	2906
46	10680	24	889
46	10680	24	1125
46	10680	24	178
46	10680	24	3461
46	10680	24	790
46	10680	24	2845
46	10680	24	2952
46	10680	24	1159
46	10680	24	2522
46	10680	24	2396
66	10780	124	140
66	10780	124	108
66	10780	124	47
66	10780	124	1116
66	10780	124	805
66	10780	124	2446
66	10780	124	830
66	10780	124	781
66	10780	124	817
66	10780	124	2764
66	10780	124	2665
66	10780	124	3149
66	10780	124	2457
66	10780	124	69
66	10780	124	2484
66	10780	124	184
66	10780	124	138
66	10780	124	2234
66	10780	124	1613
66	10780	124	476
66	10780	124	2769
66	10780	124	2763
66	10780	124	14
66	10780	124	1904
66	10780	124	3462
66	10780	124	2301
66	10780	124	977
66	10780	124	2178
66	10780	124	1479
66	10780	124	3349
66	10780	124	635
66	10780	124	1335
66	10780	124	3130
66	10780	124	1003
66	10780	124	1085
66	10780	124	3445
66	10780	124	660
66	10780	124	506
66	10780	124	379
66	10780	124	183
66	10780	124	127
66	10780	124	1829
66	10780	124	3325
66	10780	124	1767
66	10780	124	57
66	10780	124	1978
66	10780	124	2832
66	10780	124	899
83	10880	224	38
83	10880	224	80
83	10880	224	3281
83	10880	224	327
83	10880	224	331
83	10880	224	2844
83	10880	224	792
83	10880	224	175
83	10880	224	852
83	10880	224	2400
83	10880	224	3168
83	10880	224	1104
83	10880	224	1582
83	10880	224	591
83	10880	224	3090
83	10880	224	224
83	10880	224	1334
83	10880	224	32
83	10880	224	682
83	10880	224	1583
83	10880	224	235
83	10880	224	424
83	10880	224	2124
83	10880	224	3302
83	10880	224	778
83	10880	224	1986
83	10880	224	167
83	10880	224	2277
83	10880	224	1881
83	10880	224	1271
83	10880	224	759
83	10880	224	1806
83	10880	224	3120
83	10880	224	3198
83	10880	224	408
83	10880	224	1674
83	10880	224	2027
83	10880	224	263
83	10880	224	2095
83	10880	224	613
83	10880	224	1424
83	10880	224	2925
83	10880	224	3199
83	10880	224	2723
83	10880	224	2854
83	10880	224	2892
83	10880	224	1662
83	10880	224	740
83	10880	224	2208
83	10880	224	275
83	10880	224	3239
83	10880	224	1270
83	10880	224	2533
83	10880	224	2207
83	10880	224	1310
83	10880	224	1176
83	10880	224	2097
83	10880	224	1673
83	10880	224	2291
83	10880	224	944
83	10880	224	114
83	10880	224	190
83	10880	224	2953
83	10880	224	667
83	10880	224	2132
83	10880	224	3376
83	10880	224	1166
83	10880	224	2820
83	10880	224	1008
83	10880	224	2957
83	10880	224	2819
64	10730	74	212
64	10730	74	8
64	10730	74	496
64	10730	74	530
64	10730	74	511
64	10730	74	610
64	10730	74	178
64	10730	74	367
64	10730	74	222
64	10730	74	2965
64	10730	74	1285
64	10730	74	1968
64	10730	74	1293
64	10730	74	2267
64	10730	74	455
64	10730	74	1444
64	10730	74	1286
64	10730	74	892
64	10730	74	3200
64	10730	74	108
64	10730	74	566
64	10730	74	1400
64	10730	74	3528
64	10730	74	2242
64	10730	74	2653
64	10730	74	488
64	10730	74	1765
64	10730	74	3210
64	10730	74	2625
64	10730	74	1399
64	10730	74	1326
64	10730	74	715
64	10730	74	1633
64	10730	74	2605
64	10730	74	343
64	10730	74	1837
75	10830	174	47
75	10830	174	711
75	10830	174	3118
75	10830	174	1112
75	10830	174	3099
75	10830	174	703
75	10830	174	108
75	10830	174	1635
75	10830	174	1699
75	10830	174	1557
75	10830	174	1236
75	10830	174	2485
75	10830	174	1304
75	10830	174	1212
75	10830	174	3490
75	10830	174	2871
75	10830	174	577
75	10830	174	233
75	10830	174	183
75	10830	174	93
75	10830	174	1180
75	10830	174	355
75	10830	174	3664
75	10830	174	776
75	10830	174	424
75	10830	174	1003
75	10830	174	3389
75	10830	174	2997
75	10830	174	3399
75	10830	174	275
75	10830	174	1367
75	10830	174	944
75	10830	174	1298
75	10830	174	870
75	10830	174	3359
75	10830	174	413
75	10830	174	1013
75	10830	174	2513
75	10830	174	14
56	10730	24	178
56	10730	24	8
56	10730	24	3209
56	10730	24	1159
56	10730	24	26
56	10730	24	1633
56	10730	24	127
56	10730	24	1550
56	10730	24	1695
56	10730	24	3407
56	10730	24	790
56	10730	24	108
56	10730	24	573
56	10730	24	3551
56	10730	24	565
56	10730	24	3314
56	10730	24	961
56	10730	24	2241
56	10730	24	1656
56	10730	24	583
56	10730	24	377
56	10730	24	3332
72	10780	74	108
72	10780	74	1293
72	10780	74	1326
72	10780	74	506
72	10780	74	127
72	10780	74	1978
72	10780	74	3454
72	10780	74	343
72	10780	74	437
72	10780	74	2567
72	10780	74	57
72	10780	74	1837
72	10780	74	2750
72	10780	74	1633
72	10780	74	2714
72	10780	74	1280
72	10780	74	453
72	10780	74	2241
72	10780	74	929
72	10780	74	1793
72	10780	74	707
72	10780	74	1239
72	10780	74	1290
72	10780	74	3211
72	10780	74	3497
72	10780	74	3385
72	10780	74	987
72	10780	74	1692
74	10830	124	1003
74	10830	124	47
74	10830	124	183
74	10830	124	1866
74	10830	124	2832
74	10830	124	1829
74	10830	124	899
74	10830	124	275
74	10830	124	1100
74	10830	124	14
74	10830	124	1071
74	10830	124	57
74	10830	124	3635
74	10830	124	3094
74	10830	124	386
74	10830	124	1191
74	10830	124	542
74	10830	124	1435
74	10830	124	1538
74	10830	124	1535
74	10830	124	1214
74	10830	124	1678
74	10830	124	1421
74	10830	124	2796
74	10830	124	1531
74	10830	124	1062
74	10830	124	2650
74	10830	124	1776
82	10880	174	424
82	10880	174	944
82	10880	174	1298
82	10880	174	1828
82	10880	174	275
82	10880	174	190
82	10880	174	945
82	10880	174	2890
82	10880	174	1061
82	10880	174	2513
82	10880	174	413
82	10880	174	2461
82	10880	174	1166
82	10880	174	1008
82	10880	174	1413
82	10880	174	1835
82	10880	174	1447
82	10880	174	340
82	10880	174	3395
82	10880	174	746
82	10880	174	1744
82	10880	174	2944
82	10880	174	465
82	10880	174	1762
82	10880	174	14
82	10880	174	161
82	10880	174	637
82	10880	174	2893
82	10880	174	3375
82	10880	174	2201
82	10880	174	2264
82	10880	174	2637
82	10880	174	789
82	10880	174	1155
82	10880	174	882
82	10880	174	3062
82	10880	174	957
82	10880	174	2956
82	10880	174	1441
82	10880	174	1477
89	10930	224	275
89	10930	224	2820
89	10930	224	114
89	10930	224	535
89	10930	224	1202
89	10930	224	1166
89	10930	224	195
89	10930	224	2499
89	10930	224	2774
65	10780	24	1633
65	10780	24	108
65	10780	24	343
65	10780	24	127
65	10780	24	3638
65	10780	24	2951
65	10780	24	930
65	10780	24	453
65	10780	24	1793
65	10780	24	573
65	10780	24	398
65	10780	24	3190
65	10780	24	506
65	10780	24	2449
65	10780	24	377
65	10780	24	3306
65	10780	24	824
65	10780	24	1338
65	10780	24	1623
65	10780	24	583
65	10780	24	1692
65	10780	24	707
65	10780	24	3317
65	10780	24	8
65	10780	24	57
81	10880	124	275
81	10880	124	14
81	10880	124	47
81	10880	124	2552
81	10880	124	1324
81	10880	124	789
81	10880	124	1155
81	10880	124	957
81	10880	124	882
81	10880	124	2928
81	10880	124	1552
81	10880	124	1186
81	10880	124	57
81	10880	124	1445
81	10880	124	736
81	10880	124	679
81	10880	124	2943
81	10880	124	259
81	10880	124	3004
81	10880	124	2309
81	10880	124	1477
81	10880	124	3216
81	10880	124	627
81	10880	124	1776
81	10880	124	3667
81	10880	124	3555
81	10880	124	137
81	10880	124	3559
81	10880	124	391
81	10880	124	2007
81	10880	124	2652
81	10880	124	123
81	10880	124	2588
81	10880	124	1043
81	10880	124	3489
81	10880	124	2119
81	10880	124	1614
79	10830	74	57
79	10830	74	542
79	10830	74	3063
79	10830	74	1421
79	10830	74	1432
79	10830	74	127
79	10830	74	2060
79	10830	74	3661
79	10830	74	1870
79	10830	74	14
79	10830	74	1000
79	10830	74	3251
79	10830	74	1290
79	10830	74	246
79	10830	74	3137
79	10830	74	1531
79	10830	74	3007
79	10830	74	1595
79	10830	74	334
79	10830	74	896
79	10830	74	3653
79	10830	74	2031
79	10830	74	1943
79	10830	74	426
79	10830	74	938
79	10830	74	2822
79	10830	74	1776
79	10830	74	2018
79	10830	74	1703
79	10830	74	427
79	10830	74	1388
79	10830	74	2073
79	10830	74	1921
79	10830	74	936
79	10830	74	2599
79	10830	74	2222
79	10830	74	3252
79	10830	74	432
79	10830	74	228
79	10830	74	314
79	10830	74	2515
88	10930	174	275
88	10930	174	1166
88	10930	174	114
88	10930	174	2201
88	10930	174	195
88	10930	174	3062
88	10930	174	161
88	10930	174	3016
88	10930	174	3581
88	10930	174	2514
88	10930	174	3260
88	10930	174	2762
88	10930	174	3646
88	10930	174	2136
88	10930	174	1289
88	10930	174	2187
88	10930	174	2122
88	10930	174	2903
88	10930	174	3
88	10930	174	754
88	10930	174	815
88	10930	174	2700
88	10930	174	2285
88	10930	174	1124
88	10930	174	2788
88	10930	174	3417
88	10930	174	2048
88	10930	174	973
88	10930	174	2297
88	10930	174	2280
88	10930	174	2296
88	10930	174	920
88	10930	174	14
88	10930	174	3177
88	10930	174	1947
88	10930	174	3264
88	10930	174	1516
88	10930	174	3171
88	10930	174	137
88	10930	174	193
88	10930	174	3647
88	10930	174	568
88	10930	174	2692
88	10930	174	917
88	10930	174	3228
88	10930	174	2258
73	10830	24	127
73	10830	24	57
73	10830	24	3252
73	10830	24	228
73	10830	24	2504
73	10830	24	8
73	10830	24	1349
73	10830	24	3530
73	10830	24	1857
73	10830	24	2015
73	10830	24	2863
73	10830	24	107
73	10830	24	449
73	10830	24	2439
85	10880	74	57
85	10880	74	427
85	10880	74	14
85	10880	74	152
85	10880	74	627
85	10880	74	3634
85	10880	74	3633
85	10880	74	3562
85	10880	74	803
85	10880	74	119
85	10880	74	1261
85	10880	74	869
85	10880	74	314
85	10880	74	656
85	10880	74	2481
85	10880	74	692
85	10880	74	2821
85	10880	74	133
85	10880	74	1098
85	10880	74	617
85	10880	74	1376
87	10930	124	14
87	10930	124	275
87	10930	124	137
87	10930	124	391
87	10930	124	999
87	10930	124	527
87	10930	124	123
87	10930	124	2465
87	10930	124	1959
87	10930	124	2466
87	10930	124	2040
87	10930	124	226
87	10930	124	1362
87	10930	124	3223
87	10930	124	1832
87	10930	124	3
87	10930	124	1614
87	10930	124	57
87	10930	124	3195
87	10930	124	1020
87	10930	124	85
87	10930	124	3345
87	10930	124	2456
87	10930	124	638
87	10930	124	1174
87	10930	124	1634
87	10930	124	2808
87	10930	124	3110
87	10930	124	590
87	10930	124	1227
87	10930	124	2304
87	10930	124	3423
87	10930	124	1181
87	10930	124	3649
87	10930	124	505
87	10930	124	2308
87	10930	124	1394
87	10930	124	293
87	10930	124	763
93	10980	174	195
93	10980	174	193
93	10980	174	137
93	10980	174	163
93	10980	174	2258
93	10980	174	2005
93	10980	174	226
93	10980	174	470
93	10980	174	2506
93	10980	174	3078
80	10880	24	57
80	10880	24	228
80	10880	24	427
80	10880	24	855
80	10880	24	1577
80	10880	24	632
80	10880	24	449
80	10880	24	1705
80	10880	24	2189
80	10880	24	345
80	10880	24	166
80	10880	24	107
80	10880	24	1376
80	10880	24	906
80	10880	24	1800
80	10880	24	3313
80	10880	24	813
80	10880	24	3055
80	10880	24	1502
92	10980	124	137
92	10980	124	2005
92	10980	124	226
92	10980	124	1373
92	10980	124	163
92	10980	124	2618
92	10980	124	1394
92	10980	124	1227
92	10980	124	3078
92	10980	124	3100
92	10980	124	3472
92	10980	124	1591
92	10980	124	440
92	10980	124	797
92	10980	124	1427
92	10980	124	1140
92	10980	124	2873
92	10980	124	14
92	10980	124	2809
92	10980	124	293
92	10980	124	1956
92	10980	124	2716
92	10980	124	57
92	10980	124	1002
92	10980	124	3383
92	10980	124	3564
92	10980	124	2314
92	10980	124	274
92	10980	124	853
92	10980	124	674
92	10980	124	1645
92	10980	124	17
92	10980	124	1676
92	10980	124	2565
92	10980	124	176
92	10980	124	1308
92	10980	124	536
92	10980	124	2113
92	10980	124	2109
92	10980	124	2478
90	10930	74	14
90	10930	74	57
90	10930	74	925
90	10930	74	692
90	10930	74	505
90	10930	74	85
90	10930	74	2899
90	10930	74	133
90	10930	74	812
90	10930	74	763
90	10930	74	590
90	10930	74	2312
90	10930	74	1376
90	10930	74	851
90	10930	74	3166
90	10930	74	967
90	10930	74	3284
90	10930	74	1821
90	10930	74	1153
90	10930	74	3552
90	10930	74	2075
90	10930	74	1084
90	10930	74	107
90	10930	74	3247
90	10930	74	1015
90	10930	74	469
90	10930	74	1240
90	10930	74	2191
90	10930	74	461
86	10930	24	1376
86	10930	24	57
86	10930	24	812
86	10930	24	906
86	10930	24	107
86	10930	24	1296
86	10930	24	813
86	10930	24	469
86	10930	24	14
86	10930	24	2801
86	10930	24	461
86	10930	24	641
86	10930	24	2230
86	10930	24	3481
86	10930	24	1297
86	10930	24	1813
94	10980	74	57
94	10980	74	14
94	10980	74	2525
94	10980	74	2075
94	10980	74	323
94	10980	74	674
94	10980	74	1308
94	10980	74	17
94	10980	74	1901
94	10980	74	274
94	10980	74	2701
94	10980	74	203
94	10980	74	3567
94	10980	74	3235
94	10980	74	633
94	10980	74	3237
94	10980	74	2538
94	10980	74	664
94	10980	74	2879
94	10980	74	2385
94	10980	74	2697
94	10980	74	643
94	10980	74	10
94	10980	74	287
94	10980	74	3328
94	10980	74	963
94	10980	74	3123
94	10980	74	1795
94	10980	74	131
96	11030	124	17
96	11030	124	1394
96	11030	124	274
96	11030	124	2113
96	11030	124	2384
96	11030	124	2150
96	11030	124	1045
96	11030	124	2478
96	11030	124	674
96	11030	124	452
96	11030	124	2469
96	11030	124	486
96	11030	124	2403
91	10980	24	14
91	10980	24	323
91	10980	24	107
91	10980	24	3191
91	10980	24	10
91	10980	24	2697
91	10980	24	955
91	10980	24	1297
91	10980	24	203
91	10980	24	396
91	10980	24	131
91	10980	24	641
91	10980	24	2986
91	10980	24	439
91	10980	24	1585
91	10980	24	287
91	10980	24	943
91	10980	24	1317
91	10980	24	74
91	10980	24	3449
91	10980	24	1442
91	10980	24	1178
97	11030	74	674
97	11030	74	17
97	11030	74	2385
97	11030	74	452
97	11030	74	250
97	11030	74	643
97	11030	74	486
97	11030	74	1217
97	11030	74	2403
97	11030	74	203
97	11030	74	350
97	11030	74	808
97	11030	74	287
97	11030	74	1404
97	11030	74	1274
97	11030	74	552
97	11030	74	3328
97	11030	74	963
97	11030	74	2115
97	11030	74	2029
97	11030	74	2223
97	11030	74	1664
97	11030	74	2322
97	11030	74	943
97	11030	74	842
97	11030	74	1210
97	11030	74	373
97	11030	74	1209
97	11030	74	75
97	11030	74	2423
97	11030	74	3056
97	11030	74	3081
97	11030	74	1361
97	11030	74	3259
97	11030	74	3575
97	11030	74	3636
97	11030	74	60
95	11030	24	203
95	11030	24	943
95	11030	24	131
95	11030	24	287
95	11030	24	373
95	11030	24	1317
95	11030	24	1110
95	11030	24	1506
95	11030	24	1178
95	11030	24	107
95	11030	24	384
95	11030	24	75
95	11030	24	2225
95	11030	24	60
95	11030	24	1026
95	11030	24	311
95	11030	24	2146
95	11030	24	926
95	11030	24	2401
95	11030	24	2757
95	11030	24	2250
95	11030	24	20
95	11030	24	2056
95	11030	24	978
95	11030	24	606
95	11030	24	3096
95	11030	24	1997
95	11030	24	2939
99	11080	74	75
99	11080	74	60
99	11080	74	2985
99	11080	74	1036
99	11080	74	3299
99	11080	74	597
99	11080	74	1011
99	11080	74	3617
99	11080	74	1875
98	11080	24	60
98	11080	24	358
98	11080	24	1026
98	11080	24	597
98	11080	24	1642
98	11080	24	732
98	11080	24	926
98	11080	24	1759
98	11080	24	3443
98	11080	24	2250
98	11080	24	3008
98	11080	24	3574
98	11080	24	2555
98	11080	24	3645
98	11080	24	933
98	11080	24	75
98	11080	24	2539
98	11080	24	3157
98	11080	24	1839
98	11080	24	3037
98	11080	24	2939
98	11080	24	606
98	11080	24	3408
98	11080	24	3002
98	11080	24	1637
98	11080	24	2418
98	11080	24	1775
98	11080	24	1295
98	11080	24	1719
98	11080	24	1277
100	11130	24	75
100	11130	24	1277
100	11130	24	606
