x	y	clickSelects
0.07941313464887	-2.49034575223904	305
-0.03702739045368	-0.653576317401679	414
0.00413437548399997	-2.41315548641711	145
0.0446239696319799	-2.10634617450914	145
0.00619722831165004	-2.23713495570891	145
0.0533264767369701	-1.24715815554041	110
0.11007313641317	-2.34308299979917	110
0.0787554384034399	-0.96061342110357	1102
0.02042520254636	-1.25756906794976	110
-0.05937147618905	-2.49191542500031	110
0.0468951954491199	-1.8845726038306	110
-0.07504298528323	-1.31885139665969	110
-0.11182321644631	-2.2066984205019	110
-0.1126610597818	-2.42903580408204	253
-0.01229027718662	-0.0938827293826439	253
0.01359097950666	-0.496780689029499	253
-0.1060676818063	-1.28345713141018	253
-0.03533413742275	-0.598187919149788	253
0.0553783334069999	-0.242723964707261	253
-0.1031586190218	-1.33102443839394	253
0.04537359099609	-2.25891977528971	253
0.00000448127870988913	-1.94208644057186	253
-0.05367497163167	-2.10244077222118	253
-0.12145922670578	1.06066651036671	253
-0.0205817545095499	-0.0389661859926962	253
0.07425151846769	-2.4802991619991	135
-0.00363322345607009	-2.49165405426095	135
0.05672422866563	-2.41706731723987	1200
0.0234720025119199	-2.35244819290412	135
-0.0267658788388301	1.20627097280071	135
-0.08987423570142	0.559072548947394	135
0.01827362292441	-1.72119237752959	135
0.10791839315387	1.04455150329286	363
-0.0773728944159	1.62648575645153	363
0.06651242931045	0.996178280220663	363
-0.0506842368968901	-1.28320977434786	363
0.0545030361779699	-2.11599133004909	321
0.01790836349155	-2.3007342290804	321
0.08328131069631	-1.8111454851154	321
0.02110135529903	-0.597272648160775	3397
-0.0120853608336999	1.61393185188059	321
-0.02023172125614	2.25852702694201	321
0.01290533638754	-2.21187625262501	49
-0.0718163678170001	-1.78323468795854	90
-0.0272586316479899	1.41359954110581	129
0.08066659131164	-2.00970965616657	129
0.0106989053025599	0.86251115987415	129
-0.11584209004309	-0.6938162490632	129
-0.0706776451273901	-1.48375477826851	129
-0.0131516376579901	-1.51594368984466	129
-0.11680120727909	-2.43427340581111	129
-0.0816044714527899	-0.952609229230568	129
0.0125552116152701	-1.48877557401521	129
0.0570597664480701	-2.31519088829669	155
-0.0261982501135001	-1.4434476822448	42
0.09716352572209	-2.15928182077009	42
-0.05812103773231	-1.13548612533801	42
-0.10883916675699	-2.01579609232169	42
0.00199876728130999	-1.73104421361824	42
0.11780510989564	-2.29880510568217	42
0.00364762321080003	-1.87503346815127	42
0.07139491311894	-1.40469410587944	42
0.0612473175855699	-1.83803157290308	42
0.0155223077918301	-2.05557772153101	720
-0.11960797364695	0.0664868362288331	720
0.01483831057098	-0.667585279792003	889
-0.0730290212517299	-0.127534390453451	889
0.03825228939382	0.276339948565719	889
0.00752208561586998	-0.910125636462745	889
-0.10247747778412	1.25884884975688	889
-0.11807234889617	0.736790591952329	889
-0.0205918374626399	1.28687280002273	889
0.08478021526298	-1.44555744876153	720
-0.0531941790119801	1.50133575220963	889
-0.0260703704374401	-1.41059686842315	301
0.08850261815048	-0.446571796358139	889
0.09874453664326	-2.03019049879856	720
-0.0329548218729301	-1.37278104811417	26
-0.04234326124324	-0.387642785258164	26
0.04701264008741	-2.26254275595477	26
0.05993625227195	-1.02872546886085	565
0.02938723336394	-1.77278458204765	565
-0.0865569795082799	-2.45727668156153	565
-0.0374125849101501	-2.06828943169938	565
0.05884923095608	-1.79074140782014	565
0.00450996371440993	-0.267843115067306	565
0.11109313245588	-2.43603746575891	127
-0.03700165413054	-2.14765056249895	1349
-0.0600092785541	-2.01968494320527	1349
0.09045449500656	-1.9673618285367	1349
0.03426610804749	-0.576220496977932	1349
0.0144632212553399	-0.755892600830378	1349
-0.0820516309072099	-0.961587612630626	1349
-0.0771294732124601	-0.92101109769951	1349
-0.0896249686191899	-1.00133806203125	1349
0.05638607708698	-2.36195624326803	57
-0.0827227983919101	-0.552577012683716	57
-0.09739411635012	-2.2941333833697	57
0.00222992042064996	-1.18078423974713	57
0.03938208741686	-1.52127428663448	57
0.05508889445961	-1.83411154191113	57
0.0653743951952299	-2.48197942750983	57
0.00862330434020997	-0.83027211618651	107
0.0995406260556999	-2.25143564450869	1585
-0.0951804317214	-2.1824445238223	131
-0.10286216633813	-2.49146398097044	384
-0.0220622875166501	-1.90666854436848	384
0.0850805919933599	-1.12204874321103	384
0.0124834639935001	-1.68288373097153	384
-0.0997320447741401	-1.76400547985638	384
0.10045186275437	-2.14555558650077	384
0.00374963832023001	-2.35085327147528	384
0.0075205673299299	-1.32283359983431	384
-0.0418564184012	-1.96767475463268	75
-0.07178940235177	-1.83788194729029	75
0.03108875515621	-2.02620987972614	75
0.0614662527797301	-2.31602963769243	75
0.00495899605128991	-2.22287337059713	75
-0.0423948185365299	0.405591400485912	75
-0.0471995216701699	1.57079420964313	75
0.07073052786213	-2.37086418071114	75
