x	y	showSelected1
2.91275330367132	2	1
2.63042787502502	1.58496250072116	2
2.92788341033071	1	3
3.05499586152914	2	4
2.10380372095596	0	5
3.25911584418507	1.58496250072116	6
3.55339751012388	2.8073549220576	7
4.09624938318961	3.90689059560852	8
4.07177157941676	3.4594316186373	9
2.82865989653532	1	10
2.54900326202579	0	11
3.00302947055362	1.58496250072116	12
3.31302311032324	2.32192809488736	13
3.98672695933122	3.8073549220576	14
2.959518376973	1	15
3.56478438450399	2	16
3.10754912974469	2	17
3.07003786660776	1.58496250072116	18
3.3163897510732	2.32192809488736	19
2.31806333496276	0	20
2.64345267648619	1.58496250072116	21
2.79098847508882	2	22
3.68142215572101	2.58496250072116	23
3.51454775266029	2.58496250072116	24
2.92116605063774	1	25
3.48572142648158	2	26
2.82736927305383	0	27
2.68394713075151	1	28
2.65896484266444	1	29
3.01494034979294	1.58496250072116	30
2.0899051114394	1	31
2.45484486000851	0	32
2.91960102378411	2	33
2.66370092538965	1	34
3.55315454816963	2.8073549220576	35
3.38827886345964	2	36
2.53781909507327	1	37
3.03822263836872	2.32192809488736	38
1.81954393554187	0	39
3.16583762469013	1	40
2.16136800223497	1.58496250072116	41
2.60638136511061	0	42
2.19589965240923	0	43
2.58206336291171	2	44
2.30535136944662	2	45
1.46239799789896	1	46
4.09187789962941	3.8073549220576	47
3.21590181320403	2	48
3.75996985755431	2.32192809488736	49
2.69635638873333	0	50
2.44090908206522	1	51
2.46982201597816	2	52
2.02938377768521	0	53
2.44870631990508	0	54
3.09096307659573	1	55
2.72672720902657	1	56
4.14677898930783	3.8073549220576	57
3.12024479554637	2	58
2.17897694729317	0	59
3.31534047662729	2	60
2.43296929087441	1	61
2.93399316383124	1.58496250072116	62
2.24303804868629	0	63
2.48713837547719	0	64
2.45178643552429	1	65
3.12872228433843	1	66
2.46686762035411	1	67
2.29003461136252	0	68
1.51851393987789	1	69
3.25261034056737	2	70
3.30168094929358	2	71
2.70926996097583	1.58496250072116	72
2.86923171973098	1	73
2.38201704257487	0	74
3.53807078704317	2.32192809488736	75
2.83758843823551	2	76
3.55966727838806	2.32192809488736	77
2.51719589794997	1.58496250072116	78
2.51454775266029	0	79
2.75511226639507	1.58496250072116	80
2.68394713075151	1	81
2.14921911265538	0	82
1.61278385671974	0	83
3.31931430409051	2	84
2.15533603746506	1	85
2.48572142648158	0	86
1.66275783168157	0	87
1.68124123737559	1	88
2.54282542695918	1	89
3.71441359228712	2.32192809488736	90
2.07188200730613	0	91
3.24104815067164	1.58496250072116	92
2.03342375548695	0	93
1.74036268949424	0	94
1.36172783601759	0	95
2.11394335230684	1	96
1.81291335664286	0	97
2.48144262850231	1	98
1.73239375982297	0	99
2.12385164096709	0	100
2.44090908206522	1	101
2.65417654187796	1	102
1.7481880270062	0	103
3.14829409743475	2	104
1.67209785793572	0	105
2.8228216453031	1.58496250072116	106
3.81868766344151	2.58496250072116	107
3.88212591977003	3.70043971814109	108
1.80617997398389	0	109
3.61878002450622	2	110
1.65321251377534	0	111
3.32715451240943	1.58496250072116	112
2.05307844348342	0	113
2.74507479158206	1.58496250072116	114
2.97818051693741	1.58496250072116	115
2.78247262416629	1	116
2.29666519026153	0	117
3.79920265630053	3.16992500144231	118
2.54157924394658	0	119
3.19534605834842	2	120
2.38738982633873	1.58496250072116	121
1.30102999566398	1	122
2.69196510276736	1	123
2.23299611039215	2	124
1.63346845557959	0	125
2.58319877396862	1	126
3.73070154428185	2.58496250072116	127
2.89097959698969	1	128
3.38542751480513	1.58496250072116	129
2.91698004732038	2.32192809488736	130
3.29754166781816	1.58496250072116	131
2.05307844348342	0	132
2.48000694295715	1	133
3.52361641905437	2.58496250072116	134
2.47275644931721	0	135
1.568201724067	1	136
3.39585037601878	2.32192809488736	137
2.33645973384853	1	138
1.80617997398389	0	139
3.30513631894364	2	140
2.29003461136252	1	141
3.04375512696868	2	142
1.94448267215017	1	143
1.72427586960079	0	144
3.13257984765974	1	145
1.41497334797082	1	146
2.48572142648158	1	147
2.01703333929878	0	148
2.23552844690755	1	149
2.44715803134222	1.58496250072116	150
3.56972494922616	2.32192809488736	151
2.29225607135648	0	152
2.23299611039215	1	153
1.9731278535997	0	154
3.27114431794908	2	155
2.28103336724773	1	156
2.09691001300806	1	157
1.80617997398389	1	158
1.43136376415899	0	159
2.2718416065365	1	160
3.01535975540921	1	161
2.39269695325967	1	162
2.56584781867352	1	163
1.83884909073726	1	164
1.83884909073726	1	165
1.80617997398389	0	166
1.11394335230684	0	167
2.28103336724773	2	168
2.92634244662566	1	169
2.35983548233989	0	170
1.36172783601759	0	171
1.43136376415899	0	172
1.76342799356294	0	173
2.15533603746506	1	174
3.29114676173189	1.58496250072116	175
1.72427586960079	0	176
1.86332286012046	1	177
2.71516735784846	2	178
2.14921911265538	1.58496250072116	179
1.92941892571429	1	180
1.25527250510331	0	181
2.2380461031288	1	182
2.95230800966213	2	183
1.49136169383427	0	184
2.77887447200274	1.58496250072116	185
2.03742649794062	0	186
2.94792361983173	1.58496250072116	187
2.39445168082622	1	188
1.77815125038364	0	189
2.58433122436753	1	190
2.52113808370404	0	191
1.61278385671974	0	192
2.64345267648619	1	193
2.67486114073781	1	194
3.01157044359728	1.58496250072116	195
1.77815125038364	0	196
2.08278537031645	1	197
1.95424250943932	0	198
2.92788341033071	1.58496250072116	199
3.06295783408451	2	200
3.11327469246435	1	201
1.50514997831991	1	202
3.5165353738958	2	203
2.65321251377534	1.58496250072116	204
2.82994669594164	0	205
1.65321251377534	0	206
1.98227123303957	1	207
1.76342799356294	1	208
3.0068937079479	1	209
3.27346427262135	2	210
3.24575935596728	2.32192809488736	211
3.03822263836872	2	212
2.92788341033071	1.58496250072116	213
2.4456042032736	2	214
1.69897000433602	1	215
2.01283722470517	0	216
2.93701610746481	1.58496250072116	217
1.89762709129044	0	218
2.73078227566639	2	219
3.40260524191991	1.58496250072116	220
1.83250891270624	0	221
2.37839790094814	1	222
1.51851393987789	1	223
2.5705429398819	1	224
3.24427712080184	2.32192809488736	225
2.62838893005031	1.58496250072116	226
2.72098574415374	2	227
3.14019367857863	1.58496250072116	228
2.79865064544527	0	229
1.74036268949424	0	230
2.72997428569956	0	231
2.29666519026153	0	232
1.79934054945358	0	233
2.09342168516224	1	234
2.23299611039215	0	235
2.87794695162919	2	236
2.19589965240923	0	237
1.568201724067	0	238
1.38021124171161	0	239
1.46239799789896	0	240
1.7160033436348	1	241
1.61278385671974	0	242
2.29446622616159	0	243
1.54406804435028	0	244
1.72427586960079	0	245
2.42488163663107	0	246
1.43136376415899	0	247
2.20139712432045	0	248
2.16731733474818	1	249
2.42324587393681	0	250
2.35024801833416	1	251
1.43136376415899	0	252
3.31449922797315	1.58496250072116	253
1.60205999132796	0	254
1.32221929473392	0	255
2.26951294421792	0	256
1.60205999132796	0	257
2.96094619573383	2	258
2.95375969173323	0	259
1.53147891704226	1	260
2.59879050676312	0	261
2.28555730900777	0	262
2.02938377768521	0	263
2.05690485133647	1	264
2.85064623518307	1.58496250072116	265
1.81291335664286	1	266
1.61278385671974	1	267
1.68124123737559	0	268
3.31848072517452	2.32192809488736	269
1.44715803134222	0	270
1.47712125471966	0	271
2.64542226934909	1	272
1.77815125038364	0	273
2.92941892571429	1.58496250072116	274
3.68051680938126	3	275
2.32837960343874	2	276
0.954242509439325	0	277
2.12385164096709	0	278
2.24551266781415	1	279
1.65321251377534	1	280
2.71432975974523	1	281
2.34242268082221	0	282
2.22271647114758	1	283
1.14612803567824	0	284
1.79934054945358	1	285
2.62428209583567	1.58496250072116	286
3.22814360759774	2	287
1.79934054945358	0	288
1.46239799789896	0	289
1.79239168949825	0	290
2.07918124604762	0	291
2.01703333929878	0	292
1.7481880270062	1	293
2.44870631990508	0	294
1.53147891704226	1	295
1.41497334797082	0	296
2.05690485133647	1	297
1.75587485567249	0	298
2	1	299
1.25527250510331	0	300
2.80277372529198	0	301
1.32221929473392	0	302
1.39794000867204	1	303
1	0	304
2.49692964807322	0	305
2.31597034545692	1	306
1.51851393987789	1	307
2.35218251811136	1	308
1.30102999566398	0	309
1.81954393554187	0	310
1.07918124604762	0	311
2.16136800223497	1	312
1.23044892137827	0	313
1.83884909073726	1	314
1.23044892137827	1.58496250072116	315
1.90308998699194	1	316
1.57978359661681	0	317
1.25527250510331	0	318
1.14612803567824	0	319
2.00860017176192	0	320
2.78247262416629	1	321
1.14612803567824	0	322
3.13576851456782	1	323
1.53147891704226	0	324
3.51864552433031	2	325
2.77158748088126	1	326
2.41161970596323	1	327
1.07918124604762	0	328
2.31597034545692	0	329
1.04139268515822	0	330
2.35024801833416	1	331
1.90848501887865	1	332
1.68124123737559	0	333
1.79934054945358	0	334
1.94448267215017	0	335
1.32221929473392	0	336
1.14612803567824	1	337
1.79934054945358	0	338
1.44715803134222	0	339
2	0	340
2.17897694729317	0	341
1.88649072517248	0	342
2.25527250510331	1.58496250072116	343
2.55870857053317	1	344
2.95085145888855	0	345
1.27875360095283	1	346
2.32014628611105	1.58496250072116	347
2.15533603746506	1	348
1.9731278535997	2	349
1.41497334797082	0	350
2.83122969386706	1.58496250072116	351
2.01283722470517	1	352
2.98091193777684	2	353
1.32221929473392	0	354
1.568201724067	1	355
2.31175386105575	1.58496250072116	356
2.51054501020661	0	357
1.57978359661681	0	358
1.69019608002851	0	359
2.23552844690755	0	360
0.954242509439325	0	361
1.568201724067	1	362
1.44715803134222	0	363
2.87794695162919	1	364
2.03342375548695	1	365
1.60205999132796	0	366
2.33645973384853	0	367
2.06818586174616	0	368
2.15836249209525	0	369
1.23044892137827	0	370
2.15228834438306	1	371
3.35621713421974	2.32192809488736	372
2.24797326636181	1	373
2.26717172840301	0	374
1.17609125905568	0	375
2.22271647114758	0	376
2.9698816437465	1	377
1.7160033436348	0	378
2.06069784035361	0	379
1.80617997398389	0	380
2.29003461136252	1	381
2.28103336724773	0	382
1.95904139232109	0	383
2.33041377334919	0	384
1.69019608002851	1.58496250072116	385
1.25527250510331	0	386
2.15836249209525	1.58496250072116	387
1.68124123737559	0	388
2.13987908640124	1.58496250072116	389
1.30102999566398	1	390
2.52633927738984	1	391
1.75587485567249	1	392
2.64933485871214	2	393
2.55870857053317	2	394
1.54406804435028	0	395
2.49136169383427	0	396
2.60314437262018	1	397
2.46982201597816	0	398
1.47712125471966	0	399
2.50514997831991	1.58496250072116	400
2.93651374247889	1.58496250072116	401
1.43136376415899	0	402
1.60205999132796	0	403
2.59769518592551	1	404
1.23044892137827	0	405
1.568201724067	1	406
2.36172783601759	1	407
2.28780172993023	0	408
1.50514997831991	0	409
2.61172330800734	0	410
1.64345267648619	0	411
1.54406804435028	0	412
2.66464197555613	1	413
3.76162718456158	2.32192809488736	414
2.37839790094814	1	415
2.09691001300806	1	416
2.17026171539496	1	417
1.11394335230684	0	418
1.60205999132796	1	419
2.04532297878666	1	420
1.30102999566398	0	421
2.90091306773767	1.58496250072116	422
2.29885307640971	2	423
3.04571405894087	2	424
1.90848501887865	1	425
1.97772360528885	0	426
3.24353410183206	1.58496250072116	427
1.43136376415899	1	428
2.01283722470517	0	429
1.61278385671974	0	430
3.18977095634687	2	431
2.35602585719312	0	432
1	1	433
1.79934054945358	0	434
2.03742649794062	0	435
1.85733249643127	1	436
2.01283722470517	0	437
2.17318626841227	0	438
1.41497334797082	0	439
1.84509804001426	0	440
1.7160033436348	0	441
1.568201724067	0	442
1.14612803567824	1	443
2.01283722470517	0	444
1.32221929473392	0	445
1.68124123737559	0	446
2.12057393120585	0	447
1.73239375982297	1	448
2.51982799377572	1	449
1.96848294855394	0	450
2.94497590841205	1	451
2.27415784926368	1	452
1.53147891704226	1	453
2.20411998265593	1	454
2.23044892137827	0	455
1.54406804435028	0	456
2.08278537031645	0	457
2.71933128698373	1	458
1.61278385671974	0	459
1.64345267648619	0	460
1.55630250076729	1	461
1.51851393987789	1	462
1.25527250510331	0	463
2.30102999566398	1	464
2.05307844348342	0	465
1.46239799789896	0	466
1.47712125471966	0	467
1.72427586960079	0	468
2.36172783601759	1	469
1.20411998265592	0	470
1.81291335664286	0	471
2.55870857053317	1	472
1.89209460269048	1	473
1.72427586960079	0	474
1.32221929473392	1	475
1.49136169383427	0	476
1.39794000867204	0	477
1.27875360095283	0	478
1.07918124604762	0	479
1.55630250076729	1	480
1.39794000867204	1	481
1.32221929473392	0	482
1.67209785793572	1	483
1.39794000867204	1	484
2.38916608436453	2	485
2.81023251799508	1	486
1.8750612633917	1	487
1.14612803567824	0	488
1.30102999566398	0	489
1.20411998265592	0	490
1.20411998265592	1	491
1.43136376415899	1	492
1.04139268515822	0	493
2.26007138798507	1.58496250072116	494
1.88081359228079	0	495
1.94939000664491	1	496
1.11394335230684	0	497
2.21218760440396	0	498
1.90308998699194	1	499
1.7160033436348	0	500
1.65321251377534	0	501
1.78532983501077	0	502
1.57978359661681	0	503
2.02938377768521	1	504
2.69108149212297	1	505
3.04060234011407	1.58496250072116	506
2.07188200730613	1	507
2.05307844348342	0	508
1.34242268082221	0	509
1.51851393987789	1	510
1.93951925261862	0	511
1.6232492903979	0	512
1.70757017609794	1	513
1.69019608002851	0	514
2.01703333929878	0	515
1.57978359661681	0	516
1.32221929473392	0	517
1.32221929473392	1	518
1.6232492903979	1	519
0.778151250383644	0	520
1.07918124604762	1	521
1	0	522
1.5910646070265	0	523
2.36735592102602	2	524
2.19033169817029	0	525
1.65321251377534	0	526
2.64836001098093	0	527
1.34242268082221	0	528
2.02530586526477	1	529
1.30102999566398	1	530
2.09691001300806	1	531
1.90308998699194	1	532
0.954242509439325	0	533
1.07918124604762	0	534
2.07554696139253	0	535
1.14612803567824	0	536
1.34242268082221	0	537
2.51982799377572	1	538
1.61278385671974	0	539
0.954242509439325	0	540
1.36172783601759	0	541
2.36172783601759	1	542
1.04139268515822	0	543
1.7481880270062	1	544
1.11394335230684	0	545
0.845098040014257	0	546
1.36172783601759	0	547
1.14612803567824	0	548
1.25527250510331	0	549
2.04921802267018	1	550
2.81690383937566	0	551
1.25527250510331	0	552
1.85733249643127	1	553
1.34242268082221	0	554
1.6232492903979	0	555
0.954242509439325	0	556
1.92941892571429	1	557
2.67486114073781	2	558
1.36172783601759	0	559
1.38021124171161	0	560
0.698970004336019	0	561
2.23299611039215	0	562
1.32221929473392	0	563
1.60205999132796	1	564
2.32014628611105	0	565
1.86332286012046	0	566
1.36172783601759	1	567
1.6232492903979	0	568
1.57978359661681	0	569
1.49136169383427	1	570
1.49136169383427	1	571
1.14612803567824	0	572
3.09447112864165	1	573
2.19589965240923	0	574
1.80617997398389	1	575
2.82801506422398	1	576
2.89542254603941	0	577
2.06445798922692	0	578
1.93449845124357	1	579
2.37657695705651	0	580
1.51851393987789	0	581
1.34242268082221	0	582
1.95424250943932	1	583
0.602059991327962	0	584
1.5910646070265	0	585
1.53147891704226	0	586
0.954242509439325	0	587
2.23044892137827	1	588
2.09691001300806	0	589
2.23044892137827	1	590
1.39794000867204	0	591
0.778151250383644	0	592
1	0	593
1.32221929473392	0	594
2.70586371228392	2.32192809488736	595
2.40483371661994	1	596
1.72427586960079	1	597
2.28780172993023	1	598
1.64345267648619	0	599
1.27875360095283	0	600
1.43136376415899	0	601
1.47712125471966	1	602
1.73239375982297	0	603
1.92427928606188	1	604
1.39794000867204	0	605
3.04178731897175	1.58496250072116	606
1.04139268515822	0	607
1.11394335230684	0	608
0.778151250383644	1	609
1.94448267215017	0	610
1.60205999132796	0	611
1.68124123737559	0	612
1.7481880270062	0	613
1.34242268082221	0	614
1.25527250510331	1	615
1.7160033436348	0	616
1.84509804001426	0	617
1.69897000433602	0	618
0.698970004336019	1	619
1.94448267215017	0	620
1.70757017609794	0	621
1.47712125471966	0	622
1.07918124604762	0	623
1.70757017609794	0	624
0.954242509439325	0	625
2.03742649794062	1	626
2.40654018043396	1	627
1.47712125471966	0	628
1.14612803567824	0	629
2.26007138798507	0	630
1.17609125905568	0	631
1.11394335230684	0	632
1.07918124604762	0	633
0.602059991327962	0	634
0.602059991327962	0	635
1.04139268515822	0	636
1.17609125905568	0	637
1.14612803567824	0	638
1.60205999132796	0	639
1.81954393554187	0	640
2.50514997831991	1	641
1.20411998265592	0	642
1.7481880270062	1	643
1.5910646070265	0	644
1.51851393987789	1	645
2.80617997398389	1	646
2.01703333929878	0	647
1.82607480270083	0	648
2.39445168082622	0	649
1.55630250076729	0	650
1.50514997831991	0	651
2	0	652
1.88649072517248	0	653
1.82607480270083	2	654
1.92941892571429	0	655
1.23044892137827	0	656
1.568201724067	0	657
1.50514997831991	0	658
1.94939000664491	1	659
1.64345267648619	0	660
1.27875360095283	1	661
1	0	662
1.07918124604762	0	663
1.93449845124357	0	664
1.82607480270083	0	665
1.38021124171161	0	666
1.66275783168157	0	667
0.903089986991944	0	668
1.51851393987789	0	669
1.30102999566398	0	670
1.04139268515822	0	671
1.23044892137827	1	672
1.32221929473392	1	673
2.72015930340596	2	674
1.34242268082221	1	675
1.32221929473392	0	676
1.07918124604762	0	677
1.32221929473392	0	678
0.845098040014257	0	679
1.93449845124357	1	680
1.14612803567824	0	681
1.66275783168157	0	682
1	0	683
1.39794000867204	0	684
1.75587485567249	0	685
1.17609125905568	0	686
1.46239799789896	1	687
1.98227123303957	1	688
1.25527250510331	0	689
1.98227123303957	1	690
2.35983548233989	1	691
2.09342168516224	1	692
1.38021124171161	1	693
1.41497334797082	1	694
1.55630250076729	0	695
2.55388302664387	0	696
1.7160033436348	0	697
1.23044892137827	0	698
1.568201724067	0	699
1.43136376415899	1	700
1.72427586960079	0	701
1.80617997398389	0	702
2.58658730467176	1	703
1.34242268082221	0	704
1.63346845557959	0	705
1.53147891704226	0	706
2.13033376849501	1	707
1.57978359661681	1	708
1.568201724067	0	709
2.06445798922692	0	710
2.55750720190566	1	711
1.51851393987789	0	712
1.32221929473392	1	713
1.75587485567249	0	714
1.27875360095283	0	715
1.49136169383427	0	716
1.38021124171161	0	717
1.34242268082221	0	718
0.903089986991944	0	719
2.47129171105894	1	720
0.778151250383644	0	721
1.91381385238372	0	722
1.17609125905568	0	723
0.301029995663981	0	724
0.778151250383644	0	725
1	0	726
1	0	727
1.43136376415899	0	728
1.30102999566398	0	729
1.54406804435028	0	730
1.04139268515822	0	731
1.34242268082221	0	732
1.11394335230684	0	733
2.04921802267018	2	734
0.954242509439325	0	735
1.04139268515822	0	736
1.83250891270624	0	737
1.92941892571429	0	738
1.17609125905568	0	739
0.778151250383644	0	740
1.94939000664491	1	741
1.61278385671974	0	742
2.02530586526477	0	743
0.698970004336019	0	744
0.698970004336019	0	745
2.02938377768521	0	746
2.26007138798507	1.58496250072116	747
1.39794000867204	0	748
1.85125834871908	0	749
2.04921802267018	1	750
1.07918124604762	0	751
1.55630250076729	0	752
1.07918124604762	0	753
0.845098040014257	0	754
2.09342168516224	0	755
1.30102999566398	1	756
0.845098040014257	0	757
1.38021124171161	1.58496250072116	758
1.85125834871908	1	759
1	0	760
1.51851393987789	0	761
1.41497334797082	0	762
2.36735592102602	1	763
1.36172783601759	1	764
1.97772360528885	0	765
1.20411998265592	0	766
1.8750612633917	0	767
1.14612803567824	0	768
0.778151250383644	0	769
0.778151250383644	0	770
1.44715803134222	0	771
2.23044892137827	0	772
1.6232492903979	0	773
1.61278385671974	0	774
1.23044892137827	0	775
1.76342799356294	0	776
1.38021124171161	0	777
1.96378782734556	0	778
1.04139268515822	0	779
1.568201724067	1	780
1.34242268082221	0	781
1.11394335230684	0	782
1.84509804001426	1	783
1.20411998265592	0	784
1.69897000433602	0	785
1.85125834871908	1	786
1.07918124604762	0	787
0.698970004336019	0	788
2.45939248775923	1	789
3.123198075032	1	790
2.10380372095596	0	791
2.22530928172586	0	792
2.8767949762007	1	793
2.3384564936046	1	794
1.47712125471966	0	795
1.46239799789896	0	796
1.67209785793572	0	797
2.09342168516224	0	798
1.07918124604762	0	799
1.49136169383427	1	800
2.26717172840301	1	801
1.50514997831991	0	802
1.76342799356294	0	803
1.74036268949424	0	804
2.3541084391474	0	805
1.43136376415899	0	806
1.23044892137827	0	807
1.78532983501077	0	808
2.66464197555613	1.58496250072116	809
1.27875360095283	1	810
1.32221929473392	1	811
2.70671778233676	1	812
2.41161970596323	1	813
1.41497334797082	1	814
1.54406804435028	0	815
1.53147891704226	0	816
1.80617997398389	1	817
1.43136376415899	1	818
0.903089986991944	1	819
1.50514997831991	0	820
1.25527250510331	0	821
1.34242268082221	1	822
2.35983548233989	0	823
2.41329976408125	0	824
1.90308998699194	0	825
2.55990662503611	0	826
1.46239799789896	0	827
1.81954393554187	0	828
2.77597433112937	1	829
2.55870857053317	0	830
1.43136376415899	0	831
0.845098040014257	0	832
1.98677173426624	1	833
1.36172783601759	0	834
1.51851393987789	0	835
1.17609125905568	0	836
0.477121254719662	1	837
1.39794000867204	0	838
1.49136169383427	0	839
1.04139268515822	0	840
1.81954393554187	0	841
1.6232492903979	0	842
1.44715803134222	0	843
2.06445798922692	1	844
1.77815125038364	0	845
1.79239168949825	0	846
1.88649072517248	0	847
0.602059991327962	0	848
1.74036268949424	1	849
1.93951925261862	0	850
1.38021124171161	0	851
1.34242268082221	0	852
1.8750612633917	0	853
1.38021124171161	0	854
1.86923171973098	0	855
1.54406804435028	0	856
1.55630250076729	0	857
0.954242509439325	0	858
1.17609125905568	0	859
0.698970004336019	0	860
1.38021124171161	0	861
1.20411998265592	0	862
1.23044892137827	0	863
0.845098040014257	0	864
1.25527250510331	0	865
1.47712125471966	0	866
2.16136800223497	0	867
1.32221929473392	0	868
1.23044892137827	0	869
1	0	870
1.39794000867204	0	871
1.11394335230684	0	872
1.94448267215017	0	873
1.83884909073726	1	874
1.14612803567824	0	875
1.83250891270624	0	876
1.17609125905568	0	877
1.47712125471966	0	878
0.477121254719662	0	879
1.04139268515822	0	880
1.43136376415899	0	881
2.28555730900777	1	882
1.04139268515822	0	883
1.34242268082221	0	884
1.36172783601759	0	885
1.23044892137827	0	886
1.30102999566398	0	887
1.30102999566398	0	888
1.7481880270062	1	889
1.20411998265592	1	890
1.25527250510331	0	891
1.14612803567824	0	892
2.32837960343874	1	893
1.44715803134222	0	894
1.11394335230684	0	895
1.25527250510331	0	896
0.845098040014257	0	897
1.96848294855394	2	898
1.39794000867204	1	899
1.91907809237607	0	900
1.39794000867204	0	901
2.11727129565576	0	902
1.04139268515822	0	903
2.04532297878666	0	904
1.75587485567249	1	905
2.45939248775923	1	906
1.50514997831991	0	907
0.954242509439325	0	908
1.39794000867204	0	909
0.698970004336019	0	910
0.903089986991944	1	911
1.54406804435028	0	912
0.698970004336019	0	913
1.23044892137827	0	914
1.75587485567249	0	915
1.89209460269048	1	916
1.79934054945358	0	917
1.17609125905568	0	918
1.23044892137827	0	919
1.07918124604762	0	920
1.43136376415899	0	921
1.25527250510331	0	922
0.903089986991944	0	923
1.07918124604762	0	924
1.11394335230684	0	925
1.17609125905568	1	926
1.36172783601759	1	927
0.954242509439325	0	928
1.67209785793572	0	929
1.44715803134222	0	930
2.00432137378264	1	931
1.43136376415899	0	932
2.35024801833416	0	933
1.27875360095283	1	934
1.36172783601759	1	935
0.903089986991944	0	936
1.32221929473392	0	937
0.954242509439325	0	938
0.477121254719662	0	939
1.5910646070265	1	940
1.07918124604762	0	941
0.845098040014257	0	942
1.76342799356294	1.58496250072116	943
2.25527250510331	1.58496250072116	944
0.778151250383644	0	945
1.49136169383427	0	946
0.778151250383644	1	947
1.07918124604762	0	948
0.602059991327962	0	949
1.34242268082221	0	950
1.17609125905568	1	951
0.477121254719662	0	952
1.20411998265592	1	953
0.954242509439325	0	954
1.11394335230684	0	955
1.7160033436348	1	956
1	1	957
0.477121254719662	0	958
1.27875360095283	1	959
2.05307844348342	0	960
1.66275783168157	0	961
1.11394335230684	0	962
1.77085201164214	1	963
1.25527250510331	1	964
1.17609125905568	0	965
0.954242509439325	0	966
1.77815125038364	0	967
1.38021124171161	1	968
1.73239375982297	1.58496250072116	969
1.17609125905568	0	970
1.14612803567824	0	971
1.74036268949424	1	972
1	0	973
1.32221929473392	0	974
1.55630250076729	0	975
0.903089986991944	1	976
1.44715803134222	0	977
0.301029995663981	0	978
0.301029995663981	0	979
0.602059991327962	0	980
1.14612803567824	0	981
1.568201724067	1	982
0.698970004336019	0	983
1.04139268515822	1	984
1.04139268515822	0	985
1.65321251377534	0	986
0.301029995663981	0	987
0.954242509439325	0	988
0.903089986991944	0	989
1.7481880270062	0	990
1.30102999566398	1.58496250072116	991
1.04139268515822	0	992
0.778151250383644	0	993
0.602059991327962	0	994
1.67209785793572	0	995
1.11394335230684	0	996
1.5910646070265	0	997
0.954242509439325	0	998
1.23044892137827	0	999
1.20411998265592	0	1000
1	0	1001
1.75587485567249	0	1002
1.66275783168157	2	1003
1.32221929473392	0	1004
1.63346845557959	0	1005
1.11394335230684	0	1006
1.36172783601759	0	1007
0.845098040014257	1	1008
1.27875360095283	0	1009
1.20411998265592	0	1010
0.903089986991944	0	1011
1.47712125471966	0	1012
1.47712125471966	0	1013
2.04139268515823	0	1014
1.07918124604762	0	1015
1.77085201164214	0	1016
0.698970004336019	0	1017
0.301029995663981	0	1018
1.04139268515822	0	1019
1.20411998265592	0	1020
1.14612803567824	0	1021
0.954242509439325	0	1022
0.778151250383644	1	1023
1.89209460269048	0	1024
2.00432137378264	0	1025
1.60205999132796	1	1026
1.30102999566398	0	1027
1.5910646070265	0	1028
0.698970004336019	1	1029
0.477121254719662	0	1030
0.903089986991944	0	1031
0.903089986991944	0	1032
0.778151250383644	0	1033
1.11394335230684	0	1034
1.20411998265592	0	1035
2.01703333929878	0	1036
0.698970004336019	0	1037
1.11394335230684	1	1038
1.79239168949825	0	1039
1.75587485567249	1	1040
1.50514997831991	1	1041
1.49136169383427	0	1042
0.477121254719662	0	1043
1.20411998265592	0	1044
1.04139268515822	0	1045
1.36172783601759	0	1046
1.17609125905568	0	1047
1.07918124604762	0	1048
1.04139268515822	1	1049
1.14612803567824	0	1050
2.32428245529769	0	1051
0.698970004336019	0	1052
1.55630250076729	0	1053
1.81291335664286	0	1054
1.39794000867204	0	1055
1.5910646070265	0	1056
1.9912260756925	0	1057
1.60205999132796	0	1058
1.27875360095283	0	1059
0.778151250383644	0	1060
1.85733249643127	0	1061
1.32221929473392	0	1062
1.20411998265592	0	1063
1.14612803567824	0	1064
1.07918124604762	0	1065
0.778151250383644	0	1066
1.20411998265592	0	1067
0.698970004336019	0	1068
1.20411998265592	0	1069
0.602059991327962	0	1070
2.1430148002541	0	1071
0.698970004336019	0	1072
1.23044892137827	0	1073
1.36172783601759	0	1074
1.17609125905568	0	1075
1.32221929473392	0	1076
1.89209460269048	1	1077
1.04139268515822	0	1078
1.46239799789896	0	1079
0.845098040014257	0	1080
1.69897000433602	0	1081
0.477121254719662	0	1082
0.778151250383644	0	1083
1.17609125905568	0	1084
1.64345267648619	0	1085
1.04139268515822	0	1086
1.20411998265592	0	1087
1.38021124171161	0	1088
1.17609125905568	0	1089
1.27875360095283	0	1090
1.04139268515822	0	1091
0.954242509439325	0	1092
1.36172783601759	0	1093
1.27875360095283	0	1094
1.36172783601759	0	1095
1.43136376415899	0	1096
0.845098040014257	0	1097
1.84509804001426	0	1098
2.45636603312904	1	1099
1.25527250510331	0	1100
2.40654018043396	1.58496250072116	1101
1.47712125471966	0	1102
1	0	1103
1.38021124171161	0	1104
0.845098040014257	0	1105
1.47712125471966	1	1106
2.10720996964787	1	1107
1.07918124604762	0	1108
1.07918124604762	0	1109
1.93449845124357	0	1110
0.954242509439325	0	1111
1.53147891704226	1	1112
1.81954393554187	0	1113
0.845098040014257	0	1114
1.43136376415899	0	1115
2.11727129565576	0	1116
1.55630250076729	0	1117
1.68124123737559	0	1118
1	0	1119
1.14612803567824	0	1120
1	0	1121
1.11394335230684	0	1122
0.778151250383644	0	1123
1.36172783601759	0	1124
2.1430148002541	0	1125
0.698970004336019	0	1126
1	0	1127
1.50514997831991	0	1128
1.94448267215017	0	1129
0.954242509439325	0	1130
0.301029995663981	0	1131
1.50514997831991	1	1132
1.47712125471966	0	1133
0.778151250383644	0	1134
1.7160033436348	1	1135
0.698970004336019	0	1136
1.32221929473392	0	1137
1.11394335230684	0	1138
1	0	1139
0.903089986991944	0	1140
1.36172783601759	1	1141
1.25527250510331	0	1142
0.602059991327962	0	1143
0.903089986991944	1	1144
0.698970004336019	0	1145
1.34242268082221	1	1146
0.954242509439325	0	1147
1.88081359228079	0	1148
1.89762709129044	0	1149
1.57978359661681	0	1150
1.25527250510331	0	1151
1.67209785793572	0	1152
0.954242509439325	0	1153
0.903089986991944	0	1154
1.17609125905568	1	1155
0.477121254719662	0	1156
1.74036268949424	0	1157
0.954242509439325	0	1158
1.11394335230684	1	1159
2.22530928172586	0	1160
1.57978359661681	0	1161
1.46239799789896	0	1162
0.954242509439325	0	1163
0.602059991327962	0	1164
1.20411998265592	1	1165
2.34242268082221	2	1166
0.698970004336019	0	1167
1.30102999566398	0	1168
1.20411998265592	0	1169
2.35793484700045	1.58496250072116	1170
2.47856649559384	1	1171
0.698970004336019	0	1172
0.954242509439325	0	1173
1.32221929473392	0	1174
1.11394335230684	0	1175
0.903089986991944	0	1176
1.89762709129044	0	1177
2.26951294421792	1	1178
1.23044892137827	0	1179
1.57978359661681	0	1180
2.13033376849501	0	1181
0.954242509439325	0	1182
2.72098574415374	1.58496250072116	1183
1.23044892137827	0	1184
0.602059991327962	1	1185
1.568201724067	0	1186
0.845098040014257	0	1187
1.38021124171161	0	1188
1.17609125905568	0	1189
0.954242509439325	0	1190
1	0	1191
2.13353890837022	1	1192
1.34242268082221	0	1193
1.25527250510331	0	1194
0.778151250383644	0	1195
0.778151250383644	0	1196
1.14612803567824	1	1197
1.17609125905568	1	1198
1.20411998265592	1	1199
1.50514997831991	0	1200
0.778151250383644	0	1201
1.50514997831991	0	1202
1.04139268515822	0	1203
0.301029995663981	0	1204
1.41497334797082	1	1205
1.39794000867204	0	1206
1.74036268949424	0	1207
2.37106786227174	1	1208
0.698970004336019	0	1209
1.41497334797082	0	1210
1.7160033436348	0	1211
1.69019608002851	0	1212
1.34242268082221	0	1213
1.23044892137827	0	1214
0.845098040014257	0	1215
1.11394335230684	0	1216
0.845098040014257	0	1217
1.27875360095283	0	1218
0.698970004336019	0	1219
0.954242509439325	0	1220
0.602059991327962	0	1221
0.301029995663981	0	1222
1.41497334797082	1	1223
0.602059991327962	0	1224
0.477121254719662	0	1225
0.778151250383644	0	1226
2.01283722470517	1	1227
0.954242509439325	0	1228
1.90308998699194	0	1229
0.698970004336019	0	1230
0.954242509439325	0	1231
0.903089986991944	0	1232
0.698970004336019	0	1233
1.32221929473392	0	1234
1.23044892137827	0	1235
1.49136169383427	1	1236
1.07918124604762	1	1237
1.90848501887865	0	1238
0.954242509439325	0	1239
0.602059991327962	0	1240
1.14612803567824	0	1241
0.954242509439325	0	1242
1.20411998265592	0	1243
0.602059991327962	0	1244
1.14612803567824	1	1245
0.954242509439325	1	1246
1.11394335230684	0	1247
1.07918124604762	0	1248
1.34242268082221	0	1249
0.845098040014257	0	1250
0.778151250383644	1	1251
1.81954393554187	0	1252
1.27875360095283	0	1253
1.76342799356294	0	1254
1.47712125471966	1	1255
1.44715803134222	0	1256
1.04139268515822	0	1257
0.845098040014257	0	1258
1.44715803134222	1	1259
1.25527250510331	0	1260
2.06069784035361	0	1261
1.32221929473392	0	1262
1.23044892137827	1.58496250072116	1263
1.04139268515822	0	1264
1	0	1265
1.07918124604762	0	1266
1.04139268515822	0	1267
1.55630250076729	1	1268
1.5910646070265	0	1269
0.778151250383644	0	1270
1.04139268515822	0	1271
0.903089986991944	0	1272
1.43136376415899	0	1273
0.698970004336019	0	1274
1.77085201164214	0	1275
1.11394335230684	0	1276
2	1	1277
1.04139268515822	0	1278
1.04139268515822	0	1279
1.38021124171161	0	1280
1	0	1281
2.07554696139253	0	1282
2.61384182187607	1	1283
1.07918124604762	0	1284
1.568201724067	0	1285
1.32221929473392	0	1286
1.568201724067	1	1287
0.954242509439325	0	1288
1.60205999132796	0	1289
1.44715803134222	1	1290
1.04139268515822	0	1291
1.36172783601759	0	1292
2.98000337158375	1.58496250072116	1293
1.04139268515822	1	1294
0.778151250383644	0	1295
2.15533603746506	0	1296
2.28555730900777	1	1297
2.16731733474818	1	1298
2.65896484266444	1.58496250072116	1299
1.49136169383427	0	1300
1.55630250076729	0	1301
1.17609125905568	0	1302
2.26717172840301	0	1303
1.07918124604762	1	1304
1.14612803567824	1	1305
1.51851393987789	0	1306
0.698970004336019	0	1307
1.32221929473392	1	1308
0.778151250383644	0	1309
1.86332286012046	0	1310
1	0	1311
1.61278385671974	0	1312
1.17609125905568	0	1313
0.954242509439325	0	1314
1.25527250510331	1	1315
0.301029995663981	0	1316
2.06445798922692	1	1317
1.23044892137827	0	1318
0.477121254719662	0	1319
0.845098040014257	0	1320
0.301029995663981	0	1321
0.778151250383644	0	1322
0.778151250383644	0	1323
0.602059991327962	0	1324
1.11394335230684	0	1325
2.00860017176192	1	1326
1.568201724067	0	1327
1.67209785793572	0	1328
1.17609125905568	0	1329
0.845098040014257	0	1330
0.698970004336019	0	1331
0.477121254719662	0	1332
1.23044892137827	0	1333
0.602059991327962	0	1334
1.63346845557959	0	1335
0.903089986991944	0	1336
1.20411998265592	0	1337
0.602059991327962	0	1338
1.04139268515822	0	1339
1.25527250510331	0	1340
0.903089986991944	0	1341
0.477121254719662	0	1342
1.04139268515822	0	1343
1.38021124171161	0	1344
0.778151250383644	0	1345
0.778151250383644	0	1346
1.69019608002851	0	1347
1.50514997831991	2	1348
2.28103336724773	0	1349
0.845098040014257	0	1350
0.602059991327962	0	1351
1.27875360095283	1.58496250072116	1352
1.5910646070265	0	1353
1.39794000867204	0	1354
1.04139268515822	0	1355
1.50514997831991	1.58496250072116	1356
1.30102999566398	0	1357
1.23044892137827	0	1358
0.698970004336019	0	1359
0.778151250383644	0	1360
0.698970004336019	0	1361
1.78532983501077	0	1362
0.698970004336019	0	1363
0.602059991327962	0	1364
1.20411998265592	0	1365
0.845098040014257	0	1366
0.698970004336019	0	1367
0.477121254719662	0	1368
1.04139268515822	0	1369
0.477121254719662	0	1370
1.07918124604762	0	1371
1.17609125905568	0	1372
0.903089986991944	0	1373
0.301029995663981	0	1374
0.845098040014257	0	1375
2.58092497567562	2	1376
1.64345267648619	0	1377
1.44715803134222	1	1378
1.60205999132796	1	1379
0.954242509439325	0	1380
0.903089986991944	1	1381
1.11394335230684	0	1382
1.95424250943932	0	1383
1.23044892137827	0	1384
1.14612803567824	0	1385
0.698970004336019	0	1386
0.477121254719662	0	1387
1.72427586960079	0	1388
0.845098040014257	0	1389
0.903089986991944	0	1390
0.301029995663981	0	1391
1.14612803567824	1	1392
1.27875360095283	0	1393
3.10105935490812	1.58496250072116	1394
1.30102999566398	0	1395
0.301029995663981	0	1396
0.301029995663981	0	1397
1	0	1398
2.01283722470517	0	1399
1.47712125471966	0	1400
0.602059991327962	0	1401
1.20411998265592	0	1402
0.477121254719662	0	1403
0.778151250383644	0	1404
0.477121254719662	0	1405
0.698970004336019	0	1406
1.79934054945358	1	1407
1.90848501887865	0	1408
0.903089986991944	0	1409
1.14612803567824	0	1410
1.34242268082221	0	1411
0.954242509439325	0	1412
1.85733249643127	0	1413
1.6232492903979	1	1414
1.36172783601759	0	1415
0.698970004336019	0	1416
1.20411998265592	0	1417
1.66275783168157	0	1418
0.903089986991944	0	1419
0.845098040014257	0	1420
2.08635983067475	1	1421
1.20411998265592	0	1422
1.34242268082221	0	1423
1.07918124604762	0	1424
0.698970004336019	0	1425
1.23044892137827	0	1426
0.903089986991944	0	1427
0.903089986991944	1	1428
1.74036268949424	1	1429
1.04139268515822	0	1430
1.17609125905568	0	1431
0.698970004336019	0	1432
0.698970004336019	0	1433
0.477121254719662	0	1434
1.04139268515822	0	1435
1.34242268082221	0	1436
0.477121254719662	0	1437
0.698970004336019	0	1438
1.11394335230684	0	1439
1.57978359661681	1	1440
1.07918124604762	0	1441
0.602059991327962	0	1442
0.698970004336019	0	1443
0.845098040014257	0	1444
1.11394335230684	0	1445
0.778151250383644	0	1446
0.698970004336019	0	1447
1.36172783601759	0	1448
0.477121254719662	0	1449
0.845098040014257	1	1450
1.38021124171161	0	1451
1.17609125905568	1	1452
0.602059991327962	0	1453
1	0	1454
0.602059991327962	0	1455
0.778151250383644	0	1456
0.602059991327962	0	1457
1.04139268515822	0	1458
0.698970004336019	0	1459
1.04139268515822	0	1460
0.845098040014257	0	1461
0.698970004336019	0	1462
0.778151250383644	0	1463
0.845098040014257	0	1464
1.17609125905568	1	1465
1.49136169383427	1	1466
1.11394335230684	0	1467
0.301029995663981	0	1468
2.37106786227174	0	1469
0.903089986991944	0	1470
0.954242509439325	0	1471
0.477121254719662	1	1472
1.34242268082221	0	1473
1.17609125905568	0	1474
1.60205999132796	0	1475
1.77085201164214	0	1476
1.27875360095283	1	1477
0.954242509439325	1	1478
1.50514997831991	1	1479
0.954242509439325	0	1480
1.04139268515822	1	1481
0.903089986991944	1	1482
0.602059991327962	0	1483
0.602059991327962	0	1484
1.41497334797082	1	1485
0.954242509439325	0	1486
1.6232492903979	0	1487
0.903089986991944	0	1488
0.698970004336019	0	1489
0.954242509439325	0	1490
0.477121254719662	0	1491
0.602059991327962	0	1492
1.39794000867204	0	1493
1.17609125905568	0	1494
1.88649072517248	0	1495
1.30102999566398	0	1496
1.38021124171161	0	1497
0.903089986991944	0	1498
1.30102999566398	0	1499
0.778151250383644	0	1500
1	0	1501
0.301029995663981	0	1502
0.845098040014257	0	1503
0.845098040014257	0	1504
1.41497334797082	0	1505
1.14612803567824	0	1506
0.698970004336019	0	1507
0.954242509439325	0	1508
0.845098040014257	0	1509
1.46239799789896	0	1510
1.34242268082221	0	1511
1.34242268082221	0	1512
0.698970004336019	0	1513
1.69019608002851	0	1514
0.301029995663981	0	1515
0.954242509439325	0	1516
0.477121254719662	0	1517
1.20411998265592	0	1518
0.903089986991944	0	1519
0.903089986991944	0	1520
1.5910646070265	1	1521
1.14612803567824	0	1522
0.301029995663981	0	1523
0.698970004336019	0	1524
0.477121254719662	0	1525
1.32221929473392	0	1526
0.778151250383644	0	1527
0.778151250383644	0	1528
0.698970004336019	1	1529
1.23044892137827	0	1530
1.38021124171161	1	1531
1.568201724067	1	1532
1.6232492903979	1	1533
1.07918124604762	0	1534
1.44715803134222	0	1535
0.698970004336019	0	1536
1.11394335230684	0	1537
1.14612803567824	0	1538
1	0	1539
0.477121254719662	0	1540
1.07918124604762	1	1541
1.14612803567824	0	1542
0.954242509439325	0	1543
0.778151250383644	0	1544
0.778151250383644	0	1545
0.602059991327962	0	1546
0.903089986991944	0	1547
0.698970004336019	0	1548
0.903089986991944	0	1549
0.845098040014257	0	1550
0.477121254719662	0	1551
2.15228834438306	0	1552
2.34044411484012	1	1553
1.64345267648619	1	1554
1.68124123737559	0	1555
0.845098040014257	0	1556
1.25527250510331	0	1557
1	0	1558
1.07918124604762	0	1559
0.903089986991944	0	1560
1.25527250510331	0	1561
0.845098040014257	0	1562
1.07918124604762	0	1563
1.11394335230684	0	1564
0.845098040014257	0	1565
0.602059991327962	0	1566
1.25527250510331	0	1567
1.30102999566398	0	1568
1	0	1569
0.954242509439325	0	1570
1.46239799789896	0	1571
0.845098040014257	0	1572
1.34242268082221	0	1573
1.6232492903979	1	1574
0.778151250383644	0	1575
0.602059991327962	0	1576
0.301029995663981	0	1577
0.477121254719662	0	1578
1.64345267648619	1	1579
0.602059991327962	0	1580
0.778151250383644	0	1581
1	0	1582
1	0	1583
1.07918124604762	0	1584
1.81954393554187	0	1585
1.34242268082221	0	1586
1.83250891270624	0	1587
1.43136376415899	0	1588
1.11394335230684	0	1589
0.477121254719662	0	1590
1.32221929473392	0	1591
0.778151250383644	0	1592
0.778151250383644	0	1593
1.17609125905568	0	1594
1.76342799356294	0	1595
1.20411998265592	0	1596
1.11394335230684	0	1597
1.70757017609794	0	1598
1.80617997398389	0	1599
1.39794000867204	0	1600
1.72427586960079	0	1601
1	0	1602
1.07918124604762	0	1603
1.77085201164214	0	1604
0.301029995663981	0	1605
0.477121254719662	0	1606
1.27875360095283	0	1607
0.602059991327962	0	1608
0.602059991327962	0	1609
1.50514997831991	0	1610
1.30102999566398	0	1611
1.57978359661681	0	1612
0.698970004336019	0	1613
1.14612803567824	1	1614
1.17609125905568	1	1615
0.903089986991944	0	1616
1.07918124604762	0	1617
2.39967372148104	2	1618
0.954242509439325	1	1619
0.698970004336019	0	1620
1.38021124171161	0	1621
1.14612803567824	0	1622
1.17609125905568	0	1623
0.778151250383644	0	1624
1.82607480270083	0	1625
1.50514997831991	1	1626
1.70757017609794	0	1627
0.602059991327962	0	1628
1.39794000867204	0	1629
0.954242509439325	0	1630
0.602059991327962	0	1631
0.954242509439325	0	1632
2.94497590841205	2	1633
1.89209460269048	0	1634
2.45939248775923	1	1635
1.55630250076729	0	1636
1.51851393987789	0	1637
0.301029995663981	0	1638
0.477121254719662	0	1639
1.30102999566398	0	1640
1	0	1641
0.602059991327962	0	1642
1.25527250510331	1	1643
1.23044892137827	0	1644
1.07918124604762	0	1645
0.477121254719662	0	1646
0.602059991327962	0	1647
1.11394335230684	0	1648
1.32221929473392	0	1649
1	0	1650
2.34242268082221	1	1651
1.60205999132796	0	1652
2.04921802267018	0	1653
1.32221929473392	0	1654
1.36172783601759	0	1655
1.39794000867204	0	1656
1.53147891704226	1	1657
1.20411998265592	0	1658
1.39794000867204	1	1659
0.845098040014257	0	1660
0.778151250383644	0	1661
0.301029995663981	0	1662
1.04139268515822	0	1663
1.6232492903979	0	1664
1.25527250510331	0	1665
1	0	1666
2.25527250510331	0	1667
0.778151250383644	0	1668
0.301029995663981	0	1669
1.54406804435028	0	1670
0.698970004336019	0	1671
0.845098040014257	0	1672
0.477121254719662	0	1673
0.903089986991944	0	1674
0.301029995663981	0	1675
1.14612803567824	0	1676
0.954242509439325	0	1677
1.04139268515822	0	1678
1.17609125905568	0	1679
1.27875360095283	0	1680
0.778151250383644	0	1681
1.14612803567824	1	1682
0.845098040014257	0	1683
0.778151250383644	0	1684
0.301029995663981	0	1685
0.845098040014257	0	1686
1.27875360095283	1	1687
2.19589965240923	1	1688
1.98227123303957	0	1689
0.903089986991944	0	1690
1.23044892137827	0	1691
0.477121254719662	1	1692
1.54406804435028	1	1693
1.17609125905568	0	1694
0.778151250383644	0	1695
1.61278385671974	0	1696
1.32221929473392	0	1697
0.301029995663981	0	1698
1.44715803134222	0	1699
1.32221929473392	0	1700
0.477121254719662	0	1701
0.698970004336019	0	1702
0.602059991327962	0	1703
1.30102999566398	0	1704
1.04139268515822	0	1705
0.602059991327962	0	1706
0.602059991327962	0	1707
0.778151250383644	0	1708
2.01703333929878	1	1709
1.20411998265592	1	1710
1.50514997831991	0	1711
0.698970004336019	1	1712
0.903089986991944	0	1713
0.477121254719662	0	1714
0.903089986991944	0	1715
0.602059991327962	1	1716
0.602059991327962	0	1717
0.903089986991944	0	1718
0.477121254719662	0	1719
0.845098040014257	0	1720
0.477121254719662	0	1721
0.845098040014257	0	1722
0.602059991327962	0	1723
0.903089986991944	0	1724
1.44715803134222	0	1725
1.46239799789896	0	1726
0.778151250383644	0	1727
0.602059991327962	0	1728
0.903089986991944	0	1729
0.698970004336019	0	1730
0.845098040014257	0	1731
1.04139268515822	0	1732
1.5910646070265	0	1733
1.17609125905568	0	1734
1.36172783601759	0	1735
0.778151250383644	0	1736
1.25527250510331	0	1737
0.301029995663981	0	1738
1.36172783601759	1	1739
0.903089986991944	0	1740
0.698970004336019	0	1741
0.301029995663981	0	1742
0.301029995663981	0	1743
0.477121254719662	0	1744
1.14612803567824	0	1745
0.778151250383644	0	1746
0.845098040014257	0	1747
1.43136376415899	1	1748
1.34242268082221	0	1749
1.27875360095283	0	1750
1.6232492903979	2	1751
0.845098040014257	0	1752
1.44715803134222	0	1753
0.602059991327962	0	1754
1.73239375982297	0	1755
1.07918124604762	0	1756
1.36172783601759	1	1757
0.778151250383644	0	1758
0.602059991327962	0	1759
1.30102999566398	0	1760
1.04139268515822	0	1761
1.77815125038364	0	1762
1.72427586960079	0	1763
1.34242268082221	0	1764
0.698970004336019	0	1765
0.845098040014257	0	1766
0.602059991327962	0	1767
0.301029995663981	0	1768
1.11394335230684	0	1769
1.07918124604762	0	1770
1.68124123737559	0	1771
0.602059991327962	0	1772
1.23044892137827	0	1773
1	0	1774
1.32221929473392	0	1775
1.30102999566398	1.58496250072116	1776
1.04139268515822	0	1777
0.602059991327962	0	1778
0.903089986991944	0	1779
1.04139268515822	0	1780
0.698970004336019	0	1781
1.32221929473392	1	1782
0.477121254719662	0	1783
0.698970004336019	0	1784
1.76342799356294	0	1785
0.954242509439325	0	1786
0.602059991327962	0	1787
1.43136376415899	0	1788
0.602059991327962	0	1789
1.41497334797082	0	1790
1.53147891704226	0	1791
0.602059991327962	0	1792
1.32221929473392	1	1793
0.477121254719662	1	1794
1.23044892137827	0	1795
0.778151250383644	0	1796
0.698970004336019	0	1797
0.954242509439325	0	1798
1.07918124604762	0	1799
1.5910646070265	0	1800
1.68124123737559	0	1801
0.778151250383644	0	1802
1	0	1803
0.845098040014257	0	1804
1.6232492903979	0	1805
1.36172783601759	0	1806
0.477121254719662	1	1807
0.301029995663981	0	1808
1.91907809237607	0	1809
1.57978359661681	0	1810
0.477121254719662	0	1811
0.845098040014257	0	1812
1.43136376415899	0	1813
1.23044892137827	1	1814
0.301029995663981	0	1815
0.845098040014257	1	1816
1	0	1817
0.903089986991944	1	1818
1.20411998265592	1	1819
0.903089986991944	1	1820
0.477121254719662	0	1821
1	1	1822
0.903089986991944	0	1823
1.11394335230684	0	1824
1.46239799789896	0	1825
1	0	1826
1.04139268515822	0	1827
0.903089986991944	0	1828
1.50514997831991	1	1829
1.07918124604762	0	1830
0.954242509439325	0	1831
1.04139268515822	0	1832
1.39794000867204	1	1833
0.602059991327962	0	1834
0.301029995663981	0	1835
1.30102999566398	0	1836
1.30102999566398	1	1837
0.698970004336019	0	1838
2.02118929906994	0	1839
1.20411998265592	0	1840
1.27875360095283	0	1841
1.04139268515822	0	1842
0.698970004336019	0	1843
0.954242509439325	0	1844
1.34242268082221	1	1845
0.477121254719662	0	1846
0.954242509439325	0	1847
0.903089986991944	0	1848
0.477121254719662	0	1849
1	0	1850
0.778151250383644	1	1851
0.698970004336019	0	1852
1.14612803567824	0	1853
0.602059991327962	1	1854
0.845098040014257	0	1855
1.14612803567824	1	1856
0.301029995663981	0	1857
0.698970004336019	0	1858
0.954242509439325	0	1859
0.903089986991944	0	1860
1.55630250076729	0	1861
0.477121254719662	0	1862
0.845098040014257	0	1863
0.477121254719662	0	1864
0.301029995663981	0	1865
1.68124123737559	0	1866
1.68124123737559	1	1867
0.602059991327962	0	1868
1.30102999566398	0	1869
1.68124123737559	0	1870
0	0	1871
0.845098040014257	0	1872
0.698970004336019	0	1873
0	0	1874
0.602059991327962	0	1875
0.602059991327962	0	1876
0.477121254719662	0	1877
0.477121254719662	0	1878
0.301029995663981	0	1879
0.301029995663981	0	1880
0.778151250383644	0	1881
1.14612803567824	0	1882
0.954242509439325	0	1883
0.602059991327962	0	1884
1.23044892137827	0	1885
1.30102999566398	0	1886
1.68124123737559	1	1887
0.602059991327962	0	1888
0.602059991327962	0	1889
0.602059991327962	0	1890
0.602059991327962	0	1891
1	0	1892
0.903089986991944	0	1893
1.88649072517248	1	1894
0.477121254719662	0	1895
0.301029995663981	0	1896
0.477121254719662	0	1897
0.602059991327962	0	1898
1.07918124604762	0	1899
0.903089986991944	0	1900
0.301029995663981	0	1901
0.954242509439325	0	1902
0.698970004336019	0	1903
0.602059991327962	0	1904
0.602059991327962	0	1905
0.477121254719662	1	1906
1.27875360095283	0	1907
0.602059991327962	0	1908
0.477121254719662	0	1909
0.778151250383644	0	1910
1.30102999566398	0	1911
1.39794000867204	0	1912
1.39794000867204	1	1913
0.845098040014257	0	1914
1.07918124604762	1	1915
0	0	1916
0.301029995663981	0	1917
0.301029995663981	0	1918
1.44715803134222	1	1919
0.602059991327962	0	1920
1.91907809237607	0	1921
1.23044892137827	0	1922
0.602059991327962	0	1923
0.903089986991944	0	1924
1.11394335230684	0	1925
0.602059991327962	0	1926
0.954242509439325	0	1927
0.301029995663981	0	1928
0.698970004336019	0	1929
0.301029995663981	0	1930
0.477121254719662	0	1931
1.04139268515822	0	1932
0.698970004336019	0	1933
1.14612803567824	0	1934
0.845098040014257	0	1935
0.477121254719662	0	1936
1.04139268515822	0	1937
0.301029995663981	0	1938
0	0	1939
0.698970004336019	0	1940
0.903089986991944	0	1941
1.20411998265592	1	1942
0.477121254719662	0	1943
1.46239799789896	1	1944
1.68124123737559	0	1945
0	0	1946
1	0	1947
0.301029995663981	0	1948
1.54406804435028	0	1949
1.07918124604762	0	1950
0.845098040014257	0	1951
0.477121254719662	0	1952
0.698970004336019	0	1953
0.301029995663981	0	1954
0.778151250383644	0	1955
0.477121254719662	0	1956
0.602059991327962	0	1957
0.845098040014257	0	1958
1.47712125471966	0	1959
0.903089986991944	0	1960
0.602059991327962	0	1961
0.477121254719662	0	1962
0.903089986991944	0	1963
1.17609125905568	0	1964
0.903089986991944	1	1965
1	1	1966
0.301029995663981	0	1967
1.17609125905568	1	1968
0.301029995663981	0	1969
1.04139268515822	0	1970
1.25527250510331	0	1971
0.477121254719662	0	1972
0.954242509439325	0	1973
0.602059991327962	0	1974
0.301029995663981	0	1975
0.698970004336019	0	1976
1.07918124604762	1	1977
1.7160033436348	1	1978
1.70757017609794	0	1979
0.477121254719662	1	1980
1.50514997831991	1	1981
1.17609125905568	0	1982
0.477121254719662	0	1983
1.81954393554187	0	1984
1.51851393987789	0	1985
0.778151250383644	0	1986
1.30102999566398	1	1987
1.11394335230684	0	1988
1.04139268515822	0	1989
0.903089986991944	0	1990
1.5910646070265	0	1991
0.954242509439325	0	1992
0.845098040014257	0	1993
0.477121254719662	0	1994
1	0	1995
0.477121254719662	0	1996
0	0	1997
0	0	1998
0.477121254719662	0	1999
0.477121254719662	0	2000
0.845098040014257	0	2001
1.23044892137827	0	2002
1.07918124604762	1	2003
1.07918124604762	0	2004
1.6232492903979	1	2005
1.41497334797082	0	2006
0.698970004336019	0	2007
0.602059991327962	0	2008
0.602059991327962	0	2009
0.903089986991944	1	2010
0.602059991327962	0	2011
0.954242509439325	1	2012
0.698970004336019	0	2013
1.20411998265592	0	2014
0.477121254719662	0	2015
1.25527250510331	1	2016
0.954242509439325	0	2017
1.95424250943932	0	2018
0.778151250383644	0	2019
0.301029995663981	0	2020
0.602059991327962	0	2021
0.301029995663981	0	2022
2.14921911265538	0	2023
1.23044892137827	0	2024
0.903089986991944	0	2025
0.698970004336019	0	2026
1.32221929473392	0	2027
1.51851393987789	0	2028
0.301029995663981	0	2029
0.778151250383644	0	2030
0.698970004336019	0	2031
0.778151250383644	0	2032
1.36172783601759	0	2033
1.32221929473392	0	2034
1.25527250510331	1	2035
0.477121254719662	0	2036
1.14612803567824	0	2037
0	0	2038
0.698970004336019	0	2039
1.25527250510331	0	2040
0.778151250383644	0	2041
0.954242509439325	0	2042
1.43136376415899	0	2043
1.41497334797082	0	2044
0.845098040014257	1	2045
0.698970004336019	0	2046
0.602059991327962	0	2047
1.14612803567824	0	2048
1.04139268515822	0	2049
0.954242509439325	0	2050
0.698970004336019	0	2051
0.301029995663981	0	2052
1.53147891704226	0	2053
0.954242509439325	0	2054
0.698970004336019	0	2055
0	0	2056
0.954242509439325	0	2057
0.903089986991944	0	2058
0.778151250383644	0	2059
0.602059991327962	0	2060
0	0	2061
0.477121254719662	1	2062
0	0	2063
0	0	2064
1.25527250510331	0	2065
0	0	2066
0.602059991327962	0	2067
0.903089986991944	0	2068
1.41497334797082	0	2069
0.602059991327962	0	2070
0.602059991327962	0	2071
0.778151250383644	0	2072
0.477121254719662	0	2073
0.698970004336019	0	2074
1.60205999132796	1	2075
1.23044892137827	0	2076
0.778151250383644	0	2077
0.602059991327962	0	2078
0.778151250383644	0	2079
1.27875360095283	0	2080
1.11394335230684	0	2081
0.845098040014257	0	2082
1.36172783601759	0	2083
0.602059991327962	0	2084
0.477121254719662	0	2085
1	0	2086
0.602059991327962	0	2087
0.301029995663981	0	2088
0.778151250383644	0	2089
0.301029995663981	0	2090
0.903089986991944	0	2091
0.903089986991944	0	2092
1.36172783601759	1	2093
0.602059991327962	0	2094
0.778151250383644	0	2095
0.954242509439325	0	2096
0.698970004336019	0	2097
0.903089986991944	0	2098
0.954242509439325	0	2099
1.14612803567824	0	2100
0.602059991327962	0	2101
1.11394335230684	0	2102
2.30535136944662	1	2103
1.25527250510331	1	2104
1	0	2105
0.698970004336019	0	2106
0.845098040014257	0	2107
0.903089986991944	0	2108
0.477121254719662	0	2109
0.301029995663981	0	2110
0.845098040014257	0	2111
0.477121254719662	0	2112
0.778151250383644	1	2113
0.698970004336019	0	2114
1.88081359228079	0	2115
0.845098040014257	0	2116
0.301029995663981	0	2117
0.698970004336019	0	2118
0.845098040014257	0	2119
0	0	2120
0.301029995663981	0	2121
1.14612803567824	0	2122
0.845098040014257	0	2123
0.477121254719662	0	2124
0.954242509439325	1	2125
0.477121254719662	0	2126
0.477121254719662	0	2127
0.301029995663981	0	2128
0.845098040014257	0	2129
0.698970004336019	1	2130
0.301029995663981	0	2131
0.301029995663981	0	2132
0.301029995663981	0	2133
0.301029995663981	0	2134
0.301029995663981	0	2135
1.17609125905568	0	2136
0	0	2137
1.39794000867204	0	2138
0	0	2139
0.477121254719662	0	2140
0.845098040014257	0	2141
0.602059991327962	0	2142
0.954242509439325	0	2143
0.477121254719662	0	2144
1.73239375982297	0	2145
0.903089986991944	0	2146
0.301029995663981	0	2147
0.778151250383644	0	2148
0.477121254719662	0	2149
0.602059991327962	0	2150
0.477121254719662	1	2151
1.41497334797082	0	2152
0.301029995663981	0	2153
0	0	2154
0.602059991327962	0	2155
0.477121254719662	0	2156
0.477121254719662	1	2157
0.778151250383644	0	2158
1.27875360095283	0	2159
0.477121254719662	0	2160
0.477121254719662	0	2161
0.602059991327962	0	2162
1.17609125905568	0	2163
0.778151250383644	0	2164
0.602059991327962	0	2165
0.301029995663981	0	2166
0.903089986991944	0	2167
1.11394335230684	0	2168
1.30102999566398	0	2169
0.602059991327962	0	2170
0.778151250383644	0	2171
0.778151250383644	0	2172
0.778151250383644	1	2173
0.778151250383644	0	2174
0.602059991327962	1	2175
1.32221929473392	0	2176
1.30102999566398	0	2177
0	0	2178
1.32221929473392	0	2179
1.49136169383427	1	2180
1.04139268515822	0	2181
1.30102999566398	0	2182
1.11394335230684	0	2183
0.477121254719662	0	2184
0.477121254719662	0	2185
1.41497334797082	0	2186
1	0	2187
0.477121254719662	0	2188
0.301029995663981	0	2189
0.778151250383644	0	2190
0.903089986991944	0	2191
0.301029995663981	0	2192
0.602059991327962	0	2193
0.477121254719662	0	2194
0.301029995663981	0	2195
0.698970004336019	0	2196
0.477121254719662	0	2197
0.954242509439325	0	2198
0.698970004336019	0	2199
0.602059991327962	0	2200
1.23044892137827	1	2201
1.6232492903979	0	2202
0.301029995663981	0	2203
0.778151250383644	0	2204
0.698970004336019	0	2205
0.301029995663981	0	2206
0.602059991327962	0	2207
0.698970004336019	0	2208
0.477121254719662	0	2209
1.32221929473392	1	2210
1.23044892137827	0	2211
0.954242509439325	0	2212
0.477121254719662	0	2213
0.602059991327962	0	2214
1.04139268515822	0	2215
1.11394335230684	0	2216
0.301029995663981	0	2217
0.301029995663981	0	2218
0.903089986991944	0	2219
0.602059991327962	0	2220
1.17609125905568	0	2221
0.477121254719662	0	2222
0	0	2223
1.14612803567824	1	2224
1.39794000867204	0	2225
1.17609125905568	0	2226
0.698970004336019	1	2227
0.301029995663981	0	2228
0	0	2229
0.477121254719662	0	2230
0.602059991327962	0	2231
0.602059991327962	0	2232
1.7160033436348	0	2233
0.954242509439325	1	2234
0.903089986991944	0	2235
0.477121254719662	0	2236
0.602059991327962	0	2237
0.778151250383644	0	2238
1.17609125905568	0	2239
1.44715803134222	0	2240
0.698970004336019	1	2241
0.477121254719662	0	2242
0.698970004336019	1	2243
0.602059991327962	0	2244
0.301029995663981	0	2245
0.477121254719662	0	2246
0.602059991327962	0	2247
0.301029995663981	0	2248
0	0	2249
0.477121254719662	1	2250
1.17609125905568	0	2251
0.477121254719662	0	2252
1.04139268515822	0	2253
0.903089986991944	0	2254
0.602059991327962	0	2255
0.301029995663981	0	2256
0.845098040014257	0	2257
1	1	2258
1.07918124604762	0	2259
0	0	2260
0.477121254719662	0	2261
0	0	2262
0.477121254719662	0	2263
0.301029995663981	0	2264
0.602059991327962	0	2265
1.20411998265592	1	2266
1.79934054945358	1	2267
0.903089986991944	0	2268
0.845098040014257	0	2269
1.38021124171161	0	2270
1.11394335230684	0	2271
1.20411998265592	0	2272
0.698970004336019	0	2273
0.477121254719662	0	2274
0.778151250383644	0	2275
0.903089986991944	0	2276
0.301029995663981	0	2277
0.602059991327962	0	2278
0	0	2279
0.778151250383644	0	2280
0.602059991327962	1	2281
0.602059991327962	0	2282
0	0	2283
0.301029995663981	0	2284
0.778151250383644	0	2285
0	0	2286
0.778151250383644	0	2287
1.11394335230684	0	2288
0.903089986991944	1	2289
0.602059991327962	0	2290
0.698970004336019	0	2291
0.477121254719662	0	2292
0.301029995663981	0	2293
0.477121254719662	0	2294
0.698970004336019	0	2295
0.301029995663981	0	2296
0.903089986991944	0	2297
1.30102999566398	0	2298
0.778151250383644	0	2299
1.38021124171161	1	2300
0.698970004336019	0	2301
0.698970004336019	1	2302
0.477121254719662	0	2303
0.602059991327962	0	2304
0	0	2305
0.301029995663981	0	2306
0.477121254719662	0	2307
0	0	2308
0.477121254719662	0	2309
0	0	2310
0.954242509439325	0	2311
1.91381385238372	0	2312
0.301029995663981	0	2313
1.65321251377534	0	2314
1.34242268082221	0	2315
1.55630250076729	0	2316
0.301029995663981	0	2317
0.301029995663981	0	2318
0.954242509439325	0	2319
1.60205999132796	0	2320
1.53147891704226	0	2321
0.477121254719662	0	2322
1.23044892137827	0	2323
0.301029995663981	0	2324
0.954242509439325	0	2325
0.301029995663981	0	2326
0.778151250383644	0	2327
0.845098040014257	0	2328
0.477121254719662	0	2329
0.778151250383644	0	2330
0.778151250383644	0	2331
0.477121254719662	0	2332
0.903089986991944	0	2333
0.602059991327962	0	2334
0.301029995663981	0	2335
0.602059991327962	0	2336
0.301029995663981	0	2337
0.778151250383644	0	2338
0.778151250383644	0	2339
0.845098040014257	0	2340
0.602059991327962	0	2341
1.41497334797082	0	2342
0.602059991327962	0	2343
0.778151250383644	0	2344
0.778151250383644	0	2345
0.778151250383644	0	2346
0.301029995663981	0	2347
0.903089986991944	0	2348
0.698970004336019	0	2349
1.30102999566398	0	2350
1.46239799789896	0	2351
0.903089986991944	0	2352
0	0	2353
1.27875360095283	0	2354
0.845098040014257	0	2355
0.954242509439325	0	2356
0.698970004336019	0	2357
0.698970004336019	0	2358
0.301029995663981	0	2359
0.602059991327962	0	2360
0.698970004336019	0	2361
0.301029995663981	0	2362
0	0	2363
0.301029995663981	0	2364
0.602059991327962	0	2365
0.477121254719662	0	2366
1.65321251377534	0	2367
0.477121254719662	0	2368
0.477121254719662	0	2369
0.477121254719662	0	2370
0.954242509439325	0	2371
0.477121254719662	0	2372
0.602059991327962	0	2373
0.602059991327962	0	2374
0.845098040014257	0	2375
0.845098040014257	0	2376
0.301029995663981	0	2377
0.778151250383644	0	2378
0.698970004336019	0	2379
0.845098040014257	0	2380
1.07918124604762	0	2381
0.778151250383644	1	2382
0.845098040014257	0	2383
1.04139268515822	0	2384
1.34242268082221	1	2385
1.25527250510331	0	2386
0.602059991327962	0	2387
1.41497334797082	0	2388
0.698970004336019	0	2389
0.477121254719662	0	2390
0.477121254719662	1	2391
0.301029995663981	0	2392
0.778151250383644	0	2393
1.04139268515822	0	2394
1.38021124171161	0	2395
0.477121254719662	0	2396
0.477121254719662	0	2397
1.14612803567824	0	2398
0.698970004336019	0	2399
0	0	2400
0.845098040014257	0	2401
0.477121254719662	0	2402
0.845098040014257	1	2403
1.30102999566398	1.58496250072116	2404
0.301029995663981	0	2405
0.954242509439325	0	2406
0.602059991327962	0	2407
0.477121254719662	0	2408
1.17609125905568	0	2409
0.602059991327962	0	2410
0.602059991327962	0	2411
1.04139268515822	0	2412
0.954242509439325	1	2413
1.20411998265592	0	2414
1.14612803567824	0	2415
1.69019608002851	0	2416
2.32221929473392	1.58496250072116	2417
0.301029995663981	0	2418
0.301029995663981	0	2419
0.778151250383644	0	2420
0.778151250383644	0	2421
0.477121254719662	0	2422
0.954242509439325	0	2423
0.698970004336019	0	2424
1.75587485567249	1	2425
0.698970004336019	1	2426
0	0	2427
0.698970004336019	0	2428
0.778151250383644	0	2429
0.845098040014257	0	2430
0.301029995663981	0	2431
0	0	2432
0.778151250383644	0	2433
0.778151250383644	0	2434
0.602059991327962	0	2435
1.32221929473392	1	2436
1.60205999132796	0	2437
0.301029995663981	0	2438
0	0	2439
1.04139268515822	1	2440
0.903089986991944	0	2441
0.477121254719662	0	2442
0.477121254719662	0	2443
0.602059991327962	1	2444
1.23044892137827	0	2445
0.602059991327962	1	2446
0.778151250383644	0	2447
1.86923171973098	0	2448
0.301029995663981	0	2449
0.301029995663981	0	2450
0.301029995663981	0	2451
1.41497334797082	0	2452
1.14612803567824	0	2453
0.301029995663981	0	2454
1.39794000867204	0	2455
0.477121254719662	0	2456
0.602059991327962	0	2457
0.477121254719662	0	2458
1.04139268515822	0	2459
1.11394335230684	0	2460
0.477121254719662	0	2461
0.301029995663981	0	2462
0.778151250383644	0	2463
0	0	2464
0	0	2465
1.27875360095283	0	2466
1.47712125471966	0	2467
0.845098040014257	0	2468
0	0	2469
0.477121254719662	0	2470
0.778151250383644	0	2471
0	0	2472
1.32221929473392	0	2473
0.602059991327962	0	2474
0.845098040014257	0	2475
1.32221929473392	0	2476
0	0	2477
0.602059991327962	1	2478
0.602059991327962	0	2479
0.698970004336019	0	2480
0.301029995663981	0	2481
0.698970004336019	0	2482
0	0	2483
0.602059991327962	0	2484
0.301029995663981	0	2485
0.477121254719662	0	2486
0.477121254719662	0	2487
0	0	2488
0.778151250383644	0	2489
0.301029995663981	0	2490
0	0	2491
0.903089986991944	0	2492
0	0	2493
0.301029995663981	0	2494
0.301029995663981	0	2495
0.301029995663981	0	2496
0.301029995663981	0	2497
0.477121254719662	1	2498
0.301029995663981	0	2499
0.698970004336019	0	2500
0.301029995663981	0	2501
0.301029995663981	0	2502
0.602059991327962	0	2503
1.57978359661681	0	2504
0.903089986991944	0	2505
0.301029995663981	0	2506
1.25527250510331	0	2507
1.34242268082221	0	2508
0.602059991327962	0	2509
0.602059991327962	0	2510
0.602059991327962	0	2511
1.41497334797082	0	2512
1.17609125905568	1	2513
0	0	2514
0.477121254719662	0	2515
1.23044892137827	1	2516
0.477121254719662	0	2517
0.301029995663981	0	2518
0.301029995663981	0	2519
0	0	2520
0.301029995663981	0	2521
0.602059991327962	0	2522
0	0	2523
0.698970004336019	0	2524
0.301029995663981	0	2525
0.602059991327962	1	2526
0.698970004336019	0	2527
0.845098040014257	0	2528
0	0	2529
1.11394335230684	0	2530
0.301029995663981	0	2531
0.477121254719662	0	2532
0.301029995663981	0	2533
0.477121254719662	0	2534
0.698970004336019	0	2535
0.778151250383644	0	2536
0.301029995663981	0	2537
0	0	2538
0.845098040014257	0	2539
0.698970004336019	0	2540
0.602059991327962	0	2541
0.698970004336019	0	2542
0.301029995663981	0	2543
0.778151250383644	0	2544
1.11394335230684	0	2545
0	0	2546
0.602059991327962	0	2547
0.602059991327962	0	2548
0.778151250383644	0	2549
0.698970004336019	0	2550
1.64345267648619	0	2551
0.845098040014257	0	2552
0.903089986991944	1	2553
0.477121254719662	0	2554
0.477121254719662	0	2555
0.698970004336019	0	2556
0.477121254719662	0	2557
0.301029995663981	0	2558
0.301029995663981	0	2559
0.301029995663981	0	2560
0.778151250383644	0	2561
0.602059991327962	0	2562
0.903089986991944	0	2563
0.602059991327962	0	2564
1.14612803567824	0	2565
1.04139268515822	0	2566
0	0	2567
0	0	2568
0	0	2569
0.301029995663981	0	2570
1.47712125471966	0	2571
1.5910646070265	0	2572
0	0	2573
0.477121254719662	0	2574
0.903089986991944	1	2575
0	0	2576
0.477121254719662	0	2577
1	0	2578
0.301029995663981	0	2579
0.845098040014257	1	2580
0	0	2581
0.477121254719662	0	2582
0	0	2583
1	0	2584
0.698970004336019	0	2585
1.32221929473392	1	2586
1.9731278535997	1	2587
1.39794000867204	0	2588
0	0	2589
0.602059991327962	0	2590
0	0	2591
1.41497334797082	1	2592
0.477121254719662	0	2593
0.477121254719662	0	2594
0.698970004336019	0	2595
1.11394335230684	0	2596
0.301029995663981	0	2597
1.07918124604762	0	2598
0.301029995663981	0	2599
0.954242509439325	0	2600
1.07918124604762	0	2601
0.778151250383644	0	2602
1.46239799789896	0	2603
0.602059991327962	0	2604
0.602059991327962	0	2605
0.698970004336019	0	2606
1.57978359661681	0	2607
0.778151250383644	0	2608
1.14612803567824	0	2609
0.301029995663981	0	2610
0.903089986991944	0	2611
0.602059991327962	0	2612
0.301029995663981	0	2613
0.778151250383644	0	2614
0.301029995663981	0	2615
0.602059991327962	0	2616
1.07918124604762	0	2617
0.301029995663981	0	2618
1.44715803134222	0	2619
0.477121254719662	0	2620
0.602059991327962	0	2621
0.602059991327962	1	2622
0.477121254719662	0	2623
1.20411998265592	0	2624
1.39794000867204	0	2625
0.477121254719662	0	2626
0.477121254719662	1	2627
0	0	2628
0.698970004336019	0	2629
0.698970004336019	0	2630
0.301029995663981	0	2631
0.602059991327962	1	2632
0.477121254719662	0	2633
1.30102999566398	1	2634
0.301029995663981	0	2635
0.903089986991944	0	2636
0	0	2637
0.954242509439325	0	2638
0.698970004336019	0	2639
1	1	2640
1.14612803567824	0	2641
0.477121254719662	0	2642
0.301029995663981	0	2643
0	0	2644
0.301029995663981	0	2645
0.301029995663981	0	2646
1.11394335230684	0	2647
0.698970004336019	1	2648
0.301029995663981	0	2649
0.301029995663981	0	2650
0	0	2651
0	0	2652
0.698970004336019	0	2653
0.477121254719662	0	2654
0.602059991327962	0	2655
0.602059991327962	0	2656
1.20411998265592	0	2657
0.903089986991944	0	2658
0.477121254719662	0	2659
0.903089986991944	0	2660
0.698970004336019	0	2661
0	0	2662
1.66275783168157	0	2663
0	0	2664
0	0	2665
0.477121254719662	0	2666
1.17609125905568	0	2667
0.698970004336019	1	2668
0.301029995663981	0	2669
1.88081359228079	1	2670
0.845098040014257	1	2671
0.301029995663981	0	2672
0	0	2673
1.04139268515822	0	2674
0.477121254719662	0	2675
1.25527250510331	0	2676
0	0	2677
0.778151250383644	0	2678
0.301029995663981	0	2679
0.301029995663981	0	2680
0.477121254719662	0	2681
0.301029995663981	0	2682
0.301029995663981	0	2683
0.477121254719662	0	2684
0.477121254719662	0	2685
0.301029995663981	0	2686
0.698970004336019	0	2687
0	0	2688
0.477121254719662	0	2689
0.301029995663981	0	2690
0.602059991327962	0	2691
1.30102999566398	0	2692
0.845098040014257	0	2693
0.602059991327962	0	2694
1.14612803567824	0	2695
1.07918124604762	0	2696
1.96848294855394	1	2697
0.845098040014257	0	2698
0.602059991327962	0	2699
0.778151250383644	0	2700
1.41497334797082	0	2701
0.954242509439325	0	2702
0.301029995663981	0	2703
0.602059991327962	0	2704
0.845098040014257	0	2705
0.903089986991944	0	2706
0.698970004336019	0	2707
0.698970004336019	0	2708
0.698970004336019	0	2709
1.6232492903979	0	2710
0.301029995663981	0	2711
0.602059991327962	0	2712
1.14612803567824	0	2713
1.07918124604762	0	2714
0.954242509439325	0	2715
0	0	2716
0.845098040014257	0	2717
1.11394335230684	1	2718
0.301029995663981	0	2719
0.301029995663981	0	2720
0.602059991327962	0	2721
0.477121254719662	0	2722
1.23044892137827	0	2723
0.477121254719662	1	2724
0.602059991327962	0	2725
0.778151250383644	1	2726
0	0	2727
0.698970004336019	0	2728
0.602059991327962	0	2729
0.954242509439325	0	2730
0.903089986991944	0	2731
0.778151250383644	0	2732
0.477121254719662	0	2733
0.301029995663981	0	2734
1	0	2735
0.477121254719662	0	2736
0.477121254719662	0	2737
0.698970004336019	0	2738
0.477121254719662	0	2739
0.698970004336019	0	2740
1.17609125905568	0	2741
0.477121254719662	0	2742
0	0	2743
0	0	2744
0	0	2745
0	0	2746
0.602059991327962	0	2747
0.301029995663981	0	2748
0.778151250383644	0	2749
0.903089986991944	0	2750
1.04139268515822	0	2751
0.301029995663981	0	2752
0.778151250383644	0	2753
0.602059991327962	0	2754
0.602059991327962	0	2755
0.698970004336019	0	2756
1.8750612633917	0	2757
0.903089986991944	0	2758
1.23044892137827	0	2759
0	0	2760
0.778151250383644	0	2761
0	0	2762
0.602059991327962	0	2763
1	0	2764
0.845098040014257	0	2765
1.04139268515822	0	2766
0.301029995663981	0	2767
0.903089986991944	0	2768
0.301029995663981	0	2769
0.477121254719662	0	2770
1.34242268082221	0	2771
0.845098040014257	0	2772
0.301029995663981	0	2773
0.301029995663981	0	2774
0	0	2775
1.20411998265592	0	2776
1.94939000664491	1.58496250072116	2777
1.17609125905568	0	2778
0	0	2779
0	0	2780
0.301029995663981	0	2781
0	0	2782
0.477121254719662	0	2783
0.301029995663981	0	2784
0.602059991327962	0	2785
0.301029995663981	0	2786
0.301029995663981	0	2787
0.698970004336019	0	2788
1.86923171973098	0	2789
0	0	2790
1.61278385671974	1	2791
0.477121254719662	0	2792
0	0	2793
0	0	2794
0.698970004336019	0	2795
0.477121254719662	0	2796
0.477121254719662	0	2797
0.477121254719662	0	2798
1.95424250943932	1	2799
0	0	2800
0.602059991327962	0	2801
1.04139268515822	0	2802
0	0	2803
0.301029995663981	0	2804
1.14612803567824	0	2805
0	0	2806
0.602059991327962	0	2807
1.17609125905568	0	2808
0.954242509439325	0	2809
0	0	2810
0	0	2811
0.477121254719662	0	2812
0.845098040014257	0	2813
1.11394335230684	0	2814
0.477121254719662	0	2815
0.778151250383644	0	2816
0.477121254719662	0	2817
0.301029995663981	0	2818
1.46239799789896	0	2819
1.14612803567824	1	2820
1.54406804435028	0	2821
0.477121254719662	0	2822
0.903089986991944	1	2823
0	0	2824
0	0	2825
0.903089986991944	0	2826
1	0	2827
1.74036268949424	0	2828
0.698970004336019	0	2829
0.954242509439325	0	2830
0	0	2831
0.477121254719662	1	2832
0	0	2833
0	0	2834
1.04139268515822	1	2835
0.477121254719662	0	2836
0.845098040014257	0	2837
0.845098040014257	0	2838
0	0	2839
0.698970004336019	0	2840
0.301029995663981	0	2841
0.477121254719662	0	2842
0.301029995663981	0	2843
1.36172783601759	1	2844
0.845098040014257	0	2845
1.32221929473392	0	2846
0.477121254719662	0	2847
0.602059991327962	0	2848
0	0	2849
0.301029995663981	0	2850
0.477121254719662	0	2851
0.602059991327962	0	2852
0.602059991327962	0	2853
0.954242509439325	0	2854
0	0	2855
1.04139268515822	0	2856
0.954242509439325	0	2857
0.778151250383644	0	2858
1.568201724067	0	2859
0.903089986991944	0	2860
1.25527250510331	1	2861
0.477121254719662	0	2862
1.66275783168157	0	2863
0	0	2864
0	0	2865
0.477121254719662	0	2866
0.301029995663981	0	2867
0.301029995663981	0	2868
0.477121254719662	0	2869
0.477121254719662	0	2870
0.698970004336019	0	2871
0	0	2872
0.698970004336019	0	2873
0.903089986991944	0	2874
0	0	2875
0.602059991327962	0	2876
1.14612803567824	1	2877
1.38021124171161	0	2878
0.301029995663981	0	2879
0.301029995663981	0	2880
0.845098040014257	1	2881
0.778151250383644	0	2882
2.08278537031645	0	2883
0	0	2884
0.301029995663981	0	2885
0.301029995663981	0	2886
0.602059991327962	0	2887
0.845098040014257	0	2888
0.698970004336019	0	2889
0.778151250383644	0	2890
1.25527250510331	1	2891
1.07918124604762	0	2892
0.477121254719662	0	2893
0.602059991327962	0	2894
0	0	2895
0.845098040014257	0	2896
0.301029995663981	1	2897
0.477121254719662	0	2898
1.25527250510331	0	2899
0.477121254719662	0	2900
0.602059991327962	0	2901
0.778151250383644	0	2902
0.698970004336019	0	2903
0.301029995663981	0	2904
0.301029995663981	0	2905
0	0	2906
0	0	2907
0.477121254719662	0	2908
0.954242509439325	0	2909
0.301029995663981	0	2910
0	0	2911
0	0	2912
0.845098040014257	0	2913
0.778151250383644	0	2914
0.301029995663981	0	2915
0.301029995663981	0	2916
0.477121254719662	0	2917
0	0	2918
0	0	2919
0.954242509439325	0	2920
0.477121254719662	0	2921
0	0	2922
0.477121254719662	0	2923
0.477121254719662	0	2924
0.477121254719662	0	2925
0.301029995663981	0	2926
0	0	2927
0.954242509439325	0	2928
0.845098040014257	0	2929
0.602059991327962	0	2930
0.903089986991944	0	2931
0.602059991327962	0	2932
0.903089986991944	0	2933
0.778151250383644	0	2934
0.301029995663981	0	2935
0.602059991327962	0	2936
0	0	2937
0	0	2938
0.301029995663981	1	2939
0.602059991327962	0	2940
0.477121254719662	0	2941
0.477121254719662	0	2942
0.477121254719662	0	2943
0	0	2944
0	0	2945
0.477121254719662	0	2946
0.477121254719662	0	2947
0.477121254719662	1	2948
0.301029995663981	0	2949
0.477121254719662	0	2950
1.5910646070265	0	2951
0.301029995663981	0	2952
1.36172783601759	0	2953
0.954242509439325	1	2954
0	0	2955
1.27875360095283	0	2956
0.602059991327962	0	2957
0.698970004336019	0	2958
1.11394335230684	0	2959
0.845098040014257	0	2960
0.602059991327962	0	2961
0.301029995663981	0	2962
0.301029995663981	0	2963
0	0	2964
0.477121254719662	0	2965
0.477121254719662	0	2966
0	0	2967
0.845098040014257	0	2968
0.903089986991944	0	2969
0.301029995663981	0	2970
0.301029995663981	0	2971
0.477121254719662	0	2972
1.41497334797082	0	2973
1.8750612633917	1	2974
0.301029995663981	0	2975
0.477121254719662	0	2976
0	0	2977
0.698970004336019	0	2978
1.34242268082221	0	2979
1.25527250510331	0	2980
1.04139268515822	0	2981
0.778151250383644	0	2982
0.778151250383644	0	2983
0.698970004336019	0	2984
0	0	2985
0.778151250383644	0	2986
0	0	2987
0	0	2988
1.39794000867204	0	2989
2.22010808804006	0	2990
1.23044892137827	0	2991
0.477121254719662	0	2992
0.778151250383644	0	2993
0.477121254719662	0	2994
0.954242509439325	0	2995
0.477121254719662	0	2996
0.477121254719662	0	2997
1	1	2998
1.23044892137827	1	2999
0.602059991327962	0	3000
0.778151250383644	0	3001
0	0	3002
0.778151250383644	0	3003
0.301029995663981	0	3004
1.04139268515822	0	3005
0.778151250383644	0	3006
0	0	3007
0.903089986991944	0	3008
0.477121254719662	0	3009
0.477121254719662	0	3010
1.04139268515822	0	3011
1.14612803567824	0	3012
0.301029995663981	0	3013
0.477121254719662	0	3014
0.698970004336019	0	3015
0	0	3016
0.903089986991944	0	3017
0.301029995663981	0	3018
1.04139268515822	0	3019
1.5910646070265	0	3020
1.17609125905568	0	3021
0.698970004336019	0	3022
1.14612803567824	0	3023
1.04139268515822	0	3024
0.301029995663981	0	3025
0.301029995663981	0	3026
0.301029995663981	0	3027
0.301029995663981	0	3028
0.845098040014257	0	3029
0.954242509439325	0	3030
0	0	3031
0.778151250383644	0	3032
0.778151250383644	0	3033
0.301029995663981	0	3034
0.301029995663981	0	3035
0.903089986991944	0	3036
0.845098040014257	0	3037
0	0	3038
0.477121254719662	0	3039
0.477121254719662	0	3040
0.778151250383644	0	3041
0.778151250383644	0	3042
0.477121254719662	0	3043
0.301029995663981	0	3044
0.477121254719662	0	3045
0.301029995663981	0	3046
0.301029995663981	0	3047
0.301029995663981	0	3048
0.301029995663981	0	3049
0.301029995663981	0	3050
0.301029995663981	0	3051
0.301029995663981	0	3052
0	0	3053
0.602059991327962	0	3054
1.07918124604762	0	3055
0.602059991327962	0	3056
1.30102999566398	0	3057
0.477121254719662	0	3058
0	0	3059
0.477121254719662	0	3060
0	0	3061
1.04139268515822	1	3062
0.845098040014257	0	3063
0.903089986991944	0	3064
0.602059991327962	0	3065
0.602059991327962	0	3066
0.778151250383644	0	3067
1.11394335230684	0	3068
0.602059991327962	0	3069
0.602059991327962	0	3070
0.477121254719662	0	3071
0.602059991327962	0	3072
0.778151250383644	0	3073
0.698970004336019	0	3074
0.602059991327962	0	3075
0.477121254719662	0	3076
0	0	3077
1.14612803567824	1	3078
0.845098040014257	0	3079
0.903089986991944	0	3080
0	0	3081
0	0	3082
0	0	3083
0.954242509439325	0	3084
1.07918124604762	0	3085
0.778151250383644	0	3086
0.602059991327962	0	3087
0.301029995663981	0	3088
0.602059991327962	0	3089
0.602059991327962	1	3090
0.301029995663981	0	3091
0.698970004336019	0	3092
0.301029995663981	0	3093
0.477121254719662	0	3094
0.778151250383644	0	3095
0	0	3096
0	0	3097
0	0	3098
0.301029995663981	0	3099
1.32221929473392	0	3100
0	0	3101
1.17609125905568	1.58496250072116	3102
0.602059991327962	0	3103
0.301029995663981	0	3104
0	0	3105
1.89209460269048	0	3106
1.47712125471966	0	3107
0	0	3108
0.778151250383644	0	3109
1.14612803567824	0	3110
0	0	3111
0.477121254719662	0	3112
0.301029995663981	0	3113
0.477121254719662	0	3114
0	0	3115
0.477121254719662	0	3116
0	0	3117
1.34242268082221	1	3118
1.38021124171161	1	3119
0.698970004336019	0	3120
1.44715803134222	0	3121
0.301029995663981	0	3122
0	0	3123
1	1	3124
0.778151250383644	0	3125
0.477121254719662	0	3126
1	0	3127
0.477121254719662	0	3128
0.903089986991944	0	3129
0.903089986991944	0	3130
0.301029995663981	0	3131
0.301029995663981	0	3132
0.477121254719662	0	3133
1.17609125905568	1	3134
0.845098040014257	1	3135
1.11394335230684	0	3136
0.903089986991944	0	3137
1.07918124604762	0	3138
0.845098040014257	0	3139
0	0	3140
0.477121254719662	0	3141
1.17609125905568	0	3142
1.25527250510331	0	3143
0	0	3144
0.698970004336019	0	3145
0.301029995663981	0	3146
0.698970004336019	0	3147
1.20411998265592	1	3148
0.301029995663981	0	3149
0.778151250383644	0	3150
0.698970004336019	0	3151
0.954242509439325	0	3152
0.301029995663981	0	3153
0.602059991327962	0	3154
0.301029995663981	0	3155
0	0	3156
0	0	3157
0	0	3158
0	0	3159
0	0	3160
1.17609125905568	0	3161
0.602059991327962	0	3162
0	0	3163
0.845098040014257	0	3164
0.698970004336019	0	3165
0.845098040014257	0	3166
0.778151250383644	0	3167
0.698970004336019	0	3168
1.23044892137827	0	3169
0.602059991327962	0	3170
0.698970004336019	0	3171
0.477121254719662	0	3172
0.477121254719662	0	3173
0.301029995663981	0	3174
0.954242509439325	0	3175
0.698970004336019	0	3176
1.36172783601759	0	3177
0.477121254719662	0	3178
0.477121254719662	0	3179
0.698970004336019	0	3180
0	0	3181
0.477121254719662	0	3182
0.477121254719662	0	3183
0.477121254719662	0	3184
0.602059991327962	0	3185
0.477121254719662	0	3186
0.602059991327962	0	3187
0.778151250383644	0	3188
1.5910646070265	0	3189
0	0	3190
1.39794000867204	0	3191
0.903089986991944	0	3192
1.34242268082221	0	3193
1.61278385671974	1	3194
0.301029995663981	0	3195
0.301029995663981	0	3196
1.11394335230684	0	3197
1	0	3198
0	0	3199
0.477121254719662	0	3200
1.07918124604762	0	3201
0.301029995663981	0	3202
0	0	3203
0.778151250383644	0	3204
1	0	3205
0.477121254719662	0	3206
1.38021124171161	0	3207
0.602059991327962	0	3208
0.778151250383644	0	3209
0	0	3210
0.301029995663981	0	3211
0	0	3212
0	0	3213
0	0	3214
1.04139268515822	0	3215
0.301029995663981	0	3216
0.845098040014257	0	3217
0	0	3218
0.477121254719662	0	3219
0	0	3220
0.778151250383644	0	3221
1.07918124604762	0	3222
0	0	3223
0.301029995663981	0	3224
0	0	3225
0.602059991327962	0	3226
0.845098040014257	0	3227
0	0	3228
0.698970004336019	0	3229
0.301029995663981	0	3230
0.301029995663981	0	3231
0	0	3232
0.301029995663981	0	3233
0	0	3234
0.301029995663981	0	3235
0.602059991327962	0	3236
0	0	3237
0.602059991327962	0	3238
0	0	3239
0.602059991327962	0	3240
0.845098040014257	0	3241
0.301029995663981	0	3242
0.698970004336019	0	3243
0.845098040014257	0	3244
0.477121254719662	0	3245
0.477121254719662	0	3246
0.903089986991944	0	3247
0.778151250383644	0	3248
0.845098040014257	0	3249
0	0	3250
1.55630250076729	0	3251
1.6232492903979	1	3252
0.301029995663981	0	3253
0.477121254719662	0	3254
0.778151250383644	1	3255
0	0	3256
0	0	3257
1	0	3258
0.301029995663981	0	3259
1.14612803567824	0	3260
0.602059991327962	0	3261
0.301029995663981	0	3262
0.602059991327962	0	3263
0.698970004336019	0	3264
0.903089986991944	0	3265
0.954242509439325	0	3266
0	0	3267
0	0	3268
1.04139268515822	0	3269
1.04139268515822	0	3270
1.67209785793572	0	3271
1.07918124604762	1	3272
0.845098040014257	0	3273
0.477121254719662	0	3274
1.11394335230684	0	3275
1.11394335230684	0	3276
0.301029995663981	0	3277
0.477121254719662	0	3278
0.301029995663981	0	3279
1.04139268515822	1	3280
0	0	3281
0.301029995663981	0	3282
0	0	3283
0.301029995663981	0	3284
0.301029995663981	0	3285
0.698970004336019	0	3286
0.954242509439325	0	3287
0	0	3288
0.301029995663981	0	3289
0.477121254719662	0	3290
1.17609125905568	0	3291
0.698970004336019	0	3292
0.602059991327962	0	3293
0.477121254719662	0	3294
0.301029995663981	0	3295
0.477121254719662	1	3296
0.698970004336019	0	3297
0.698970004336019	0	3298
0.477121254719662	0	3299
0.903089986991944	0	3300
0.477121254719662	0	3301
0.477121254719662	0	3302
0	0	3303
1.17609125905568	0	3304
1.17609125905568	1	3305
0	0	3306
0.698970004336019	0	3307
0.602059991327962	0	3308
0.301029995663981	0	3309
0.301029995663981	0	3310
1.17609125905568	0	3311
1	1	3312
0	0	3313
0.301029995663981	0	3314
1.20411998265592	0	3315
0.301029995663981	0	3316
2.45636603312904	0	3317
0.301029995663981	0	3318
0	0	3319
0.778151250383644	0	3320
0	0	3321
1	0	3322
0.778151250383644	0	3323
0.301029995663981	0	3324
0.477121254719662	0	3325
0.602059991327962	0	3326
1.34242268082221	0	3327
1	1	3328
0	0	3329
0	0	3330
0.602059991327962	0	3331
0.477121254719662	0	3332
0.477121254719662	0	3333
0.602059991327962	0	3334
0.477121254719662	0	3335
0	0	3336
0.301029995663981	0	3337
0	0	3338
0.477121254719662	0	3339
0.698970004336019	0	3340
0.845098040014257	0	3341
0	0	3342
0.301029995663981	0	3343
0.778151250383644	0	3344
0.477121254719662	0	3345
0.698970004336019	0	3346
0	0	3347
0	0	3348
0	0	3349
0.301029995663981	0	3350
0.602059991327962	0	3351
0.301029995663981	0	3352
0.301029995663981	0	3353
0.602059991327962	0	3354
1.17609125905568	0	3355
0.477121254719662	0	3356
1.44715803134222	0	3357
0.602059991327962	0	3358
0.778151250383644	0	3359
0	0	3360
0	0	3361
0	0	3362
0.301029995663981	0	3363
0.301029995663981	0	3364
0.301029995663981	0	3365
0	0	3366
1.25527250510331	0	3367
1.20411998265592	0	3368
1.32221929473392	0	3369
0.602059991327962	1	3370
0.477121254719662	0	3371
1.55630250076729	0	3372
0.477121254719662	0	3373
1.23044892137827	0	3374
0	0	3375
0	0	3376
1.50514997831991	0	3377
0	0	3378
1.70757017609794	0	3379
0.301029995663981	0	3380
0.698970004336019	0	3381
1.04139268515822	0	3382
1	0	3383
1.17609125905568	0	3384
0.301029995663981	0	3385
0	0	3386
1.54406804435028	0	3387
0	0	3388
0	0	3389
0.903089986991944	0	3390
0.301029995663981	0	3391
0	0	3392
0.845098040014257	0	3393
0.602059991327962	1	3394
0	0	3395
0	0	3396
1	0	3397
1.30102999566398	0	3398
0.301029995663981	0	3399
1.14612803567824	0	3400
1.61278385671974	0	3401
0.301029995663981	0	3402
0.301029995663981	0	3403
0.301029995663981	0	3404
0.301029995663981	0	3405
0.301029995663981	0	3406
0.954242509439325	0	3407
0	0	3408
0.602059991327962	0	3409
0.477121254719662	0	3410
0.301029995663981	0	3411
1.07918124604762	0	3412
1.07918124604762	0	3413
0.301029995663981	0	3414
0.778151250383644	0	3415
0.301029995663981	0	3416
0.602059991327962	0	3417
1.5910646070265	0	3418
1.36172783601759	0	3419
0.778151250383644	0	3420
1.20411998265592	0	3421
0.477121254719662	0	3422
0.477121254719662	0	3423
0.301029995663981	0	3424
0.301029995663981	0	3425
0.602059991327962	0	3426
0	0	3427
0.778151250383644	0	3428
0	0	3429
0.477121254719662	0	3430
0.477121254719662	0	3431
1	0	3432
0.477121254719662	0	3433
0.602059991327962	0	3434
0.778151250383644	0	3435
0	0	3436
0.602059991327962	0	3437
0.602059991327962	0	3438
0.954242509439325	0	3439
0.778151250383644	0	3440
0.845098040014257	0	3441
0.477121254719662	0	3442
0.602059991327962	0	3443
0.954242509439325	0	3444
0.954242509439325	0	3445
1.07918124604762	0	3446
0.301029995663981	0	3447
0.845098040014257	1	3448
0.903089986991944	0	3449
0.301029995663981	0	3450
0.602059991327962	0	3451
0.698970004336019	1	3452
0.602059991327962	0	3453
0.602059991327962	0	3454
0	0	3455
0	0	3456
0.301029995663981	0	3457
0.602059991327962	0	3458
0	0	3459
0.301029995663981	0	3460
0	0	3461
0.477121254719662	1	3462
0	0	3463
0.602059991327962	0	3464
0.477121254719662	0	3465
1.27875360095283	0	3466
0	0	3467
0.301029995663981	0	3468
1.30102999566398	0	3469
1.25527250510331	0	3470
0.845098040014257	0	3471
0	0	3472
0.301029995663981	0	3473
0.477121254719662	0	3474
0.698970004336019	0	3475
0.477121254719662	0	3476
0	0	3477
0.698970004336019	0	3478
0.301029995663981	0	3479
0	0	3480
0.477121254719662	0	3481
0.602059991327962	0	3482
0	0	3483
1.20411998265592	0	3484
0.698970004336019	0	3485
0	0	3486
0.301029995663981	0	3487
0.477121254719662	0	3488
0.845098040014257	0	3489
1.17609125905568	0	3490
0.778151250383644	0	3491
0.301029995663981	0	3492
0	0	3493
0.301029995663981	0	3494
0	0	3495
0.301029995663981	0	3496
1	0	3497
0.698970004336019	0	3498
0.301029995663981	0	3499
0	0	3500
0.602059991327962	1	3501
0	0	3502
1.04139268515822	0	3503
0.778151250383644	0	3504
0.477121254719662	0	3505
0	0	3506
0	0	3507
1.41497334797082	0	3508
0.301029995663981	0	3509
0	0	3510
1.14612803567824	0	3511
0	0	3512
0.845098040014257	0	3513
0.301029995663981	0	3514
0	0	3515
0	0	3516
0.698970004336019	0	3517
0	0	3518
0.698970004336019	0	3519
0.602059991327962	0	3520
1.14612803567824	0	3521
0.301029995663981	0	3522
0.602059991327962	0	3523
0.602059991327962	0	3524
0.845098040014257	0	3525
0.301029995663981	0	3526
1.11394335230684	0	3527
0.301029995663981	0	3528
1.20411998265592	0	3529
0.602059991327962	0	3530
0	0	3531
0	0	3532
0	0	3533
0	0	3534
1	1	3535
0	0	3536
0.301029995663981	0	3537
1.20411998265592	0	3538
0.698970004336019	0	3539
0	0	3540
0.778151250383644	0	3541
0	0	3542
0.301029995663981	0	3543
0.301029995663981	0	3544
0	0	3545
0	0	3546
0.602059991327962	0	3547
0.698970004336019	0	3548
0.301029995663981	0	3549
0.301029995663981	0	3550
0.301029995663981	0	3551
0.301029995663981	0	3552
0.602059991327962	0	3553
0.845098040014257	1	3554
0	0	3555
0.477121254719662	0	3556
1.04139268515822	0	3557
0.845098040014257	0	3558
0	0	3559
1.5910646070265	0	3560
0.602059991327962	0	3561
0	0	3562
0.602059991327962	0	3563
0	0	3564
0.301029995663981	0	3565
0.477121254719662	0	3566
0	0	3567
0.301029995663981	0	3568
0.301029995663981	0	3569
0.301029995663981	0	3570
1.23044892137827	0	3571
1.07918124604762	0	3572
0.602059991327962	0	3573
0.477121254719662	0	3574
0.301029995663981	0	3575
0.301029995663981	0	3576
0	0	3577
0	0	3578
1.04139268515822	0	3579
1.17609125905568	0	3580
0	0	3581
0	0	3582
0	0	3583
0.602059991327962	0	3584
0.301029995663981	0	3585
0.778151250383644	0	3586
0.602059991327962	0	3587
0.301029995663981	0	3588
0.602059991327962	0	3589
0.845098040014257	0	3590
0.698970004336019	0	3591
1.04139268515822	0	3592
0.698970004336019	0	3593
0.301029995663981	0	3594
0.698970004336019	0	3595
0	0	3596
0	0	3597
0	0	3598
0.778151250383644	0	3599
0.698970004336019	0	3600
1.04139268515822	0	3601
1.36172783601759	0	3602
1.81291335664286	0	3603
0.477121254719662	0	3604
0.903089986991944	0	3605
0	0	3606
1.568201724067	0	3607
1.23044892137827	0	3608
0.845098040014257	0	3609
1.69019608002851	1.58496250072116	3610
0.301029995663981	0	3611
0	0	3612
0.477121254719662	0	3613
0.778151250383644	0	3614
0.845098040014257	0	3615
0.698970004336019	0	3616
0	0	3617
1	0	3618
0.301029995663981	0	3619
0.698970004336019	0	3620
1.32221929473392	0	3621
0	0	3622
0.301029995663981	0	3623
0.602059991327962	0	3624
0.602059991327962	0	3625
0.778151250383644	0	3626
0.301029995663981	0	3627
0.698970004336019	0	3628
1.11394335230684	0	3629
0.602059991327962	0	3630
0.903089986991944	0	3631
1.20411998265592	0	3632
1.47712125471966	0	3633
0	0	3634
1.39794000867204	0	3635
0	0	3636
0.301029995663981	0	3637
1.25527250510331	0	3638
0.602059991327962	0	3639
0.698970004336019	0	3640
0.778151250383644	0	3641
0.602059991327962	1	3642
0	0	3643
1.11394335230684	1	3644
0.602059991327962	0	3645
0	0	3646
0	0	3647
0	0	3648
0	0	3649
0.698970004336019	0	3650
0.301029995663981	0	3651
1.14612803567824	0	3652
0.477121254719662	0	3653
0	0	3654
0.698970004336019	0	3655
0	0	3656
0.845098040014257	0	3657
0.477121254719662	0	3658
0	0	3659
0.301029995663981	0	3660
0.301029995663981	0	3661
0.301029995663981	0	3662
0.602059991327962	0	3663
1.92941892571429	1	3664
1.30102999566398	0	3665
0.778151250383644	0	3666
1.04139268515822	0	3667
0.301029995663981	0	3668
0	0	3669
0.301029995663981	0	3670
0.778151250383644	0	3671
0.301029995663981	0	3672
