group	x	y	clickSelects
1	-45.25	48.75	1
1	-45.25	49.25	1
1	-43.75	49.25	1
1	-43.25	48.75	1
1	-43.25	46.75	1
1	-42.75	46.75	1
1	-41.75	47.75	1
1	-40.75	47.75	1
1	-39.75	48.75	1
1	-39.25	48.75	1
1	-39.25	48.25	1
1	-40.25	47.25	1
1	-40.25	46.75	1
1	-39.75	46.25	1
1	-39.75	45.75	1
1	-40.25	45.25	1
1	-41.25	45.25	1
1	-42.25	44.25	1
1	-42.25	42.75	1
1	-41.25	42.75	1
1	-41.25	40.75	1
1	-40.75	40.75	1
1	-40.75	42.75	1
1	-40.25	42.75	1
1	-39.25	41.75	1
1	-39.25	41.25	1
1	-40.25	41.25	1
1	-40.25	40.75	1
1	-39.75	40.25	1
1	-39.75	39.75	1
1	-40.75	38.75	1
1	-40.75	37.75	1
1	-41.25	37.25	1
1	-41.25	36.75	1
1	-40.25	36.75	1
1	-40.25	36.25	1
1	-41.25	35.25	1
1	-42.25	35.25	1
1	-43.25	34.25	1
1	-43.75	34.25	1
1	-43.75	34.75	1
1	-42.75	35.75	1
1	-42.75	36.25	1
1	-43.25	36.75	1
1	-44.75	36.75	1
1	-44.75	35.75	1
1	-45.25	35.75	1
1	-45.25	44.25	1
1	-43.75	45.75	1
1	-43.75	46.25	1
1	-45.25	47.75	1
1	-45.25	48.75	1
4	-39.25	38.75	1
4	-39.25	39.25	1
4	-38.75	39.75	1
4	-38.25	39.75	1
4	-38.25	39.25	1
4	-38.75	38.75	1
4	-39.25	38.75	1
7254	-45.25	46.75	372
7254	-45.25	47.25	372
7254	-44.75	47.25	372
7254	-44.75	46.75	372
7254	-45.25	46.75	372
7256	-45.25	44.75	372
7256	-45.25	45.25	372
7256	-44.25	46.25	372
7256	-43.75	46.25	372
7256	-43.75	45.75	372
7256	-44.75	44.75	372
7256	-45.25	44.75	372
7257	-44.75	36.25	372
7257	-44.75	36.75	372
7257	-43.25	36.75	372
7257	-42.75	36.25	372
7257	-42.75	35.75	372
7257	-43.75	34.75	372
7257	-43.75	34.25	372
7257	-43.25	34.25	372
7257	-42.25	35.25	372
7257	-40.75	35.25	372
7257	-38.75	33.25	372
7257	-37.75	33.25	372
7257	-36.25	31.75	372
7257	-36.25	31.25	372
7257	-37.25	31.25	372
7257	-37.75	30.75	372
7257	-37.75	30.25	372
7257	-36.75	30.25	372
7257	-35.75	29.25	372
7257	-35.25	29.25	372
7257	-35.25	29.75	372
7257	-35.75	30.25	372
7257	-35.75	30.75	372
7257	-34.25	30.75	372
7257	-33.25	29.75	372
7257	-33.25	28.75	372
7257	-32.75	28.25	372
7257	-32.25	28.25	372
7257	-31.75	28.75	372
7257	-31.25	28.75	372
7257	-30.75	28.25	372
7257	-30.75	27.25	372
7257	-30.25	26.75	372
7257	-30.25	26.25	372
7257	-31.25	25.25	372
7257	-31.25	23.75	372
7257	-30.75	23.75	372
7257	-30.25	24.25	372
7257	-30.25	25.25	372
7257	-29.75	25.75	372
7257	-28.75	25.75	372
7257	-28.75	26.25	372
7257	-29.25	26.75	372
7257	-29.25	28.25	372
7257	-28.75	28.75	372
7257	-28.75	29.25	372
7257	-29.75	29.25	372
7257	-30.25	29.75	372
7257	-30.25	30.25	372
7257	-28.75	31.75	372
7257	-28.25	31.75	372
7257	-28.25	30.75	372
7257	-27.75	30.25	372
7257	-27.25	30.25	372
7257	-26.25	31.25	372
7257	-25.75	31.25	372
7257	-25.25	30.75	372
7257	-25.25	30.25	372
7257	-25.75	29.75	372
7257	-26.75	29.75	372
7257	-26.75	28.75	372
7257	-28.25	27.25	372
7257	-28.25	26.75	372
7257	-27.25	25.75	372
7257	-27.25	24.75	372
7257	-26.25	24.75	372
7257	-26.25	24.25	372
7257	-26.75	23.75	372
7257	-26.75	23.25	372
7257	-26.25	22.75	372
7257	-26.25	22.25	372
7257	-26.75	21.75	372
7257	-27.25	21.75	372
7257	-28.25	22.75	372
7257	-28.75	22.75	372
7257	-29.25	22.25	372
7257	-29.25	21.75	372
7257	-28.25	21.75	372
7257	-28.25	21.25	372
7257	-28.75	20.75	372
7257	-30.25	20.75	372
7257	-30.75	21.25	372
7257	-30.75	21.75	372
7257	-30.25	22.25	372
7257	-30.25	22.75	372
7257	-30.75	22.75	372
7257	-32.25	21.25	372
7257	-32.25	20.75	372
7257	-31.75	20.25	372
7257	-31.75	19.75	372
7257	-32.25	19.75	372
7257	-33.25	20.75	372
7257	-34.25	20.75	372
7257	-34.75	21.25	372
7257	-34.75	23.25	372
7257	-35.25	23.75	372
7257	-35.25	24.25	372
7257	-34.75	24.75	372
7257	-34.75	26.25	372
7257	-35.75	26.25	372
7257	-36.25	26.75	372
7257	-36.75	26.75	372
7257	-36.75	25.25	372
7257	-35.75	25.25	372
7257	-35.75	24.75	372
7257	-36.25	24.25	372
7257	-36.75	24.25	372
7257	-38.75	26.25	372
7257	-39.25	26.25	372
7257	-39.25	25.75	372
7257	-37.75	24.25	372
7257	-37.75	23.75	372
7257	-38.25	23.75	372
7257	-39.25	24.75	372
7257	-40.25	24.75	372
7257	-40.75	25.25	372
7257	-40.75	27.75	372
7257	-39.25	29.25	372
7257	-39.25	29.75	372
7257	-39.75	29.75	372
7257	-40.25	29.25	372
7257	-40.75	29.25	372
7257	-41.25	29.75	372
7257	-41.75	29.75	372
7257	-41.75	28.75	372
7257	-42.25	28.75	372
7257	-42.75	29.25	372
7257	-42.75	30.25	372
7257	-43.25	30.75	372
7257	-43.75	30.75	372
7257	-44.25	30.25	372
7257	-44.25	29.25	372
7257	-44.75	29.25	372
7257	-45.25	29.75	372
7257	-45.25	35.25	372
7257	-44.75	35.75	372
7257	-44.75	36.25	372
7258	-32.25	26.75	372
7258	-32.25	27.25	372
7258	-31.75	27.75	372
7258	-31.25	27.75	372
7258	-31.25	26.25	372
7258	-31.75	26.25	372
7258	-32.25	26.75	372
7259	-27.75	31.75	372
7259	-27.75	31.25	372
7259	-27.25	31.25	372
7259	-26.75	31.75	372
7259	-26.75	32.25	372
7259	-27.25	32.25	372
7259	-27.75	31.75	372
7260	-27.25	26.75	372
7260	-27.25	27.25	372
7260	-26.75	27.25	372
7260	-26.75	26.75	372
7260	-27.25	26.75	372
7261	-28.25	24.75	372
7261	-28.25	25.25	372
7261	-27.75	25.25	372
7261	-27.75	24.75	372
7261	-28.25	24.75	372
5797	-43.25	48.75	2999
5797	-43.25	49.25	2999
5797	-39.75	49.25	2999
5797	-39.75	48.75	2999
5797	-40.75	47.75	2999
5797	-42.75	47.75	2999
5797	-42.75	46.75	2999
5797	-43.25	46.75	2999
5797	-43.25	48.75	2999
4516	-45.25	45.75	2451
4516	-45.25	46.25	2451
4516	-44.75	46.75	2451
4516	-44.25	46.75	2451
4516	-44.25	46.25	2451
4516	-44.75	45.75	2451
4516	-45.25	45.75	2451
8518	-39.25	48.75	56
8518	-39.25	49.25	56
8518	-30.75	49.25	56
8518	-30.25	48.75	56
8518	-30.25	47.75	56
8518	-29.25	47.75	56
8518	-29.25	46.75	56
8518	-28.75	46.25	56
8518	-28.75	45.25	56
8518	-27.75	45.25	56
8518	-27.25	44.75	56
8518	-26.25	44.75	56
8518	-25.75	44.25	56
8518	-24.75	44.25	56
8518	-24.75	42.25	56
8518	-24.25	42.25	56
8518	-23.75	42.75	56
8518	-23.25	42.75	56
8518	-22.25	41.75	56
8518	-22.25	40.75	56
8518	-20.75	39.25	56
8518	-20.75	38.75	56
8518	-21.25	38.25	56
8518	-21.25	37.75	56
8518	-18.25	37.75	56
8518	-17.75	37.25	56
8518	-17.75	36.75	56
8518	-18.25	36.25	56
8518	-18.25	34.75	56
8518	-17.75	34.25	56
8518	-17.75	33.75	56
8518	-19.75	31.75	56
8518	-19.75	30.75	56
8518	-20.25	30.25	56
8518	-20.25	29.75	56
8518	-18.75	29.75	56
8518	-17.75	30.75	56
8518	-17.75	31.25	56
8518	-18.25	31.75	56
8518	-18.25	32.25	56
8518	-16.75	33.75	56
8518	-14.25	33.75	56
8518	-12.75	32.25	56
8518	-12.75	31.75	56
8518	-13.25	31.75	56
8518	-13.75	32.25	56
8518	-15.25	32.25	56
8518	-15.25	31.75	56
8518	-13.75	30.25	56
8518	-13.75	29.75	56
8518	-14.75	28.75	56
8518	-15.75	28.75	56
8518	-16.25	28.25	56
8518	-17.25	28.25	56
8518	-17.25	26.75	56
8518	-16.75	26.25	56
8518	-16.75	25.75	56
8518	-17.75	24.75	56
8518	-18.25	24.75	56
8518	-19.25	25.75	56
8518	-19.75	25.75	56
8518	-20.25	25.25	56
8518	-21.25	25.25	56
8518	-21.75	24.75	56
8518	-22.25	24.75	56
8518	-22.75	25.25	56
8518	-22.75	26.25	56
8518	-23.25	26.75	56
8518	-23.25	27.75	56
8518	-24.25	27.75	56
8518	-24.25	30.75	56
8518	-25.25	31.75	56
8518	-25.25	32.25	56
8518	-22.25	32.25	56
8518	-22.25	34.75	56
8518	-22.75	35.25	56
8518	-22.75	36.25	56
8518	-23.75	37.25	56
8518	-24.25	37.25	56
8518	-24.25	36.25	56
8518	-25.25	36.25	56
8518	-26.75	34.75	56
8518	-27.75	34.75	56
8518	-28.25	34.25	56
8518	-28.25	33.25	56
8518	-29.75	31.75	56
8518	-32.75	31.75	56
8518	-33.25	31.25	56
8518	-33.75	31.25	56
8518	-33.75	31.75	56
8518	-33.25	32.25	56
8518	-33.25	33.25	56
8518	-32.75	33.75	56
8518	-32.75	34.25	56
8518	-33.25	34.75	56
8518	-33.25	35.25	56
8518	-32.75	35.75	56
8518	-32.75	37.75	56
8518	-30.75	39.75	56
8518	-30.25	39.75	56
8518	-30.25	39.25	56
8518	-30.75	38.75	56
8518	-30.75	37.75	56
8518	-31.75	37.75	56
8518	-32.25	37.25	56
8518	-32.25	35.75	56
8518	-31.25	34.75	56
8518	-30.75	34.75	56
8518	-30.75	35.25	56
8518	-31.25	35.75	56
8518	-31.25	36.25	56
8518	-30.25	36.25	56
8518	-30.25	37.25	56
8518	-29.25	37.25	56
8518	-28.25	38.25	56
8518	-28.25	39.25	56
8518	-27.25	39.25	56
8518	-27.25	40.25	56
8518	-25.75	41.75	56
8518	-25.75	42.25	56
8518	-26.75	42.25	56
8518	-27.25	42.75	56
8518	-27.25	43.75	56
8518	-27.75	44.25	56
8518	-28.25	44.25	56
8518	-28.25	43.25	56
8518	-29.25	42.25	56
8518	-29.75	42.25	56
8518	-29.75	43.25	56
8518	-30.25	43.25	56
8518	-30.75	42.75	56
8518	-31.25	42.75	56
8518	-31.25	43.75	56
8518	-31.75	44.25	56
8518	-32.25	44.25	56
8518	-32.25	42.25	56
8518	-33.75	42.25	56
8518	-33.75	43.25	56
8518	-34.25	43.75	56
8518	-35.25	43.75	56
8518	-36.25	44.75	56
8518	-36.75	44.75	56
8518	-36.75	44.25	56
8518	-35.75	43.25	56
8518	-35.75	42.75	56
8518	-36.75	42.75	56
8518	-36.75	41.75	56
8518	-37.25	41.25	56
8518	-38.25	41.25	56
8518	-38.25	40.25	56
8518	-38.75	39.75	56
8518	-39.25	39.75	56
8518	-40.25	40.75	56
8518	-40.25	41.25	56
8518	-39.25	41.25	56
8518	-39.25	41.75	56
8518	-40.25	42.75	56
8518	-42.25	42.75	56
8518	-42.25	44.25	56
8518	-41.25	45.25	56
8518	-40.25	45.25	56
8518	-39.75	45.75	56
8518	-39.75	46.25	56
8518	-40.25	46.75	56
8518	-40.25	47.25	56
8518	-39.25	48.25	56
8518	-39.25	48.75	56
8521	-38.75	43.25	56
8521	-38.75	43.75	56
8521	-38.25	43.75	56
8521	-38.25	43.25	56
8521	-38.75	43.25	56
8522	-33.75	45.25	56
8522	-33.75	45.75	56
8522	-33.25	45.75	56
8522	-33.25	45.25	56
8522	-33.75	45.25	56
8523	-33.75	37.25	56
8523	-33.75	37.75	56
8523	-33.25	37.75	56
8523	-33.25	37.25	56
8523	-33.75	37.25	56
8524	-35.75	33.25	56
8524	-35.75	33.75	56
8524	-34.75	34.75	56
8524	-34.25	34.75	56
8524	-33.75	34.25	56
8524	-33.75	33.75	56
8524	-34.75	33.75	56
8524	-35.25	33.25	56
8524	-35.75	33.25	56
8525	-22.25	42.75	56
8525	-22.25	43.25	56
8525	-21.75	43.75	56
8525	-20.25	43.75	56
8525	-20.25	43.25	56
8525	-20.75	42.75	56
8525	-22.25	42.75	56
8526	-19.75	42.25	56
8526	-19.75	42.75	56
8526	-19.25	42.75	56
8526	-18.75	42.25	56
8526	-18.75	41.75	56
8526	-19.25	41.75	56
8526	-19.75	42.25	56
8527	-17.75	38.25	56
8527	-17.75	38.75	56
8527	-17.25	38.75	56
8527	-17.25	38.25	56
8527	-17.75	38.25	56
8528	-19.25	31.25	56
8528	-19.25	30.75	56
8528	-18.75	30.75	56
8528	-18.75	31.25	56
8528	-19.25	31.25	56
8519	-13.25	34.75	56
8519	-13.25	35.25	56
8519	-12.75	35.75	56
8519	-12.25	35.75	56
8519	-12.25	34.25	56
8519	-12.75	33.75	56
8519	-13.25	33.75	56
8519	-13.25	34.75	56
8520	-12.25	32.75	56
8520	-12.25	33.25	56
8520	-11.75	33.25	56
8520	-11.75	32.75	56
8520	-12.25	32.75	56
2587	-36.75	44.25	1763
2587	-36.75	44.75	1763
2587	-36.25	44.75	1763
2587	-35.75	44.25	1763
2587	-35.75	43.75	1763
2587	-36.25	43.75	1763
2587	-36.75	44.25	1763
2588	-36.25	41.75	1763
2588	-36.25	42.25	1763
2588	-35.25	42.25	1763
2588	-34.25	43.25	1763
2588	-33.75	43.25	1763
2588	-33.75	42.75	1763
2588	-34.75	41.75	1763
2588	-34.75	40.75	1763
2588	-35.25	40.25	1763
2588	-35.75	40.25	1763
2588	-35.75	41.25	1763
2588	-36.25	41.75	1763
2589	-32.25	42.75	1763
2589	-32.25	43.25	1763
2589	-31.75	43.25	1763
2589	-31.25	42.75	1763
2589	-31.25	41.75	1763
2589	-30.75	41.75	1763
2589	-30.25	42.25	1763
2589	-30.25	43.25	1763
2589	-29.75	43.25	1763
2589	-29.75	41.25	1763
2589	-29.25	41.25	1763
2589	-29.25	42.25	1763
2589	-28.25	43.25	1763
2589	-28.25	44.25	1763
2589	-27.75	44.25	1763
2589	-27.25	43.75	1763
2589	-27.25	42.75	1763
2589	-26.75	42.25	1763
2589	-25.75	42.25	1763
2589	-25.75	41.75	1763
2589	-27.25	40.25	1763
2589	-27.25	39.25	1763
2589	-27.75	39.25	1763
2589	-28.25	39.75	1763
2589	-28.25	41.75	1763
2589	-28.75	41.75	1763
2589	-28.75	40.75	1763
2589	-29.25	40.25	1763
2589	-29.25	39.75	1763
2589	-28.75	39.25	1763
2589	-28.75	37.75	1763
2589	-29.25	37.25	1763
2589	-29.75	37.25	1763
2589	-30.25	37.75	1763
2589	-30.25	39.75	1763
2589	-31.25	39.75	1763
2589	-31.75	40.25	1763
2589	-32.75	40.25	1763
2589	-32.75	40.75	1763
2589	-31.75	41.75	1763
2589	-31.75	42.25	1763
2589	-32.25	42.75	1763
2590	-32.25	35.75	1763
2590	-32.25	36.25	1763
2590	-31.25	37.25	1763
2590	-30.75	37.25	1763
2590	-30.25	36.75	1763
2590	-30.25	36.25	1763
2590	-31.25	36.25	1763
2590	-31.75	35.75	1763
2590	-32.25	35.75	1763
2591	-31.25	34.75	1763
2591	-31.25	35.25	1763
2591	-30.75	35.25	1763
2591	-30.75	34.75	1763
2591	-31.25	34.75	1763
3357	-40.75	38.25	206
3357	-40.75	38.75	206
3357	-40.25	38.75	206
3357	-40.25	37.75	206
3357	-39.25	37.75	206
3357	-38.25	36.75	206
3357	-38.25	35.75	206
3357	-37.75	35.25	206
3357	-37.75	34.75	206
3357	-38.75	33.75	206
3357	-39.25	33.75	206
3357	-39.75	34.25	206
3357	-39.75	34.75	206
3357	-38.75	34.75	206
3357	-38.75	35.25	206
3357	-39.25	35.75	206
3357	-39.75	35.75	206
3357	-40.25	35.25	206
3357	-40.75	35.25	206
3357	-40.75	35.75	206
3357	-40.25	36.25	206
3357	-40.25	36.75	206
3357	-40.75	37.25	206
3357	-40.75	38.25	206
3358	-37.75	40.25	206
3358	-37.75	40.75	206
3358	-36.75	41.75	206
3358	-36.25	41.75	206
3358	-35.75	41.25	206
3358	-35.75	39.75	206
3358	-36.25	39.75	206
3358	-36.75	40.25	206
3358	-37.75	40.25	206
3359	-37.75	38.25	206
3359	-37.75	38.75	206
3359	-37.25	38.75	206
3359	-36.75	38.25	206
3359	-35.25	38.25	206
3359	-35.25	40.25	206
3359	-34.75	40.75	206
3359	-34.75	41.75	206
3359	-34.25	41.75	206
3359	-33.75	41.25	206
3359	-33.75	40.75	206
3359	-34.25	40.25	206
3359	-34.25	37.75	206
3359	-33.75	37.25	206
3359	-33.75	36.75	206
3359	-34.25	36.75	206
3359	-34.75	37.25	206
3359	-36.25	37.25	206
3359	-37.25	36.25	206
3359	-37.75	36.25	206
3359	-37.75	38.25	206
3360	-33.25	41.75	206
3360	-33.25	42.25	206
3360	-32.75	42.25	206
3360	-32.75	41.75	206
3360	-33.25	41.75	206
3361	-32.25	42.25	206
3361	-32.25	41.75	206
3361	-31.75	41.75	206
3361	-31.75	42.25	206
3361	-32.25	42.25	206
3362	-33.75	39.75	206
3362	-33.75	39.25	206
3362	-32.75	38.25	206
3362	-32.25	38.25	206
3362	-31.75	38.75	206
3362	-31.75	39.25	206
3362	-32.75	39.25	206
3362	-33.25	39.75	206
3362	-33.75	39.75	206
5549	-30.25	48.75	2861
5549	-30.25	49.25	2861
5549	-29.75	49.25	2861
5549	-29.25	48.75	2861
5549	-29.25	48.25	2861
5549	-29.75	48.25	2861
5549	-30.25	48.75	2861
5550	-26.25	48.75	2861
5550	-26.25	49.25	2861
5550	-25.75	49.25	2861
5550	-25.75	48.75	2861
5550	-26.25	48.75	2861
5551	-28.75	45.25	2861
5551	-28.75	45.75	2861
5551	-28.25	45.75	2861
5551	-28.25	45.25	2861
5551	-28.75	45.25	2861
5552	-27.75	46.25	2861
5552	-27.75	46.75	2861
5552	-27.25	46.75	2861
5552	-27.25	46.25	2861
5552	-27.75	46.25	2861
5553	-26.25	46.75	2861
5553	-26.25	47.25	2861
5553	-25.75	47.25	2861
5553	-25.25	46.75	2861
5553	-25.25	46.25	2861
5553	-25.75	46.25	2861
5553	-26.25	46.75	2861
5554	-26.75	45.25	2861
5554	-26.75	45.75	2861
5554	-26.25	45.75	2861
5554	-25.25	44.75	2861
5554	-25.25	44.25	2861
5554	-25.75	44.25	2861
5554	-26.75	45.25	2861
5555	-24.75	46.75	2861
5555	-24.75	46.25	2861
5555	-24.25	46.25	2861
5555	-24.25	46.75	2861
5555	-24.75	46.75	2861
5847	-39.75	38.25	3011
5847	-39.75	38.75	3011
5847	-38.75	38.75	3011
5847	-38.25	39.25	3011
5847	-38.25	40.25	3011
5847	-36.75	40.25	3011
5847	-36.75	39.75	3011
5847	-38.75	37.75	3011
5847	-39.25	37.75	3011
5847	-39.75	38.25	3011
5848	-38.25	36.75	3011
5848	-38.25	37.25	3011
5848	-37.75	37.25	3011
5848	-37.75	36.75	3011
5848	-38.25	36.75	3011
5849	-36.75	38.25	3011
5849	-36.75	38.75	3011
5849	-36.25	39.25	3011
5849	-35.75	39.25	3011
5849	-35.25	38.75	3011
5849	-35.25	38.25	3011
5849	-36.75	38.25	3011
10223	-29.25	47.75	956
10223	-29.25	48.25	956
10223	-28.75	48.25	956
10223	-28.25	47.75	956
10223	-28.25	46.25	956
10223	-28.75	46.25	956
10223	-29.25	46.75	956
10223	-29.25	47.75	956
10224	-25.75	48.25	956
10224	-25.75	48.75	956
10224	-25.25	49.25	956
10224	-24.75	49.25	956
10224	-24.75	48.75	956
10224	-25.25	48.25	956
10224	-25.25	47.75	956
10224	-24.75	47.75	956
10224	-24.25	48.25	956
10224	-24.25	49.25	956
10224	-23.75	49.25	956
10224	-23.25	48.75	956
10224	-23.25	46.25	956
10224	-23.75	45.75	956
10224	-23.75	44.75	956
10224	-24.25	44.75	956
10224	-24.75	45.25	956
10224	-24.75	45.75	956
10224	-24.25	46.25	956
10224	-24.25	46.75	956
10224	-25.25	46.75	956
10224	-25.75	47.25	956
10224	-25.75	48.25	956
10225	-27.75	45.25	956
10225	-27.75	45.75	956
10225	-27.25	45.75	956
10225	-26.75	45.25	956
10225	-26.75	44.75	956
10225	-27.25	44.75	956
10225	-27.75	45.25	956
10226	-22.75	48.75	956
10226	-22.75	48.25	956
10226	-22.25	47.75	956
10226	-21.75	47.75	956
10226	-21.25	48.25	956
10226	-21.25	48.75	956
10226	-21.75	49.25	956
10226	-22.25	49.25	956
10226	-22.75	48.75	956
10227	-22.75	46.75	956
10227	-22.75	46.25	956
10227	-22.25	45.75	956
10227	-20.75	45.75	956
10227	-20.75	46.25	956
10227	-21.25	46.75	956
10227	-22.75	46.75	956
2379	-45.25	28.75	1682
2379	-45.25	29.25	1682
2379	-44.25	29.25	1682
2379	-44.25	30.25	1682
2379	-42.75	30.25	1682
2379	-42.75	28.75	1682
2379	-43.75	28.75	1682
2379	-44.25	28.25	1682
2379	-44.75	28.25	1682
2379	-45.25	28.75	1682
537	-45.25	27.75	112
537	-45.25	28.25	112
537	-44.75	28.25	112
537	-44.25	27.75	112
537	-44.25	27.25	112
537	-44.75	26.75	112
537	-45.25	26.75	112
537	-45.25	27.75	112
547	-44.25	25.75	112
547	-44.25	26.25	112
547	-43.75	26.75	112
547	-43.25	26.75	112
547	-43.25	25.75	112
547	-42.75	25.25	112
547	-42.25	25.25	112
547	-41.75	25.75	112
547	-41.75	26.25	112
547	-42.25	26.75	112
547	-42.25	27.25	112
547	-40.75	27.25	112
547	-40.75	25.25	112
547	-40.25	24.75	112
547	-39.25	24.75	112
547	-38.25	23.75	112
547	-38.25	23.25	112
547	-38.75	22.75	112
547	-38.75	22.25	112
547	-38.25	21.75	112
547	-38.25	20.75	112
547	-37.75	20.25	112
547	-37.25	20.25	112
547	-37.25	21.25	112
547	-36.25	21.25	112
547	-35.25	22.25	112
547	-35.25	22.75	112
547	-35.75	23.25	112
547	-36.25	23.25	112
547	-36.25	22.25	112
547	-37.75	22.25	112
547	-37.75	24.25	112
547	-39.25	25.75	112
547	-39.25	26.25	112
547	-38.75	26.25	112
547	-36.75	24.25	112
547	-36.25	24.25	112
547	-35.75	24.75	112
547	-35.75	25.25	112
547	-36.75	25.25	112
547	-36.75	26.75	112
547	-36.25	26.75	112
547	-35.75	26.25	112
547	-34.75	26.25	112
547	-34.75	24.75	112
547	-35.25	24.25	112
547	-35.25	23.75	112
547	-34.75	23.25	112
547	-34.75	21.25	112
547	-34.25	20.75	112
547	-34.25	20.25	112
547	-37.25	17.25	112
547	-37.25	16.75	112
547	-36.25	15.75	112
547	-36.25	14.25	112
547	-36.75	14.25	112
547	-37.25	14.75	112
547	-37.25	15.75	112
547	-37.75	16.25	112
547	-37.75	19.25	112
547	-38.75	20.25	112
547	-38.75	21.25	112
547	-39.75	22.25	112
547	-40.25	22.25	112
547	-40.75	21.75	112
547	-40.75	19.75	112
547	-41.25	19.75	112
547	-41.25	20.75	112
547	-41.75	20.75	112
547	-42.25	20.25	112
547	-42.25	18.75	112
547	-40.25	18.75	112
547	-40.25	18.25	112
547	-40.75	17.75	112
547	-40.75	17.25	112
547	-40.25	17.25	112
547	-39.25	18.25	112
547	-39.25	18.75	112
547	-39.75	19.25	112
547	-39.75	19.75	112
547	-39.25	19.75	112
547	-38.75	19.25	112
547	-38.75	17.25	112
547	-38.25	16.75	112
547	-38.25	15.25	112
547	-39.25	15.25	112
547	-39.25	13.75	112
547	-38.75	13.75	112
547	-38.25	14.25	112
547	-37.75	14.25	112
547	-36.25	12.75	112
547	-35.75	12.75	112
547	-35.75	16.25	112
547	-36.25	16.75	112
547	-36.25	17.25	112
547	-35.75	17.75	112
547	-35.25	17.75	112
547	-34.75	17.25	112
547	-34.25	17.25	112
547	-34.25	18.25	112
547	-33.75	18.75	112
547	-33.75	20.75	112
547	-33.25	20.75	112
547	-32.25	19.75	112
547	-31.75	19.75	112
547	-31.75	20.25	112
547	-32.25	20.75	112
547	-32.25	21.25	112
547	-30.75	22.75	112
547	-30.25	22.75	112
547	-30.25	22.25	112
547	-30.75	21.75	112
547	-30.75	21.25	112
547	-30.25	20.75	112
547	-28.75	20.75	112
547	-28.25	21.25	112
547	-28.25	21.75	112
547	-29.25	21.75	112
547	-29.25	22.25	112
547	-28.75	22.75	112
547	-28.25	22.75	112
547	-27.25	21.75	112
547	-27.25	20.75	112
547	-26.75	20.75	112
547	-26.25	21.25	112
547	-25.75	21.25	112
547	-25.25	20.75	112
547	-24.75	20.75	112
547	-24.75	21.25	112
547	-25.25	21.75	112
547	-25.25	22.25	112
547	-23.75	23.75	112
547	-23.25	23.75	112
547	-21.75	22.25	112
547	-21.75	21.25	112
547	-21.25	20.75	112
547	-20.25	20.75	112
547	-20.25	20.25	112
547	-21.25	19.25	112
547	-21.75	19.25	112
547	-22.25	19.75	112
547	-22.75	19.75	112
547	-23.25	19.25	112
547	-23.75	19.25	112
547	-23.75	20.25	112
547	-24.25	20.25	112
547	-24.75	19.75	112
547	-24.75	19.25	112
547	-23.75	18.25	112
547	-23.25	18.25	112
547	-22.75	18.75	112
547	-22.25	18.75	112
547	-21.75	18.25	112
547	-20.75	18.25	112
547	-19.75	17.25	112
547	-19.25	17.25	112
547	-19.25	18.25	112
547	-18.75	18.75	112
547	-18.25	18.75	112
547	-17.75	18.25	112
547	-17.75	17.75	112
547	-18.25	17.25	112
547	-18.25	16.25	112
547	-19.25	15.25	112
547	-19.25	14.75	112
547	-18.75	14.75	112
547	-18.25	15.25	112
547	-17.75	15.25	112
547	-17.25	14.75	112
547	-17.25	13.75	112
547	-16.75	13.25	112
547	-16.25	13.25	112
547	-16.25	13.75	112
547	-16.75	14.25	112
547	-16.75	14.75	112
547	-16.25	15.25	112
547	-15.75	15.25	112
547	-15.75	12.75	112
547	-16.25	12.25	112
547	-16.25	11.25	112
547	-16.75	10.75	112
547	-16.75	9.75	112
547	-17.25	9.75	112
547	-18.25	10.75	112
547	-18.25	11.75	112
547	-18.75	12.25	112
547	-18.75	13.25	112
547	-19.25	13.25	112
547	-19.75	12.75	112
547	-20.25	12.75	112
547	-20.25	13.75	112
547	-20.75	13.75	112
547	-21.25	13.25	112
547	-21.25	12.25	112
547	-22.25	12.25	112
547	-22.25	11.75	112
547	-21.75	11.25	112
547	-20.75	11.25	112
547	-20.25	10.75	112
547	-20.25	9.75	112
547	-19.25	9.75	112
547	-19.25	8.25	112
547	-22.25	8.25	112
547	-23.25	7.25	112
547	-24.25	7.25	112
547	-24.25	6.25	112
547	-24.75	5.75	112
547	-25.25	5.75	112
547	-25.75	6.25	112
547	-25.75	8.25	112
547	-28.25	10.75	112
547	-28.25	12.25	112
547	-27.75	12.75	112
547	-26.75	12.75	112
547	-26.25	13.25	112
547	-26.25	13.75	112
547	-28.25	13.75	112
547	-29.75	15.25	112
547	-30.25	15.25	112
547	-30.25	14.75	112
547	-29.25	13.75	112
547	-29.25	11.25	112
547	-31.25	11.25	112
547	-31.25	9.25	112
547	-31.75	9.25	112
547	-32.75	10.25	112
547	-32.75	11.25	112
547	-33.25	11.75	112
547	-33.75	11.75	112
547	-35.25	10.25	112
547	-35.25	9.25	112
547	-35.75	9.25	112
547	-36.25	9.75	112
547	-36.25	10.75	112
547	-36.75	10.75	112
547	-37.25	10.25	112
547	-37.75	10.25	112
547	-38.25	10.75	112
547	-39.25	10.75	112
547	-39.75	11.25	112
547	-40.25	11.25	112
547	-40.75	10.75	112
547	-41.25	10.75	112
547	-41.75	11.25	112
547	-42.75	11.25	112
547	-42.75	11.75	112
547	-42.25	12.25	112
547	-42.25	13.25	112
547	-41.25	14.25	112
547	-41.25	14.75	112
547	-42.25	14.75	112
547	-42.25	15.75	112
547	-42.75	16.25	112
547	-42.75	16.75	112
547	-41.75	16.75	112
547	-41.25	17.25	112
547	-41.25	17.75	112
547	-42.25	17.75	112
547	-42.75	18.25	112
547	-43.25	18.25	112
547	-43.25	17.25	112
547	-44.75	17.25	112
547	-44.75	19.25	112
547	-45.25	19.75	112
547	-45.25	21.25	112
547	-44.75	21.75	112
547	-43.75	21.75	112
547	-43.25	22.25	112
547	-43.25	22.75	112
547	-43.75	23.25	112
547	-44.75	23.25	112
547	-44.75	23.75	112
547	-43.75	24.75	112
547	-43.75	25.25	112
547	-44.25	25.75	112
548	-45.25	11.75	112
548	-45.25	12.25	112
548	-44.75	12.25	112
548	-44.75	10.25	112
548	-43.75	10.25	112
548	-41.75	8.25	112
548	-40.75	8.25	112
548	-40.75	6.75	112
548	-41.25	6.25	112
548	-42.25	6.25	112
548	-42.75	5.75	112
548	-43.25	5.75	112
548	-43.25	6.25	112
548	-42.75	6.75	112
548	-42.75	7.25	112
548	-43.25	7.25	112
548	-44.75	5.75	112
548	-44.75	5.25	112
548	-43.75	5.25	112
548	-43.75	4.75	112
548	-44.25	4.25	112
548	-44.25	3.25	112
548	-44.75	2.75	112
548	-45.25	2.75	112
548	-45.25	11.75	112
549	-41.25	15.75	112
549	-41.25	16.25	112
549	-40.75	16.25	112
549	-40.75	15.75	112
549	-41.25	15.75	112
550	-35.75	20.25	112
550	-35.75	20.75	112
550	-35.25	20.75	112
550	-35.25	20.25	112
550	-35.75	20.25	112
551	-35.25	16.25	112
551	-35.25	15.75	112
551	-34.75	15.75	112
551	-34.75	16.25	112
551	-35.25	16.25	112
552	-33.75	17.75	112
552	-33.75	17.25	112
552	-33.25	16.75	112
552	-32.75	16.75	112
552	-32.75	18.25	112
552	-33.25	18.25	112
552	-33.75	17.75	112
553	-32.25	11.75	112
553	-32.25	12.25	112
553	-31.75	12.25	112
553	-31.75	11.75	112
553	-32.25	11.75	112
554	-30.75	13.25	112
554	-30.75	13.75	112
554	-30.25	13.75	112
554	-30.25	13.25	112
554	-30.75	13.25	112
538	-29.75	9.25	112
538	-29.75	9.75	112
538	-29.25	9.75	112
538	-29.25	9.25	112
538	-29.75	9.25	112
539	-27.75	11.75	112
539	-27.75	11.25	112
539	-27.25	11.25	112
539	-27.25	11.75	112
539	-27.75	11.75	112
540	-28.75	9.75	112
540	-28.75	8.25	112
540	-28.25	8.25	112
540	-27.75	8.75	112
540	-27.75	9.25	112
540	-28.25	9.75	112
540	-28.75	9.75	112
541	-26.25	11.75	112
541	-26.25	12.25	112
541	-24.75	12.25	112
541	-24.75	10.25	112
541	-24.25	10.25	112
541	-24.25	11.25	112
541	-23.75	11.25	112
541	-23.75	9.75	112
541	-24.75	8.75	112
541	-25.25	8.75	112
541	-25.75	9.25	112
541	-25.75	10.25	112
541	-26.25	10.75	112
541	-26.25	11.75	112
542	-21.25	16.75	112
542	-21.25	17.25	112
542	-20.75	17.25	112
542	-20.25	16.75	112
542	-20.25	16.25	112
542	-20.75	16.25	112
542	-21.25	16.75	112
543	-17.25	15.75	112
543	-17.25	16.25	112
543	-16.75	16.25	112
543	-16.75	15.75	112
543	-17.25	15.75	112
544	-23.75	5.25	112
544	-23.75	5.75	112
544	-22.25	5.75	112
544	-22.25	5.25	112
544	-22.75	4.75	112
544	-23.25	4.75	112
544	-23.75	5.25	112
545	-21.75	6.25	112
545	-21.75	6.75	112
545	-21.25	6.75	112
545	-21.25	6.25	112
545	-21.75	6.25	112
546	-21.75	4.25	112
546	-21.75	4.75	112
546	-21.25	4.75	112
546	-21.25	4.25	112
546	-21.75	4.25	112
3659	-37.75	35.25	2179
3659	-37.75	35.75	2179
3659	-36.75	36.75	2179
3659	-35.75	36.75	2179
3659	-35.25	37.25	2179
3659	-34.75	37.25	2179
3659	-34.25	36.75	2179
3659	-33.25	36.75	2179
3659	-32.75	36.25	2179
3659	-32.75	35.75	2179
3659	-33.25	35.25	2179
3659	-34.75	35.25	2179
3659	-35.25	35.75	2179
3659	-35.75	35.75	2179
3659	-37.25	34.25	2179
3659	-37.25	33.75	2179
3659	-36.75	33.25	2179
3659	-36.75	32.75	2179
3659	-37.25	32.75	2179
3659	-37.75	33.25	2179
3659	-38.75	33.25	2179
3659	-38.75	33.75	2179
3659	-37.75	34.75	2179
3659	-37.75	35.25	2179
3660	-35.75	34.25	2179
3660	-35.75	34.75	2179
3660	-35.25	34.75	2179
3660	-35.25	34.25	2179
3660	-35.75	34.25	2179
5943	-34.25	38.75	3069
5943	-34.25	39.25	3069
5943	-33.75	39.25	3069
5943	-32.75	38.25	3069
5943	-32.75	37.75	3069
5943	-34.25	37.75	3069
5943	-34.25	38.75	3069
5436	-25.25	47.75	2804
5436	-25.25	48.25	2804
5436	-24.75	48.75	2804
5436	-24.25	48.75	2804
5436	-24.25	48.25	2804
5436	-24.75	47.75	2804
5436	-25.25	47.75	2804
591	-44.25	27.75	1138
591	-44.25	28.25	1138
591	-43.75	28.75	1138
591	-43.25	28.75	1138
591	-43.25	28.25	1138
591	-43.75	27.75	1138
591	-44.25	27.75	1138
592	-42.75	28.75	1138
592	-42.75	27.25	1138
592	-41.25	27.25	1138
592	-39.25	29.25	1138
592	-39.25	29.75	1138
592	-39.75	29.75	1138
592	-40.25	29.25	1138
592	-40.75	29.25	1138
592	-41.25	29.75	1138
592	-41.75	29.75	1138
592	-41.75	28.75	1138
592	-42.75	28.75	1138
3365	-23.25	48.75	2062
3365	-23.25	49.25	2062
3365	-22.75	49.25	2062
3365	-22.75	48.75	2062
3365	-23.25	48.75	2062
4126	-44.75	26.25	2289
4126	-44.75	26.75	2289
4126	-44.25	26.75	2289
4126	-44.25	26.25	2289
4126	-44.75	26.25	2289
4127	-43.75	27.25	2289
4127	-43.75	27.75	2289
4127	-43.25	27.75	2289
4127	-43.25	27.25	2289
4127	-43.75	27.25	2289
4128	-45.25	24.75	2289
4128	-45.25	25.25	2289
4128	-44.75	25.25	2289
4128	-44.75	24.75	2289
4128	-45.25	24.75	2289
4129	-42.75	25.25	2289
4129	-42.75	25.75	2289
4129	-42.25	26.25	2289
4129	-41.75	26.25	2289
4129	-41.75	25.75	2289
4129	-42.25	25.25	2289
4129	-42.75	25.25	2289
2501	-37.25	33.75	1726
2501	-37.25	34.25	1726
2501	-36.25	35.25	1726
2501	-35.75	35.25	1726
2501	-35.75	34.75	1726
2501	-36.25	34.25	1726
2501	-36.25	32.25	1726
2501	-36.75	32.25	1726
2501	-36.75	33.25	1726
2501	-37.25	33.75	1726
2502	-37.75	30.25	1726
2502	-37.75	30.75	1726
2502	-37.25	31.25	1726
2502	-36.25	31.25	1726
2502	-35.25	32.25	1726
2502	-35.25	33.25	1726
2502	-33.75	33.25	1726
2502	-33.25	32.75	1726
2502	-33.25	32.25	1726
2502	-33.75	31.75	1726
2502	-33.75	31.25	1726
2502	-32.75	31.25	1726
2502	-32.75	30.25	1726
2502	-31.75	29.25	1726
2502	-31.75	28.75	1726
2502	-32.25	28.25	1726
2502	-32.75	28.25	1726
2502	-32.75	29.25	1726
2502	-34.25	30.75	1726
2502	-35.75	30.75	1726
2502	-35.75	30.25	1726
2502	-35.25	29.75	1726
2502	-35.25	29.25	1726
2502	-35.75	29.25	1726
2502	-36.75	30.25	1726
2502	-37.75	30.25	1726
2503	-33.75	34.25	1726
2503	-33.75	34.75	1726
2503	-33.25	34.75	1726
2503	-32.75	34.25	1726
2503	-32.75	33.75	1726
2503	-33.25	33.75	1726
2503	-33.75	34.25	1726
3556	-44.75	25.25	2130
3556	-44.75	25.75	2130
3556	-44.25	25.75	2130
3556	-43.75	25.25	2130
3556	-43.75	24.75	2130
3556	-44.75	23.75	2130
3556	-45.25	23.75	2130
3556	-45.25	24.25	2130
3556	-44.75	24.75	2130
3556	-44.75	25.25	2130
10205	-22.75	47.25	946
10205	-22.75	47.75	946
10205	-21.75	47.75	946
10205	-21.25	48.25	946
10205	-20.75	48.25	946
10205	-19.75	47.25	946
10205	-19.25	47.25	946
10205	-18.75	47.75	946
10205	-18.25	47.75	946
10205	-18.25	46.75	946
10205	-17.25	46.75	946
10205	-17.25	45.25	946
10205	-18.75	45.25	946
10205	-19.25	45.75	946
10205	-19.75	45.75	946
10205	-20.75	44.75	946
10205	-20.75	43.75	946
10205	-21.75	43.75	946
10205	-22.25	43.25	946
10205	-22.75	43.25	946
10205	-22.75	44.25	946
10205	-23.75	45.25	946
10205	-23.75	45.75	946
10205	-23.25	46.25	946
10205	-22.75	46.25	946
10205	-21.75	45.25	946
10205	-21.25	45.25	946
10205	-20.75	45.75	946
10205	-20.75	46.25	946
10205	-21.25	46.75	946
10205	-22.25	46.75	946
10205	-22.75	47.25	946
10206	-24.75	42.25	946
10206	-24.75	42.75	946
10206	-24.25	42.75	946
10206	-24.25	42.25	946
10206	-24.75	42.25	946
5429	-21.25	48.75	280
5429	-21.25	49.25	280
5429	-20.75	49.25	280
5429	-20.75	48.75	280
5429	-21.25	48.75	280
5430	-19.75	48.25	280
5430	-19.75	48.75	280
5430	-19.25	49.25	280
5430	-17.75	49.25	280
5430	-16.75	48.25	280
5430	-16.75	47.75	280
5430	-17.25	47.75	280
5430	-17.75	48.25	280
5430	-19.75	48.25	280
10207	-20.75	48.25	947
10207	-20.75	48.75	947
10207	-20.25	49.25	947
10207	-19.75	49.25	947
10207	-19.75	48.25	947
10207	-18.75	48.25	947
10207	-18.75	47.75	947
10207	-19.25	47.25	947
10207	-19.75	47.25	947
10207	-20.75	48.25	947
605	-45.25	21.75	1144
605	-45.25	22.25	1144
605	-44.75	22.25	1144
605	-44.75	21.75	1144
605	-45.25	21.75	1144
606	-44.25	22.75	1144
606	-44.25	23.25	1144
606	-43.75	23.25	1144
606	-43.25	22.75	1144
606	-43.25	22.25	1144
606	-43.75	21.75	1144
606	-44.25	21.75	1144
606	-44.25	22.75	1144
7978	-18.25	47.75	473
7978	-18.25	48.25	473
7978	-17.75	48.25	473
7978	-17.25	47.75	473
7978	-16.75	47.75	473
7978	-16.75	48.25	473
7978	-17.25	48.75	473
7978	-17.25	49.25	473
7978	-14.75	49.25	473
7978	-14.75	48.75	473
7978	-15.25	48.25	473
7978	-15.25	47.25	473
7978	-15.75	46.75	473
7978	-15.75	44.25	473
7978	-15.25	44.25	473
7978	-15.25	46.25	473
7978	-14.75	46.25	473
7978	-14.75	44.25	473
7978	-14.25	44.25	473
7978	-13.75	44.75	473
7978	-12.75	44.75	473
7978	-12.75	45.75	473
7978	-12.25	45.75	473
7978	-11.75	45.25	473
7978	-11.75	43.75	473
7978	-12.75	43.75	473
7978	-12.75	43.25	473
7978	-12.25	42.75	473
7978	-11.75	42.75	473
7978	-11.25	43.25	473
7978	-10.75	43.25	473
7978	-10.75	42.25	473
7978	-10.25	41.75	473
7978	-9.25	41.75	473
7978	-9.25	39.75	473
7978	-8.75	39.75	473
7978	-8.75	40.75	473
7978	-8.25	40.75	473
7978	-7.75	40.25	473
7978	-7.75	39.75	473
7978	-8.25	39.25	473
7978	-8.25	37.75	473
7978	-7.25	36.75	473
7978	-7.25	36.25	473
7978	-8.25	35.25	473
7978	-8.75	35.25	473
7978	-9.25	35.75	473
7978	-10.25	35.75	473
7978	-10.75	36.25	473
7978	-10.75	36.75	473
7978	-10.25	37.25	473
7978	-9.25	37.25	473
7978	-9.25	37.75	473
7978	-9.75	38.25	473
7978	-10.75	38.25	473
7978	-10.75	38.75	473
7978	-10.25	39.25	473
7978	-10.25	39.75	473
7978	-11.25	40.75	473
7978	-12.25	40.75	473
7978	-12.75	41.25	473
7978	-12.75	42.25	473
7978	-13.75	42.25	473
7978	-13.75	43.25	473
7978	-15.75	43.25	473
7978	-16.25	43.75	473
7978	-16.25	44.75	473
7978	-16.75	44.75	473
7978	-17.25	44.25	473
7978	-17.75	44.25	473
7978	-18.25	44.75	473
7978	-18.25	45.25	473
7978	-17.25	45.25	473
7978	-17.25	46.75	473
7978	-18.25	46.75	473
7978	-18.25	47.75	473
7979	-14.25	49.25	473
7979	-14.25	48.75	473
7979	-13.75	48.75	473
7979	-13.75	49.25	473
7979	-14.25	49.25	473
6343	-20.75	44.25	3298
6343	-20.75	44.75	3298
6343	-19.75	45.75	3298
6343	-19.25	45.75	3298
6343	-18.75	45.25	3298
6343	-18.75	44.75	3298
6343	-19.25	44.25	3298
6343	-20.75	44.25	3298
1790	-45.25	18.75	1465
1790	-45.25	19.25	1465
1790	-44.75	19.25	1465
1790	-44.75	17.75	1465
1790	-45.25	17.75	1465
1790	-45.25	18.75	1465
701	-32.75	31.25	1163
701	-32.75	31.75	1163
701	-31.25	31.75	1163
701	-31.25	29.25	1163
701	-31.75	29.25	1163
701	-32.75	30.25	1163
701	-32.75	31.25	1163
702	-30.25	28.75	1163
702	-30.25	29.25	1163
702	-29.75	29.25	1163
702	-29.25	28.75	1163
702	-29.25	28.25	1163
702	-29.75	28.25	1163
702	-30.25	28.75	1163
8758	-20.25	43.75	600
8758	-20.25	44.25	600
8758	-19.25	44.25	600
8758	-18.75	44.75	600
8758	-18.25	44.75	600
8758	-18.25	44.25	600
8758	-19.25	43.25	600
8758	-19.75	43.25	600
8758	-20.25	43.75	600
8759	-21.25	41.75	600
8759	-21.25	42.25	600
8759	-20.75	42.75	600
8759	-20.25	42.75	600
8759	-20.25	42.25	600
8759	-20.75	41.75	600
8759	-21.25	41.75	600
8760	-18.25	41.75	600
8760	-18.25	42.25	600
8760	-17.25	42.25	600
8760	-17.25	43.25	600
8760	-16.75	43.25	600
8760	-16.25	42.75	600
8760	-16.25	42.25	600
8760	-16.75	41.75	600
8760	-16.75	40.75	600
8760	-17.25	40.75	600
8760	-18.25	41.75	600
8761	-21.25	37.75	600
8761	-21.25	38.25	600
8761	-20.75	38.25	600
8761	-20.75	37.75	600
8761	-21.25	37.75	600
8762	-20.25	38.75	600
8762	-20.25	39.25	600
8762	-19.75	39.25	600
8762	-18.75	38.25	600
8762	-18.75	37.75	600
8762	-20.25	37.75	600
8762	-20.25	38.75	600
8763	-19.25	39.75	600
8763	-19.25	40.25	600
8763	-18.75	40.75	600
8763	-18.25	40.75	600
8763	-18.25	40.25	600
8763	-18.75	39.75	600
8763	-19.25	39.75	600
10339	-22.25	40.75	990
10339	-22.25	41.25	990
10339	-21.75	41.25	990
10339	-20.25	39.75	990
10339	-20.25	39.25	990
10339	-20.75	39.25	990
10339	-22.25	40.75	990
10340	-20.25	41.75	990
10340	-20.25	42.25	990
10340	-19.75	42.25	990
10340	-19.25	41.75	990
10340	-18.75	41.75	990
10340	-18.75	42.25	990
10340	-19.25	42.75	990
10340	-19.25	43.25	990
10340	-18.75	43.25	990
10340	-18.25	42.75	990
10340	-18.25	41.25	990
10340	-18.75	40.75	990
10340	-20.25	40.75	990
10340	-20.25	41.75	990
10341	-17.25	43.75	990
10341	-17.25	44.25	990
10341	-16.75	44.75	990
10341	-16.25	44.75	990
10341	-16.25	43.25	990
10341	-16.75	43.25	990
10341	-17.25	43.75	990
10342	-18.25	39.75	990
10342	-18.25	40.25	990
10342	-17.75	40.75	990
10342	-16.75	40.75	990
10342	-16.75	41.75	990
10342	-15.75	42.75	990
10342	-15.25	42.75	990
10342	-14.75	42.25	990
10342	-14.75	41.25	990
10342	-13.75	41.25	990
10342	-13.75	39.75	990
10342	-14.25	39.25	990
10342	-14.75	39.25	990
10342	-15.25	39.75	990
10342	-15.75	39.75	990
10342	-15.75	38.25	990
10342	-15.25	37.75	990
10342	-15.25	37.25	990
10342	-15.75	37.25	990
10342	-16.25	37.75	990
10342	-16.25	38.75	990
10342	-18.25	38.75	990
10342	-18.25	39.75	990
10343	-18.25	35.75	990
10343	-18.25	36.25	990
10343	-17.75	36.75	990
10343	-17.25	36.75	990
10343	-17.25	36.25	990
10343	-17.75	35.75	990
10343	-17.75	35.25	990
10343	-17.25	34.75	990
10343	-16.75	34.75	990
10343	-16.75	35.75	990
10343	-16.25	35.75	990
10343	-15.25	34.75	990
10343	-15.25	34.25	990
10343	-15.75	33.75	990
10343	-16.75	33.75	990
10343	-18.25	32.25	990
10343	-18.75	32.25	990
10343	-18.75	32.75	990
10343	-17.75	33.75	990
10343	-17.75	34.25	990
10343	-18.25	34.75	990
10343	-18.25	35.75	990
10344	-14.75	36.25	990
10344	-14.75	36.75	990
10344	-14.25	36.75	990
10344	-14.25	36.25	990
10344	-14.75	36.25	990
10345	-13.75	36.75	990
10345	-13.75	35.25	990
10345	-13.25	35.25	990
10345	-13.25	36.25	990
10345	-12.75	36.75	990
10345	-12.75	37.25	990
10345	-13.25	37.25	990
10345	-13.75	36.75	990
6309	-15.25	47.75	3272
6309	-15.25	48.25	3272
6309	-14.75	48.75	3272
6309	-13.75	48.75	3272
6309	-13.25	49.25	3272
6309	-12.75	49.25	3272
6309	-12.75	48.75	3272
6309	-13.25	48.25	3272
6309	-13.25	46.25	3272
6309	-14.25	46.25	3272
6309	-14.25	45.25	3272
6309	-14.75	45.25	3272
6309	-14.75	46.75	3272
6309	-14.25	47.25	3272
6309	-14.25	47.75	3272
6309	-15.25	47.75	3272
3175	-45.25	16.75	1987
3175	-45.25	17.25	1987
3175	-42.75	17.25	1987
3175	-42.75	15.75	1987
3175	-43.25	15.25	1987
3175	-43.75	15.25	1987
3175	-45.25	16.75	1987
3176	-45.25	13.75	1987
3176	-45.25	14.25	1987
3176	-44.75	14.25	1987
3176	-44.75	13.75	1987
3176	-45.25	13.75	1987
3177	-43.25	13.75	1987
3177	-43.25	14.25	1987
3177	-42.75	14.75	1987
3177	-41.25	14.75	1987
3177	-41.25	14.25	1987
3177	-41.75	13.75	1987
3177	-42.75	13.75	1987
3177	-42.75	13.25	1987
3177	-42.25	12.75	1987
3177	-42.25	12.25	1987
3177	-43.25	11.25	1987
3177	-43.75	11.25	1987
3177	-43.75	12.75	1987
3177	-43.25	13.25	1987
3177	-43.25	13.75	1987
8349	-40.75	21.25	549
8349	-40.75	21.75	549
8349	-40.25	22.25	549
8349	-39.75	22.25	549
8349	-39.75	21.25	549
8349	-38.75	21.25	549
8349	-38.75	19.75	549
8349	-39.75	19.75	549
8349	-40.75	18.75	549
8349	-42.25	18.75	549
8349	-42.25	19.25	549
8349	-41.75	19.75	549
8349	-40.75	19.75	549
8349	-40.25	20.25	549
8349	-40.25	20.75	549
8349	-40.75	21.25	549
8350	-40.75	17.25	549
8350	-40.75	17.75	549
8350	-39.75	18.75	549
8350	-39.25	18.75	549
8350	-39.25	18.25	549
8350	-40.25	17.25	549
8350	-40.75	17.25	549
8351	-38.75	18.75	549
8351	-38.75	17.25	549
8351	-38.25	17.25	549
8351	-37.75	17.75	549
8351	-37.75	19.25	549
8351	-38.25	19.25	549
8351	-38.75	18.75	549
7169	-30.75	31.25	3628
7169	-30.75	31.75	3628
7169	-29.75	31.75	3628
7169	-29.25	32.25	3628
7169	-28.75	32.25	3628
7169	-28.75	31.75	3628
7169	-30.25	30.25	3628
7169	-30.75	30.25	3628
7169	-30.75	31.25	3628
8782	-28.25	33.75	605
8782	-28.25	34.25	605
8782	-27.75	34.75	605
8782	-27.25	34.75	605
8782	-26.75	34.25	605
8782	-26.25	34.25	605
8782	-26.25	35.25	605
8782	-25.75	35.75	605
8782	-25.25	35.75	605
8782	-25.25	35.25	605
8782	-25.75	34.75	605
8782	-25.75	33.75	605
8782	-26.25	33.25	605
8782	-26.25	32.75	605
8782	-24.75	31.25	605
8782	-24.75	30.75	605
8782	-25.25	30.75	605
8782	-26.75	32.25	605
8782	-27.25	32.25	605
8782	-27.75	31.75	605
8782	-28.25	31.75	605
8782	-28.75	32.25	605
8782	-28.75	32.75	605
8782	-27.75	32.75	605
8782	-27.75	33.25	605
8782	-28.25	33.75	605
8783	-27.75	30.25	605
8783	-27.75	30.75	605
8783	-27.25	31.25	605
8783	-26.75	31.25	605
8783	-26.75	30.75	605
8783	-27.25	30.25	605
8783	-27.75	30.25	605
8784	-24.75	32.25	605
8784	-24.75	32.75	605
8784	-23.25	34.25	605
8784	-22.75	34.25	605
8784	-22.25	33.75	605
8784	-22.25	33.25	605
8784	-23.25	32.25	605
8784	-24.75	32.25	605
9702	-45.25	15.75	814
9702	-45.25	16.25	814
9702	-44.75	16.25	814
9702	-44.25	15.75	814
9702	-44.25	15.25	814
9702	-44.75	14.75	814
9702	-45.25	14.75	814
9702	-45.25	15.75	814
9703	-45.25	12.75	814
9703	-45.25	13.25	814
9703	-44.75	13.75	814
9703	-43.75	13.75	814
9703	-43.75	14.75	814
9703	-43.25	14.75	814
9703	-43.25	13.25	814
9703	-43.75	12.75	814
9703	-43.75	11.25	814
9703	-42.75	11.25	814
9703	-42.75	10.25	814
9703	-42.25	9.75	814
9703	-42.25	9.25	814
9703	-42.75	9.25	814
9703	-43.75	10.25	814
9703	-44.75	10.25	814
9703	-44.75	12.25	814
9703	-45.25	12.75	814
9704	-42.75	15.25	814
9704	-42.75	15.75	814
9704	-42.25	15.75	814
9704	-42.25	15.25	814
9704	-42.75	15.25	814
5923	-43.25	17.75	3054
5923	-43.25	18.25	3054
5923	-42.75	18.25	3054
5923	-42.25	17.75	3054
5923	-41.25	17.75	3054
5923	-41.25	17.25	3054
5923	-41.75	16.75	3054
5923	-42.25	16.75	3054
5923	-43.25	17.75	3054
10117	-25.25	35.75	914
10117	-25.25	36.25	914
10117	-24.75	36.25	914
10117	-24.75	35.25	914
10117	-24.25	35.25	914
10117	-24.25	37.25	914
10117	-23.75	37.25	914
10117	-22.75	36.25	914
10117	-22.75	35.25	914
10117	-22.25	34.75	914
10117	-22.25	34.25	914
10117	-23.25	34.25	914
10117	-23.75	33.75	914
10117	-25.25	33.75	914
10117	-25.75	34.25	914
10117	-25.75	34.75	914
10117	-25.25	35.25	914
10117	-25.25	35.75	914
10118	-26.25	32.75	914
10118	-26.25	33.25	914
10118	-25.75	33.25	914
10118	-25.25	32.75	914
10118	-25.25	32.25	914
10118	-25.75	32.25	914
10118	-26.25	32.75	914
3030	-13.25	47.75	1937
3030	-13.25	48.25	1937
3030	-12.75	48.75	1937
3030	-12.25	48.75	1937
3030	-12.25	46.75	1937
3030	-11.75	46.75	1937
3030	-11.25	47.25	1937
3030	-10.75	47.25	1937
3030	-10.25	46.75	1937
3030	-10.25	46.25	1937
3030	-10.75	45.75	1937
3030	-12.25	45.75	1937
3030	-13.25	46.75	1937
3030	-13.25	47.75	1937
3031	-13.75	45.25	1937
3031	-13.75	45.75	1937
3031	-13.25	45.75	1937
3031	-13.25	45.25	1937
3031	-13.75	45.25	1937
2934	-12.25	48.75	19
2934	-12.25	49.25	19
2934	5.25	49.25	19
2934	5.25	27.75	19
2934	4.75	27.75	19
2934	4.75	28.75	19
2934	4.25	29.25	19
2934	3.75	29.25	19
2934	3.75	28.25	19
2934	3.25	28.25	19
2934	3.25	29.25	19
2934	2.75	29.75	19
2934	2.75	30.25	19
2934	3.25	30.75	19
2934	3.25	31.75	19
2934	3.75	31.75	19
2934	4.25	31.25	19
2934	4.75	31.25	19
2934	4.75	31.75	19
2934	3.75	32.75	19
2934	2.25	32.75	19
2934	1.75	32.25	19
2934	1.25	32.25	19
2934	1.25	32.75	19
2934	1.75	33.25	19
2934	1.75	34.75	19
2934	-0.75	34.75	19
2934	-0.75	33.75	19
2934	-1.25	33.75	19
2934	-1.75	34.25	19
2934	-1.75	36.25	19
2934	-2.25	36.25	19
2934	-2.25	35.25	19
2934	-2.75	35.25	19
2934	-2.75	38.25	19
2934	-3.75	38.25	19
2934	-3.75	38.75	19
2934	-3.25	39.25	19
2934	-3.25	39.75	19
2934	-4.25	39.75	19
2934	-4.25	40.75	19
2934	-4.75	41.25	19
2934	-6.75	41.25	19
2934	-6.75	43.25	19
2934	-7.25	43.75	19
2934	-7.75	43.75	19
2934	-8.25	43.25	19
2934	-8.75	43.25	19
2934	-8.75	44.25	19
2934	-9.25	44.75	19
2934	-9.75	44.75	19
2934	-10.25	44.25	19
2934	-10.75	44.25	19
2934	-11.25	44.75	19
2934	-11.25	45.25	19
2934	-10.25	46.25	19
2934	-10.25	46.75	19
2934	-10.75	47.25	19
2934	-11.25	47.25	19
2934	-11.75	46.75	19
2934	-12.25	46.75	19
2934	-12.25	48.75	19
2943	-12.25	30.75	19
2943	-12.25	31.25	19
2943	-11.75	31.25	19
2943	-10.75	30.25	19
2943	-10.75	29.75	19
2943	-11.25	29.75	19
2943	-12.25	30.75	19
2944	-11.25	31.75	19
2944	-11.25	32.25	19
2944	-10.75	32.75	19
2944	-10.25	32.75	19
2944	-9.75	32.25	19
2944	-9.75	31.75	19
2944	-11.25	31.75	19
2945	-11.75	26.25	19
2945	-11.75	26.75	19
2945	-10.75	27.75	19
2945	-9.25	27.75	19
2945	-8.75	27.25	19
2945	-8.75	26.25	19
2945	-8.25	26.25	19
2945	-7.75	26.75	19
2945	-7.25	26.75	19
2945	-6.25	25.75	19
2945	-6.25	24.25	19
2945	-6.75	23.75	19
2945	-6.75	23.25	19
2945	-6.25	23.25	19
2945	-5.25	24.25	19
2945	-4.75	24.25	19
2945	-3.75	23.25	19
2945	-3.75	22.75	19
2945	-4.25	22.25	19
2945	-4.25	21.75	19
2945	-3.25	21.75	19
2945	-3.25	21.25	19
2945	-3.75	20.75	19
2945	-3.75	20.25	19
2945	-2.25	18.75	19
2945	-2.25	18.25	19
2945	-3.25	18.25	19
2945	-3.75	17.75	19
2945	-3.75	15.75	19
2945	-4.75	14.75	19
2945	-7.25	14.75	19
2945	-7.25	15.75	19
2945	-8.75	17.25	19
2945	-8.75	17.75	19
2945	-8.25	17.75	19
2945	-7.25	16.75	19
2945	-6.75	16.75	19
2945	-6.25	17.25	19
2945	-6.25	17.75	19
2945	-6.75	18.25	19
2945	-6.75	18.75	19
2945	-6.25	18.75	19
2945	-5.25	17.75	19
2945	-4.75	17.75	19
2945	-4.75	18.25	19
2945	-6.75	20.25	19
2945	-7.75	20.25	19
2945	-8.75	21.25	19
2945	-8.75	21.75	19
2945	-8.25	22.25	19
2945	-8.25	22.75	19
2945	-9.25	22.75	19
2945	-9.25	24.75	19
2945	-11.25	24.75	19
2945	-11.75	25.25	19
2945	-11.75	26.25	19
2946	-0.75	36.25	19
2946	-0.75	36.75	19
2946	-0.25	36.75	19
2946	-0.25	36.25	19
2946	-0.75	36.25	19
2947	-2.25	32.75	19
2947	-2.25	33.25	19
2947	-1.75	33.25	19
2947	-1.25	32.75	19
2947	-1.25	32.25	19
2947	-1.75	31.75	19
2947	-2.25	31.75	19
2947	-2.25	32.75	19
2948	-7.75	25.25	19
2948	-7.75	25.75	19
2948	-7.25	25.75	19
2948	-7.25	25.25	19
2948	-7.75	25.25	19
2949	-6.25	26.75	19
2949	-6.25	27.25	19
2949	-5.75	27.75	19
2949	-4.75	27.75	19
2949	-3.75	28.75	19
2949	-2.75	28.75	19
2949	-2.75	29.25	19
2949	-3.25	29.75	19
2949	-3.25	30.25	19
2949	-2.75	30.75	19
2949	-2.25	30.75	19
2949	-2.25	28.75	19
2949	-1.75	28.25	19
2949	-1.75	27.75	19
2949	-2.25	27.25	19
2949	-4.25	27.25	19
2949	-4.75	26.75	19
2949	-6.25	26.75	19
2950	-5.25	22.75	19
2950	-5.25	23.25	19
2950	-4.75	23.25	19
2950	-4.75	22.75	19
2950	-5.25	22.75	19
2935	-2.25	25.75	19
2935	-2.25	26.25	19
2935	-1.25	27.25	19
2935	-0.75	27.25	19
2935	-0.25	26.75	19
2935	0.25	26.75	19
2935	0.75	27.25	19
2935	1.25	27.25	19
2935	1.25	25.75	19
2935	0.25	24.75	19
2935	-0.25	24.75	19
2935	-0.25	25.75	19
2935	-0.75	26.25	19
2935	-1.25	26.25	19
2935	-1.75	25.75	19
2935	-2.25	25.75	19
2936	1.25	28.25	19
2936	1.25	28.75	19
2936	1.75	28.75	19
2936	1.75	28.25	19
2936	1.25	28.25	19
2937	-9.75	16.25	19
2937	-9.75	16.75	19
2937	-9.25	16.75	19
2937	-8.25	15.75	19
2937	-8.25	14.75	19
2937	-7.75	14.25	19
2937	-7.75	13.25	19
2937	-5.75	13.25	19
2937	-4.75	12.25	19
2937	-3.75	12.25	19
2937	-2.75	11.25	19
2937	-2.25	11.25	19
2937	-2.25	12.25	19
2937	-1.25	12.25	19
2937	-0.75	12.75	19
2937	-0.75	13.75	19
2937	-0.25	13.75	19
2937	0.25	13.25	19
2937	0.25	11.75	19
2937	-0.75	10.75	19
2937	-0.75	9.25	19
2937	-0.25	8.75	19
2937	-0.25	8.25	19
2937	-0.75	8.25	19
2937	-1.25	8.75	19
2937	-1.75	8.75	19
2937	-3.25	7.25	19
2937	-3.75	7.25	19
2937	-4.25	7.75	19
2937	-4.75	7.75	19
2937	-4.75	5.75	19
2937	-5.25	5.25	19
2937	-5.25	4.25	19
2937	-5.75	3.75	19
2937	-5.75	2.75	19
2937	-6.25	2.25	19
2937	-6.75	2.25	19
2937	-7.25	2.75	19
2937	-7.25	3.75	19
2937	-9.75	3.75	19
2937	-10.25	3.25	19
2937	-10.25	2.75	19
2937	-8.25	2.75	19
2937	-7.75	2.25	19
2937	-7.75	1.75	19
2937	-8.25	1.25	19
2937	-8.25	0.75	19
2937	-6.75	-0.75	19
2937	-6.75	-1.25	19
2937	-15.25	-1.25	19
2937	-16.75	0.25	19
2937	-16.75	1.75	19
2937	-16.25	2.25	19
2937	-14.25	2.25	19
2937	-13.75	2.75	19
2937	-13.75	3.25	19
2937	-14.75	4.25	19
2937	-14.75	4.75	19
2937	-14.25	5.25	19
2937	-14.25	5.75	19
2937	-15.25	5.75	19
2937	-15.25	6.25	19
2937	-14.75	6.75	19
2937	-12.25	6.75	19
2937	-11.75	6.25	19
2937	-11.25	6.25	19
2937	-10.25	7.25	19
2937	-10.25	8.25	19
2937	-9.75	8.25	19
2937	-9.25	7.75	19
2937	-9.25	7.25	19
2937	-9.75	6.75	19
2937	-9.75	6.25	19
2937	-8.75	5.25	19
2937	-8.25	5.25	19
2937	-8.25	6.25	19
2937	-7.25	7.25	19
2937	-7.25	7.75	19
2937	-7.75	8.25	19
2937	-7.75	8.75	19
2937	-7.25	9.25	19
2937	-7.25	9.75	19
2937	-9.75	12.25	19
2937	-9.75	14.25	19
2937	-10.25	14.75	19
2937	-10.25	15.25	19
2937	-9.75	15.25	19
2937	-9.25	14.75	19
2937	-8.75	14.75	19
2937	-8.75	15.25	19
2937	-9.75	16.25	19
2938	2.25	28.75	19
2938	2.25	27.75	19
2938	1.75	27.25	19
2938	1.75	23.75	19
2938	2.25	23.25	19
2938	3.25	23.25	19
2938	3.25	22.25	19
2938	4.75	22.25	19
2938	5.25	22.75	19
2938	5.25	23.25	19
2938	4.25	23.25	19
2938	4.25	24.75	19
2938	5.25	25.75	19
2938	5.25	26.25	19
2938	4.75	26.75	19
2938	3.75	26.75	19
2938	2.75	27.75	19
2938	2.75	28.75	19
2938	2.25	28.75	19
2939	-11.25	13.75	19
2939	-11.25	14.25	19
2939	-10.75	14.25	19
2939	-10.25	13.75	19
2939	-10.25	12.25	19
2939	-10.75	12.25	19
2939	-10.75	13.25	19
2939	-11.25	13.75	19
2940	-9.25	13.25	19
2940	-9.25	12.75	19
2940	-8.75	12.75	19
2940	-8.75	13.25	19
2940	-9.25	13.25	19
2941	-6.25	10.75	19
2941	-6.25	11.25	19
2941	-5.75	11.25	19
2941	-5.25	10.75	19
2941	-5.25	10.25	19
2941	-5.75	9.75	19
2941	-6.25	9.75	19
2941	-6.25	10.75	19
2942	-6.75	0.25	19
2942	-6.75	0.75	19
2942	-6.25	1.25	19
2942	-5.25	1.25	19
2942	-5.25	2.25	19
2942	-4.25	3.25	19
2942	-3.75	3.25	19
2942	-3.75	2.25	19
2942	-3.25	1.75	19
2942	-2.25	1.75	19
2942	-2.25	1.25	19
2942	-3.25	0.25	19
2942	-3.25	-0.75	19
2942	-3.75	-1.25	19
2942	-6.25	-1.25	19
2942	-6.25	-0.75	19
2942	-5.75	-0.25	19
2942	-5.75	0.25	19
2942	-6.75	0.25	19
6492	-31.25	28.75	3382
6492	-31.25	29.25	3382
6492	-30.75	29.25	3382
6492	-29.25	27.75	3382
6492	-29.25	26.75	3382
6492	-28.75	26.25	3382
6492	-28.75	25.75	3382
6492	-29.75	25.75	3382
6492	-30.75	24.75	3382
6492	-31.25	24.75	3382
6492	-31.25	25.25	3382
6492	-30.25	26.25	3382
6492	-30.25	26.75	3382
6492	-30.75	27.25	3382
6492	-30.75	28.25	3382
6492	-31.25	28.75	3382
3906	-38.25	20.75	2205
3906	-38.25	21.25	2205
3906	-37.75	21.25	2205
3906	-37.75	20.75	2205
3906	-38.25	20.75	2205
3907	-37.25	21.75	2205
3907	-37.25	22.25	2205
3907	-36.75	22.25	2205
3907	-36.25	21.75	2205
3907	-36.25	21.25	2205
3907	-36.75	21.25	2205
3907	-37.25	21.75	2205
3908	-36.25	22.75	2205
3908	-36.25	23.25	2205
3908	-35.75	23.25	2205
3908	-35.25	22.75	2205
3908	-35.25	22.25	2205
3908	-35.75	22.25	2205
3908	-36.25	22.75	2205
5684	-32.25	26.75	2941
5684	-32.25	27.25	2941
5684	-31.75	27.75	2941
5684	-31.25	27.75	2941
5684	-31.25	26.25	2941
5684	-31.75	26.25	2941
5684	-32.25	26.75	2941
5369	-15.25	42.75	278
5369	-15.25	43.25	278
5369	-13.75	43.25	278
5369	-13.75	42.25	278
5369	-12.75	42.25	278
5369	-12.75	41.25	278
5369	-12.25	40.75	278
5369	-11.25	40.75	278
5369	-10.25	39.75	278
5369	-10.25	39.25	278
5369	-10.75	38.75	278
5369	-10.75	38.25	278
5369	-9.75	38.25	278
5369	-9.25	37.75	278
5369	-9.25	37.25	278
5369	-10.25	37.25	278
5369	-10.75	36.75	278
5369	-10.75	36.25	278
5369	-10.25	35.75	278
5369	-9.25	35.75	278
5369	-8.75	35.25	278
5369	-8.25	35.25	278
5369	-7.25	36.25	278
5369	-6.75	36.25	278
5369	-6.75	35.25	278
5369	-6.25	35.25	278
5369	-4.75	36.75	278
5369	-4.25	36.75	278
5369	-3.25	35.75	278
5369	-3.25	35.25	278
5369	-3.75	34.75	278
5369	-3.75	33.75	278
5369	-4.75	32.75	278
5369	-6.25	32.75	278
5369	-7.25	33.75	278
5369	-7.25	34.75	278
5369	-7.75	34.75	278
5369	-8.25	34.25	278
5369	-8.75	34.25	278
5369	-9.25	34.75	278
5369	-10.75	34.75	278
5369	-11.25	34.25	278
5369	-11.25	33.25	278
5369	-12.75	33.25	278
5369	-12.75	33.75	278
5369	-12.25	34.25	278
5369	-12.25	36.75	278
5369	-13.25	37.75	278
5369	-13.25	38.75	278
5369	-13.75	38.75	278
5369	-13.75	36.75	278
5369	-15.25	36.75	278
5369	-15.25	37.75	278
5369	-15.75	38.25	278
5369	-15.75	39.75	278
5369	-15.25	39.75	278
5369	-14.75	39.25	278
5369	-14.75	38.25	278
5369	-14.25	38.25	278
5369	-14.25	39.25	278
5369	-13.75	39.75	278
5369	-13.75	41.25	278
5369	-14.75	41.25	278
5369	-14.75	42.25	278
5369	-15.25	42.75	278
5370	-12.75	43.25	278
5370	-12.75	43.75	278
5370	-12.25	43.75	278
5370	-11.75	43.25	278
5370	-11.75	42.75	278
5370	-12.25	42.75	278
5370	-12.75	43.25	278
5371	-11.75	44.25	278
5371	-11.75	44.75	278
5371	-11.25	44.75	278
5371	-10.75	44.25	278
5371	-10.75	43.75	278
5371	-11.25	43.75	278
5371	-11.75	44.25	278
5372	-10.25	44.25	278
5372	-10.25	43.25	278
5372	-10.75	42.75	278
5372	-10.75	42.25	278
5372	-10.25	41.75	278
5372	-9.75	41.75	278
5372	-8.75	42.75	278
5372	-8.75	44.25	278
5372	-10.25	44.25	278
5373	-13.25	40.25	278
5373	-13.25	39.75	278
5373	-12.75	39.75	278
5373	-12.75	40.25	278
5373	-13.25	40.25	278
5374	-7.75	43.25	278
5374	-7.75	43.75	278
5374	-7.25	43.75	278
5374	-6.75	43.25	278
5374	-6.75	41.25	278
5374	-4.75	41.25	278
5374	-4.25	40.75	278
5374	-4.25	39.75	278
5374	-3.25	39.75	278
5374	-3.25	39.25	278
5374	-3.75	38.75	278
5374	-3.75	38.25	278
5374	-2.75	38.25	278
5374	-2.75	36.75	278
5374	-3.25	36.75	278
5374	-5.25	38.75	278
5374	-5.75	38.75	278
5374	-5.75	36.75	278
5374	-6.25	36.75	278
5374	-6.75	37.25	278
5374	-7.75	37.25	278
5374	-8.25	37.75	278
5374	-8.25	39.25	278
5374	-7.75	39.75	278
5374	-7.75	40.25	278
5374	-8.25	40.75	278
5374	-9.25	40.75	278
5374	-9.25	41.25	278
5374	-8.75	41.75	278
5374	-8.25	41.75	278
5374	-7.75	41.25	278
5374	-7.25	41.25	278
5374	-7.25	41.75	278
5374	-7.75	42.25	278
5374	-7.75	43.25	278
5375	-12.25	37.75	278
5375	-12.25	38.25	278
5375	-11.75	38.25	278
5375	-11.75	37.75	278
5375	-12.25	37.75	278
5376	-13.25	35.75	278
5376	-13.25	36.25	278
5376	-12.75	36.25	278
5376	-12.75	35.75	278
5376	-13.25	35.75	278
5438	-41.25	15.75	2806
5438	-41.25	16.25	2806
5438	-40.75	16.25	2806
5438	-40.75	15.75	2806
5438	-41.25	15.75	2806
6884	-31.25	23.75	3514
6884	-31.25	24.25	3514
6884	-30.75	24.75	3514
6884	-30.25	24.75	3514
6884	-30.25	24.25	3514
6884	-30.75	23.75	3514
6884	-31.25	23.75	3514
9873	-28.25	26.75	867
9873	-28.25	27.25	867
9873	-27.75	27.25	867
9873	-26.75	26.25	867
9873	-25.75	26.25	867
9873	-25.75	25.75	867
9873	-26.75	24.75	867
9873	-27.25	24.75	867
9873	-27.25	25.75	867
9873	-28.25	26.75	867
9874	-25.75	29.25	867
9874	-25.75	29.75	867
9874	-24.75	30.75	867
9874	-24.25	30.75	867
9874	-24.25	27.75	867
9874	-23.25	27.75	867
9874	-23.25	26.75	867
9874	-22.75	26.25	867
9874	-22.75	25.25	867
9874	-22.25	24.75	867
9874	-21.75	24.75	867
9874	-21.25	25.25	867
9874	-20.25	25.25	867
9874	-19.75	25.75	867
9874	-19.25	25.75	867
9874	-18.25	24.75	867
9874	-18.25	23.75	867
9874	-17.75	23.25	867
9874	-16.75	23.25	867
9874	-16.25	22.75	867
9874	-16.25	21.25	867
9874	-16.75	21.25	867
9874	-16.75	22.25	867
9874	-17.25	22.25	867
9874	-18.75	20.75	867
9874	-18.75	20.25	867
9874	-18.25	20.25	867
9874	-17.75	20.75	867
9874	-17.25	20.75	867
9874	-16.25	19.75	867
9874	-16.25	19.25	867
9874	-18.25	19.25	867
9874	-19.75	17.75	867
9874	-20.25	17.75	867
9874	-20.75	18.25	867
9874	-20.75	18.75	867
9874	-19.25	20.25	867
9874	-19.25	20.75	867
9874	-20.25	21.75	867
9874	-20.25	22.75	867
9874	-20.75	23.25	867
9874	-21.25	23.25	867
9874	-21.25	22.75	867
9874	-20.75	22.25	867
9874	-20.75	21.75	867
9874	-21.25	21.75	867
9874	-23.25	23.75	867
9874	-23.75	23.75	867
9874	-25.25	22.25	867
9874	-25.25	21.75	867
9874	-24.75	21.25	867
9874	-24.75	20.75	867
9874	-25.25	20.75	867
9874	-25.75	21.25	867
9874	-26.25	21.25	867
9874	-26.75	20.75	867
9874	-27.25	20.75	867
9874	-27.25	21.25	867
9874	-26.25	22.25	867
9874	-26.25	24.25	867
9874	-25.75	24.75	867
9874	-25.25	24.75	867
9874	-24.75	24.25	867
9874	-24.25	24.25	867
9874	-24.25	24.75	867
9874	-24.75	25.25	867
9874	-24.75	27.25	867
9874	-25.25	27.75	867
9874	-25.25	28.75	867
9874	-25.75	29.25	867
9875	-23.75	25.25	867
9875	-23.75	25.75	867
9875	-23.25	25.75	867
9875	-23.25	25.25	867
9875	-23.75	25.25	867
9876	-15.25	31.75	867
9876	-15.25	32.25	867
9876	-13.75	32.25	867
9876	-13.25	31.75	867
9876	-12.25	31.75	867
9876	-12.25	28.75	867
9876	-11.75	28.25	867
9876	-11.75	27.75	867
9876	-12.25	27.75	867
9876	-13.25	28.75	867
9876	-13.75	28.75	867
9876	-13.75	27.25	867
9876	-13.25	26.75	867
9876	-13.25	25.25	867
9876	-13.75	24.75	867
9876	-13.75	23.75	867
9876	-15.25	22.25	867
9876	-15.25	21.25	867
9876	-15.75	21.25	867
9876	-15.75	23.25	867
9876	-16.75	24.25	867
9876	-16.75	24.75	867
9876	-15.75	24.75	867
9876	-15.75	25.75	867
9876	-15.25	26.25	867
9876	-15.25	26.75	867
9876	-15.75	26.75	867
9876	-16.25	26.25	867
9876	-16.75	26.25	867
9876	-16.75	27.25	867
9876	-17.25	27.75	867
9876	-17.25	28.25	867
9876	-16.25	28.25	867
9876	-15.75	28.75	867
9876	-15.25	28.75	867
9876	-15.25	27.75	867
9876	-14.75	27.75	867
9876	-14.75	28.75	867
9876	-13.75	29.75	867
9876	-13.75	30.25	867
9876	-15.25	31.75	867
9877	-11.75	32.25	867
9877	-11.75	32.75	867
9877	-11.25	32.75	867
9877	-11.25	32.25	867
9877	-11.75	32.25	867
9878	-13.25	22.75	867
9878	-13.25	23.25	867
9878	-12.75	23.25	867
9878	-12.75	22.75	867
9878	-13.25	22.75	867
9879	-15.25	19.75	867
9879	-15.25	20.25	867
9879	-14.75	20.25	867
9879	-14.75	19.75	867
9879	-15.25	19.75	867
9880	-11.25	23.75	867
9880	-11.25	24.25	867
9880	-10.75	24.75	867
9880	-10.25	24.75	867
9880	-10.25	23.75	867
9880	-9.75	23.25	867
9880	-9.75	22.75	867
9880	-11.25	22.75	867
9880	-11.25	23.75	867
9881	-12.25	21.75	867
9881	-12.25	22.25	867
9881	-11.75	22.25	867
9881	-11.75	21.75	867
9881	-12.25	21.75	867
5942	-26.75	28.25	3068
5942	-26.75	28.75	3068
5942	-26.25	29.25	3068
5942	-25.75	29.25	3068
5942	-25.25	28.75	3068
5942	-25.25	26.75	3068
5942	-24.75	26.25	3068
5942	-24.75	25.25	3068
5942	-24.25	24.75	3068
5942	-24.25	24.25	3068
5942	-24.75	24.25	3068
5942	-25.75	25.25	3068
5942	-25.75	26.25	3068
5942	-26.75	26.25	3068
5942	-26.75	28.25	3068
976	-38.25	15.75	1242
976	-38.25	16.25	1242
976	-37.75	16.25	1242
976	-37.25	15.75	1242
976	-37.25	14.25	1242
976	-38.25	14.25	1242
976	-38.75	13.75	1242
976	-39.25	13.75	1242
976	-39.25	14.25	1242
976	-38.25	15.25	1242
976	-38.25	15.75	1242
977	-36.75	13.25	1242
977	-36.75	13.75	1242
977	-36.25	14.25	1242
977	-35.75	14.25	1242
977	-35.75	12.75	1242
977	-36.25	12.75	1242
977	-36.75	13.25	1242
8702	-37.25	16.75	593
8702	-37.25	17.25	593
8702	-36.75	17.75	593
8702	-36.25	17.75	593
8702	-36.25	16.75	593
8702	-35.75	16.25	593
8702	-35.75	15.75	593
8702	-36.25	15.75	593
8702	-37.25	16.75	593
8703	-35.75	18.25	593
8703	-35.75	18.75	593
8703	-35.25	19.25	593
8703	-34.75	19.25	593
8703	-34.25	18.75	593
8703	-34.25	17.25	593
8703	-34.75	17.25	593
8703	-35.75	18.25	593
8704	-34.25	19.75	593
8704	-34.25	20.25	593
8704	-33.75	20.25	593
8704	-33.75	19.75	593
8704	-34.25	19.75	593
4006	-42.75	10.25	225
4006	-42.75	10.75	225
4006	-42.25	11.25	225
4006	-41.75	11.25	225
4006	-41.25	10.75	225
4006	-40.75	10.75	225
4006	-40.25	11.25	225
4006	-39.75	11.25	225
4006	-39.25	10.75	225
4006	-38.25	10.75	225
4006	-37.75	10.25	225
4006	-37.25	10.25	225
4006	-36.75	10.75	225
4006	-36.25	10.75	225
4006	-36.25	9.75	225
4006	-35.75	9.25	225
4006	-35.25	9.25	225
4006	-35.25	10.25	225
4006	-33.75	11.75	225
4006	-33.25	11.75	225
4006	-32.75	11.25	225
4006	-32.75	10.25	225
4006	-31.75	9.25	225
4006	-31.25	9.25	225
4006	-31.25	11.25	225
4006	-29.75	11.25	225
4006	-29.25	10.75	225
4006	-29.25	10.25	225
4006	-29.75	9.75	225
4006	-29.75	8.25	225
4006	-28.75	7.25	225
4006	-28.75	6.25	225
4006	-27.75	5.25	225
4006	-27.75	4.25	225
4006	-27.25	3.75	225
4006	-27.25	3.25	225
4006	-28.25	3.25	225
4006	-28.25	2.25	225
4006	-28.75	2.25	225
4006	-29.75	3.25	225
4006	-29.75	4.25	225
4006	-30.25	4.25	225
4006	-31.25	3.25	225
4006	-31.75	3.25	225
4006	-31.75	4.25	225
4006	-33.75	4.25	225
4006	-34.25	4.75	225
4006	-35.75	4.75	225
4006	-36.25	4.25	225
4006	-37.25	4.25	225
4006	-37.75	3.75	225
4006	-37.75	2.75	225
4006	-38.25	2.75	225
4006	-39.25	3.75	225
4006	-39.75	3.75	225
4006	-39.75	3.25	225
4006	-38.75	2.25	225
4006	-38.75	1.75	225
4006	-39.25	1.75	225
4006	-40.75	3.25	225
4006	-41.25	3.25	225
4006	-41.75	2.75	225
4006	-41.75	0.75	225
4006	-42.75	-0.25	225
4006	-43.75	-0.25	225
4006	-44.75	-1.25	225
4006	-45.25	-1.25	225
4006	-45.25	2.25	225
4006	-44.25	3.25	225
4006	-44.25	4.25	225
4006	-43.75	4.75	225
4006	-43.75	5.25	225
4006	-44.75	5.25	225
4006	-44.75	5.75	225
4006	-43.25	7.25	225
4006	-42.75	7.25	225
4006	-42.75	6.75	225
4006	-43.25	6.25	225
4006	-43.25	5.75	225
4006	-42.75	5.75	225
4006	-42.25	6.25	225
4006	-41.25	6.25	225
4006	-40.75	6.75	225
4006	-40.75	8.25	225
4006	-41.75	8.25	225
4006	-42.25	8.75	225
4006	-42.25	9.75	225
4006	-42.75	10.25	225
4013	-37.75	7.25	225
4013	-37.75	7.75	225
4013	-36.75	7.75	225
4013	-36.25	8.25	225
4013	-35.75	8.25	225
4013	-35.75	7.75	225
4013	-37.25	6.25	225
4013	-37.75	6.25	225
4013	-37.75	7.25	225
4014	-27.25	5.75	225
4014	-27.25	6.25	225
4014	-26.75	6.25	225
4014	-26.25	5.75	225
4014	-26.25	5.25	225
4014	-26.75	5.25	225
4014	-27.25	5.75	225
6674	-17.25	34.75	3477
6674	-17.25	35.25	3477
6674	-16.75	35.25	3477
6674	-16.75	34.75	3477
6674	-17.25	34.75	3477
3339	-19.75	31.25	2047
3339	-19.75	31.75	2047
3339	-19.25	32.25	2047
3339	-18.75	32.25	2047
3339	-18.75	31.75	2047
3339	-19.25	31.25	2047
3339	-19.75	31.25	2047
3340	-18.75	30.25	2047
3340	-18.75	30.75	2047
3340	-18.25	31.25	2047
3340	-17.75	31.25	2047
3340	-17.75	30.75	2047
3340	-18.25	30.25	2047
3340	-18.75	30.25	2047
5643	-23.75	25.25	2912
5643	-23.75	25.75	2912
5643	-23.25	25.75	2912
5643	-23.25	25.25	2912
5643	-23.75	25.25	2912
3929	-37.75	7.25	2213
3929	-37.75	7.75	2213
3929	-37.25	7.75	2213
3929	-36.75	7.25	2213
3929	-36.75	6.75	2213
3929	-37.25	6.75	2213
3929	-37.75	7.25	2213
3930	-36.25	7.75	2213
3930	-36.25	8.25	2213
3930	-35.75	8.25	2213
3930	-35.75	7.75	2213
3930	-36.25	7.75	2213
6595	-30.25	14.75	3431
6595	-30.25	15.25	3431
6595	-29.75	15.25	3431
6595	-29.75	14.75	3431
6595	-30.25	14.75	3431
6596	-29.25	13.75	3431
6596	-29.25	14.25	3431
6596	-28.75	14.25	3431
6596	-28.25	13.75	3431
6596	-28.25	13.25	3431
6596	-28.75	13.25	3431
6596	-29.25	13.75	3431
8676	-11.25	33.75	589
8676	-11.25	34.25	589
8676	-10.75	34.75	589
8676	-9.25	34.75	589
8676	-8.75	34.25	589
8676	-7.75	34.25	589
8676	-6.75	33.25	589
8676	-6.75	32.75	589
8676	-7.25	32.75	589
8676	-7.75	33.25	589
8676	-8.25	33.25	589
8676	-8.25	32.75	589
8676	-7.75	32.25	589
8676	-7.75	31.25	589
8676	-7.25	30.75	589
8676	-7.25	30.25	589
8676	-7.75	29.75	589
8676	-8.25	29.75	589
8676	-8.75	30.25	589
8676	-8.75	31.25	589
8676	-9.75	31.25	589
8676	-9.75	32.25	589
8676	-10.25	32.75	589
8676	-11.25	32.75	589
8676	-11.25	33.75	589
8681	-13.75	28.25	589
8681	-13.75	28.75	589
8681	-13.25	28.75	589
8681	-12.25	27.75	589
8681	-11.75	27.75	589
8681	-11.75	28.25	589
8681	-12.25	28.75	589
8681	-12.25	29.25	589
8681	-11.75	29.75	589
8681	-10.25	29.75	589
8681	-10.25	28.75	589
8681	-9.75	28.25	589
8681	-9.75	27.75	589
8681	-10.75	27.75	589
8681	-11.75	26.75	589
8681	-11.75	25.25	589
8681	-11.25	24.75	589
8681	-11.25	23.25	589
8681	-12.75	23.25	589
8681	-13.75	24.25	589
8681	-13.75	24.75	589
8681	-13.25	25.25	589
8681	-13.25	26.75	589
8681	-13.75	27.25	589
8681	-13.75	28.25	589
8682	-18.75	20.25	589
8682	-18.75	20.75	589
8682	-17.25	22.25	589
8682	-16.75	22.25	589
8682	-16.75	20.75	589
8682	-17.75	20.75	589
8682	-18.25	20.25	589
8682	-18.75	20.25	589
8683	-6.75	31.25	589
8683	-6.75	31.75	589
8683	-6.25	31.75	589
8683	-6.25	31.25	589
8683	-6.75	31.25	589
8684	-18.25	18.75	589
8684	-18.25	19.25	589
8684	-17.75	19.25	589
8684	-16.75	18.25	589
8684	-16.75	17.75	589
8684	-17.25	17.25	589
8684	-17.25	16.25	589
8684	-18.25	15.25	589
8684	-18.75	15.25	589
8684	-18.75	15.75	589
8684	-18.25	16.25	589
8684	-18.25	17.25	589
8684	-17.75	17.75	589
8684	-17.75	18.25	589
8684	-18.25	18.75	589
8685	-14.75	22.25	589
8685	-14.75	22.75	589
8685	-13.25	22.75	589
8685	-11.75	21.25	589
8685	-11.75	19.75	589
8685	-13.25	19.75	589
8685	-13.75	20.25	589
8685	-14.25	20.25	589
8685	-14.25	19.75	589
8685	-13.75	19.25	589
8685	-13.75	18.25	589
8685	-12.25	16.75	589
8685	-11.25	16.75	589
8685	-11.25	15.25	589
8685	-11.75	15.25	589
8685	-13.75	17.25	589
8685	-14.25	17.25	589
8685	-15.25	16.25	589
8685	-15.25	15.75	589
8685	-14.25	15.75	589
8685	-14.25	14.25	589
8685	-15.25	14.25	589
8685	-15.25	13.25	589
8685	-15.75	13.25	589
8685	-15.75	16.25	589
8685	-16.75	16.25	589
8685	-16.75	16.75	589
8685	-16.25	17.25	589
8685	-16.25	20.25	589
8685	-15.75	20.25	589
8685	-15.25	19.75	589
8685	-15.25	19.25	589
8685	-15.75	18.75	589
8685	-15.75	18.25	589
8685	-15.25	17.75	589
8685	-14.75	17.75	589
8685	-14.75	22.25	589
8686	-11.25	21.75	589
8686	-11.25	22.25	589
8686	-10.75	22.75	589
8686	-8.25	22.75	589
8686	-8.25	22.25	589
8686	-9.25	21.25	589
8686	-9.75	21.25	589
8686	-10.25	21.75	589
8686	-10.75	21.75	589
8686	-10.75	21.25	589
8686	-10.25	20.75	589
8686	-10.25	20.25	589
8686	-10.75	19.75	589
8686	-11.25	19.75	589
8686	-11.25	21.75	589
8687	-17.25	14.75	589
8687	-17.25	15.25	589
8687	-16.75	15.25	589
8687	-16.75	14.75	589
8687	-17.25	14.75	589
8688	-11.75	18.25	589
8688	-11.75	18.75	589
8688	-11.25	18.75	589
8688	-11.25	18.25	589
8688	-11.75	18.25	589
8677	-13.75	15.75	589
8677	-13.75	15.25	589
8677	-13.25	15.25	589
8677	-13.25	15.75	589
8677	-13.75	15.75	589
8678	-9.25	19.75	589
8678	-9.25	20.25	589
8678	-8.75	20.75	589
8678	-8.25	20.75	589
8678	-8.25	20.25	589
8678	-8.75	19.75	589
8678	-9.25	19.75	589
8679	-12.75	14.25	589
8679	-12.75	14.75	589
8679	-12.25	14.75	589
8679	-12.25	14.25	589
8679	-12.75	14.25	589
8680	-10.75	15.75	589
8680	-10.75	15.25	589
8680	-10.25	15.25	589
8680	-9.75	15.75	589
8680	-9.75	16.25	589
8680	-10.25	16.25	589
8680	-10.75	15.75	589
5364	-41.75	2.25	2777
5364	-41.75	2.75	2777
5364	-41.25	3.25	2777
5364	-40.75	3.25	2777
5364	-39.25	1.75	2777
5364	-38.75	1.75	2777
5364	-38.75	2.25	2777
5364	-39.75	3.25	2777
5364	-39.75	3.75	2777
5364	-39.25	3.75	2777
5364	-38.25	2.75	2777
5364	-37.75	2.75	2777
5364	-37.75	3.75	2777
5364	-37.25	3.75	2777
5364	-35.75	2.25	2777
5364	-35.75	1.75	2777
5364	-36.25	1.75	2777
5364	-36.75	2.25	2777
5364	-37.25	2.25	2777
5364	-37.25	1.25	2777
5364	-37.75	0.75	2777
5364	-37.75	0.25	2777
5364	-37.25	-0.25	2777
5364	-37.25	-0.75	2777
5364	-37.75	-1.25	2777
5364	-38.25	-1.25	2777
5364	-39.25	-0.25	2777
5364	-39.75	-0.25	2777
5364	-39.75	-1.25	2777
5364	-44.25	-1.25	2777
5364	-44.25	-0.75	2777
5364	-43.75	-0.25	2777
5364	-42.75	-0.25	2777
5364	-41.75	0.75	2777
5364	-41.75	2.25	2777
5365	-35.25	0.75	2777
5365	-35.25	1.25	2777
5365	-34.75	1.25	2777
5365	-34.75	0.75	2777
5365	-35.25	0.75	2777
164	-24.75	19.25	1044
164	-24.75	19.75	1044
164	-24.25	20.25	1044
164	-23.75	20.25	1044
164	-23.75	19.25	1044
164	-23.25	19.25	1044
164	-22.75	19.75	1044
164	-22.25	19.75	1044
164	-21.75	19.25	1044
164	-21.25	19.25	1044
164	-20.25	20.25	1044
164	-20.25	20.75	1044
164	-21.25	20.75	1044
164	-21.75	21.25	1044
164	-21.75	21.75	1044
164	-20.25	21.75	1044
164	-19.25	20.75	1044
164	-19.25	20.25	1044
164	-21.25	18.25	1044
164	-21.75	18.25	1044
164	-22.25	18.75	1044
164	-22.75	18.75	1044
164	-23.25	18.25	1044
164	-23.75	18.25	1044
164	-24.75	19.25	1044
5151	-21.25	22.75	2686
5151	-21.25	23.25	2686
5151	-20.75	23.25	2686
5151	-20.25	22.75	2686
5151	-20.25	22.25	2686
5151	-20.75	22.25	2686
5151	-21.25	22.75	2686
6306	-7.25	36.75	3270
6306	-7.25	37.25	3270
6306	-6.75	37.25	3270
6306	-5.75	36.25	3270
6306	-5.75	35.75	3270
6306	-6.25	35.25	3270
6306	-6.75	35.25	3270
6306	-6.75	36.25	3270
6306	-7.25	36.75	3270
6307	-5.75	38.25	3270
6307	-5.75	38.75	3270
6307	-5.25	38.75	3270
6307	-2.75	36.25	3270
6307	-2.75	35.75	3270
6307	-3.25	35.75	3270
6307	-4.75	37.25	3270
6307	-5.75	37.25	3270
6307	-5.75	38.25	3270
4677	-29.25	12.75	252
4677	-29.25	13.25	252
4677	-28.25	13.25	252
4677	-27.75	13.75	252
4677	-26.25	13.75	252
4677	-26.25	13.25	252
4677	-26.75	12.75	252
4677	-27.75	12.75	252
4677	-28.25	12.25	252
4677	-28.25	10.25	252
4677	-28.75	9.75	252
4677	-29.25	9.75	252
4677	-29.25	12.75	252
4678	-27.75	9.25	252
4678	-27.75	9.75	252
4678	-27.25	9.75	252
4678	-25.75	8.25	252
4678	-25.75	6.75	252
4678	-26.25	6.25	252
4678	-26.75	6.25	252
4678	-26.75	7.25	252
4678	-27.25	7.25	252
4678	-27.25	6.25	252
4678	-28.75	6.25	252
4678	-28.75	7.75	252
4678	-27.75	8.75	252
4678	-27.75	9.25	252
4679	-25.75	5.25	252
4679	-25.75	5.75	252
4679	-25.25	5.75	252
4679	-25.25	5.25	252
4679	-25.75	5.25	252
5181	-17.75	24.25	2698
5181	-17.75	24.75	2698
5181	-17.25	24.75	2698
5181	-16.25	23.75	2698
5181	-16.25	23.25	2698
5181	-17.75	23.25	2698
5181	-17.75	24.25	2698
5182	-16.75	25.25	2698
5182	-16.75	25.75	2698
5182	-16.25	26.25	2698
5182	-15.75	26.25	2698
5182	-15.75	24.75	2698
5182	-16.25	24.75	2698
5182	-16.75	25.25	2698
7965	-37.25	3.75	472
7965	-37.25	4.25	472
7965	-36.25	4.25	472
7965	-35.75	4.75	472
7965	-34.25	4.75	472
7965	-34.25	3.25	472
7965	-34.75	2.75	472
7965	-36.25	2.75	472
7965	-37.25	3.75	472
7970	-34.75	1.25	472
7970	-34.75	1.75	472
7970	-33.75	2.75	472
7970	-33.25	2.75	472
7970	-33.25	1.75	472
7970	-32.75	1.75	472
7970	-32.75	2.75	472
7970	-31.25	2.75	472
7970	-30.75	2.25	472
7970	-30.75	1.75	472
7970	-31.75	0.75	472
7970	-31.75	0.25	472
7970	-31.25	-0.25	472
7970	-31.25	-0.75	472
7970	-32.25	-0.75	472
7970	-32.75	-1.25	472
7970	-34.25	-1.25	472
7970	-34.25	-0.75	472
7970	-33.75	-0.25	472
7970	-33.75	0.25	472
7970	-34.75	1.25	472
7971	-22.25	11.75	472
7971	-22.25	12.25	472
7971	-21.25	12.25	472
7971	-21.25	13.25	472
7971	-20.75	13.75	472
7971	-20.25	13.75	472
7971	-20.25	12.75	472
7971	-19.75	12.75	472
7971	-19.25	13.25	472
7971	-18.75	13.25	472
7971	-18.75	12.25	472
7971	-18.25	11.75	472
7971	-18.25	10.75	472
7971	-17.25	9.75	472
7971	-16.75	9.75	472
7971	-16.75	10.75	472
7971	-16.25	11.25	472
7971	-16.25	12.25	472
7971	-15.75	12.75	472
7971	-15.25	12.75	472
7971	-14.75	12.25	472
7971	-14.75	11.75	472
7971	-15.25	11.25	472
7971	-15.25	10.25	472
7971	-16.25	10.25	472
7971	-16.25	8.75	472
7971	-15.75	8.25	472
7971	-15.25	8.25	472
7971	-14.75	8.75	472
7971	-14.75	9.75	472
7971	-14.25	10.25	472
7971	-13.75	10.25	472
7971	-12.75	9.25	472
7971	-12.25	9.25	472
7971	-12.25	9.75	472
7971	-12.75	10.25	472
7971	-12.75	10.75	472
7971	-11.25	10.75	472
7971	-10.75	10.25	472
7971	-10.75	8.75	472
7971	-11.25	8.25	472
7971	-11.25	7.25	472
7971	-11.75	6.75	472
7971	-12.25	6.75	472
7971	-12.75	7.25	472
7971	-13.25	7.25	472
7971	-13.75	6.75	472
7971	-14.75	6.75	472
7971	-15.25	6.25	472
7971	-15.25	5.75	472
7971	-14.25	5.75	472
7971	-14.25	5.25	472
7971	-14.75	4.75	472
7971	-14.75	4.25	472
7971	-13.75	3.25	472
7971	-13.75	2.75	472
7971	-14.25	2.25	472
7971	-16.25	2.25	472
7971	-16.75	1.75	472
7971	-17.75	1.75	472
7971	-18.25	1.25	472
7971	-18.75	1.25	472
7971	-18.75	1.75	472
7971	-17.75	2.75	472
7971	-17.75	3.25	472
7971	-18.75	4.25	472
7971	-19.25	4.25	472
7971	-19.25	3.75	472
7971	-18.75	3.25	472
7971	-18.75	2.75	472
7971	-19.25	2.25	472
7971	-19.25	-0.25	472
7971	-18.75	-0.25	472
7971	-18.25	0.25	472
7971	-16.75	0.25	472
7971	-15.75	-0.75	472
7971	-15.75	-1.25	472
7971	-19.25	-1.25	472
7971	-20.25	-0.25	472
7971	-20.75	-0.25	472
7971	-20.75	-1.25	472
7971	-23.25	-1.25	472
7971	-23.75	-0.75	472
7971	-24.75	-0.75	472
7971	-24.75	0.25	472
7971	-26.25	0.25	472
7971	-26.75	-0.25	472
7971	-26.75	-1.25	472
7971	-27.25	-1.25	472
7971	-27.25	-0.25	472
7971	-27.75	-0.25	472
7971	-28.75	-1.25	472
7971	-29.25	-1.25	472
7971	-29.25	-0.75	472
7971	-27.25	1.25	472
7971	-27.25	2.25	472
7971	-26.75	2.25	472
7971	-25.75	1.25	472
7971	-25.25	1.25	472
7971	-25.25	1.75	472
7971	-25.75	2.25	472
7971	-25.75	2.75	472
7971	-24.75	2.75	472
7971	-24.75	3.25	472
7971	-25.25	3.75	472
7971	-25.25	4.25	472
7971	-23.75	4.25	472
7971	-23.75	3.75	472
7971	-24.25	3.25	472
7971	-24.25	1.75	472
7971	-23.75	1.75	472
7971	-23.75	2.75	472
7971	-22.25	4.25	472
7971	-21.25	4.25	472
7971	-20.75	4.75	472
7971	-19.75	4.75	472
7971	-19.75	5.25	472
7971	-20.25	5.75	472
7971	-21.25	5.75	472
7971	-21.25	6.75	472
7971	-22.25	7.75	472
7971	-22.25	8.25	472
7971	-19.25	8.25	472
7971	-19.25	9.75	472
7971	-20.25	9.75	472
7971	-20.25	10.75	472
7971	-20.75	11.25	472
7971	-21.75	11.25	472
7971	-22.25	11.75	472
7972	-33.25	0.25	472
7972	-33.25	-0.25	472
7972	-32.75	-0.25	472
7972	-32.75	0.25	472
7972	-33.25	0.25	472
7973	-30.25	2.25	472
7973	-30.25	1.25	472
7973	-30.75	0.75	472
7973	-30.75	-0.75	472
7973	-30.25	-1.25	472
7973	-29.75	-1.25	472
7973	-29.75	-0.75	472
7973	-30.25	-0.25	472
7973	-30.25	0.25	472
7973	-29.75	0.75	472
7973	-28.75	0.75	472
7973	-28.75	1.25	472
7973	-29.75	2.25	472
7973	-30.25	2.25	472
7974	-19.75	11.25	472
7974	-19.75	11.75	472
7974	-19.25	11.75	472
7974	-18.75	11.25	472
7974	-18.75	10.75	472
7974	-19.25	10.75	472
7974	-19.75	11.25	472
7975	-23.25	6.75	472
7975	-23.25	7.25	472
7975	-22.75	7.25	472
7975	-21.75	6.25	472
7975	-21.75	5.75	472
7975	-22.25	5.75	472
7975	-23.25	6.75	472
7976	-23.25	2.25	472
7976	-23.25	1.75	472
7976	-22.75	1.25	472
7976	-22.25	1.25	472
7976	-22.25	1.75	472
7976	-22.75	2.25	472
7976	-23.25	2.25	472
7977	-22.25	2.75	472
7977	-22.25	3.25	472
7977	-21.75	3.25	472
7977	-21.75	2.75	472
7977	-22.25	2.75	472
7966	-19.25	5.75	472
7966	-19.25	6.25	472
7966	-18.75	6.75	472
7966	-17.75	6.75	472
7966	-17.75	7.75	472
7966	-17.25	8.25	472
7966	-16.75	8.25	472
7966	-16.25	7.75	472
7966	-16.25	6.25	472
7966	-17.25	6.25	472
7966	-17.75	5.75	472
7966	-19.25	5.75	472
7967	-23.75	0.25	472
7967	-23.75	0.75	472
7967	-23.25	0.75	472
7967	-23.25	0.25	472
7967	-23.75	0.25	472
7968	-21.25	3.25	472
7968	-21.25	2.75	472
7968	-20.75	2.75	472
7968	-20.75	3.25	472
7968	-21.25	3.25	472
7969	-14.25	7.75	472
7969	-14.25	8.25	472
7969	-13.75	8.25	472
7969	-13.75	7.75	472
7969	-14.25	7.75	472
1358	-8.25	32.75	1300
1358	-8.25	33.25	1300
1358	-7.75	33.25	1300
1358	-7.25	32.75	1300
1358	-4.75	32.75	1300
1358	-4.25	33.25	1300
1358	-3.75	33.25	1300
1358	-3.75	32.75	1300
1358	-4.75	31.75	1300
1358	-5.75	31.75	1300
1358	-5.75	31.25	1300
1358	-5.25	30.75	1300
1358	-5.25	30.25	1300
1358	-6.25	29.25	1300
1358	-6.25	28.75	1300
1358	-5.75	28.75	1300
1358	-3.25	31.25	1300
1358	-2.75	31.25	1300
1358	-2.75	30.75	1300
1358	-3.25	30.25	1300
1358	-3.25	29.25	1300
1358	-4.25	29.25	1300
1358	-4.25	28.25	1300
1358	-5.25	28.25	1300
1358	-5.75	27.75	1300
1358	-6.25	27.75	1300
1358	-7.75	29.25	1300
1358	-7.75	29.75	1300
1358	-6.25	31.25	1300
1358	-6.25	31.75	1300
1358	-6.75	31.75	1300
1358	-7.25	31.25	1300
1358	-7.75	31.25	1300
1358	-7.75	32.25	1300
1358	-8.25	32.75	1300
1359	-9.75	28.25	1300
1359	-9.75	28.75	1300
1359	-9.25	28.75	1300
1359	-8.25	27.75	1300
1359	-8.25	27.25	1300
1359	-8.75	27.25	1300
1359	-9.75	28.25	1300
6741	-9.25	30.75	3500
6741	-9.25	31.25	3500
6741	-8.75	31.25	3500
6741	-8.75	30.75	3500
6741	-9.25	30.75	3500
806	-39.75	-0.75	1183
806	-39.75	-0.25	1183
806	-39.25	-0.25	1183
806	-38.75	-0.75	1183
806	-38.75	-1.25	1183
806	-39.25	-1.25	1183
806	-39.75	-0.75	1183
807	-37.25	1.75	1183
807	-37.25	2.25	1183
807	-36.75	2.25	1183
807	-35.25	0.75	1183
807	-34.25	0.75	1183
807	-33.75	0.25	1183
807	-33.75	-0.25	1183
807	-34.75	-1.25	1183
807	-37.25	-1.25	1183
807	-37.25	-0.25	1183
807	-37.75	0.25	1183
807	-37.75	0.75	1183
807	-37.25	1.25	1183
807	-37.25	1.75	1183
3627	-34.25	3.75	2167
3627	-34.25	4.25	2167
3627	-33.75	4.25	2167
3627	-33.25	3.75	2167
3627	-32.75	3.75	2167
3627	-32.25	4.25	2167
3627	-31.75	4.25	2167
3627	-31.75	2.75	2167
3627	-34.25	2.75	2167
3627	-34.25	3.75	2167
3628	-35.25	1.75	2167
3628	-35.25	2.25	2167
3628	-34.75	2.25	2167
3628	-34.75	1.75	2167
3628	-35.25	1.75	2167
2806	-26.25	11.75	1844
2806	-26.25	12.25	1844
2806	-25.75	12.25	1844
2806	-25.75	11.25	1844
2806	-25.25	11.25	1844
2806	-25.25	12.25	1844
2806	-24.75	12.25	1844
2806	-24.75	10.75	1844
2806	-25.25	10.25	1844
2806	-25.25	9.75	1844
2806	-24.75	9.75	1844
2806	-24.25	10.25	1844
2806	-23.75	10.25	1844
2806	-23.75	9.75	1844
2806	-24.75	8.75	1844
2806	-25.25	8.75	1844
2806	-25.75	9.25	1844
2806	-25.75	10.25	1844
2806	-26.25	10.75	1844
2806	-26.25	11.75	1844
8113	-3.75	34.25	512
8113	-3.75	34.75	512
8113	-3.25	34.75	512
8113	-2.25	33.75	512
8113	-2.25	31.75	512
8113	-1.75	31.75	512
8113	-1.25	32.25	512
8113	-0.75	32.25	512
8113	-0.75	31.75	512
8113	-1.75	30.75	512
8113	-1.75	30.25	512
8113	-0.25	28.75	512
8113	-0.25	27.75	512
8113	0.25	27.75	512
8113	0.75	28.25	512
8113	0.75	29.25	512
8113	2.25	30.75	512
8113	2.75	30.75	512
8113	2.75	30.25	512
8113	1.25	28.75	512
8113	1.25	28.25	512
8113	1.75	27.75	512
8113	1.75	27.25	512
8113	0.75	27.25	512
8113	0.25	26.75	512
8113	-0.25	26.75	512
8113	-2.25	28.75	512
8113	-2.25	30.75	512
8113	-2.75	31.25	512
8113	-3.25	31.25	512
8113	-4.25	30.25	512
8113	-4.75	30.25	512
8113	-5.25	30.75	512
8113	-5.25	31.25	512
8113	-3.75	32.75	512
8113	-3.75	34.25	512
8114	-2.25	34.75	512
8114	-2.25	35.25	512
8114	-1.75	35.25	512
8114	-1.75	34.75	512
8114	-2.25	34.75	512
8115	-6.25	28.75	512
8115	-6.25	29.25	512
8115	-5.75	29.25	512
8115	-5.75	28.75	512
8115	-6.25	28.75	512
8116	-0.75	30.25	512
8116	-0.75	30.75	512
8116	0.25	31.75	512
8116	0.75	31.75	512
8116	0.75	30.25	512
8116	-0.75	30.25	512
8117	1.25	31.75	512
8117	1.25	31.25	512
8117	1.75	31.25	512
8117	1.75	31.75	512
8117	1.25	31.75	512
8118	2.25	32.25	512
8118	2.25	32.75	512
8118	2.75	32.75	512
8118	2.75	32.25	512
8118	2.25	32.25	512
5496	-0.75	34.25	2837
5496	-0.75	34.75	2837
5496	0.75	34.75	2837
5496	0.75	33.25	2837
5496	0.25	32.75	2837
5496	-1.25	32.75	2837
5496	-1.25	33.25	2837
5496	-0.75	33.75	2837
5496	-0.75	34.25	2837
4352	-31.25	2.75	238
4352	-31.25	3.25	238
4352	-30.25	4.25	238
4352	-29.75	4.25	238
4352	-29.75	3.25	238
4352	-28.75	2.25	238
4352	-28.25	2.25	238
4352	-28.25	3.25	238
4352	-27.75	3.25	238
4352	-27.25	2.75	238
4352	-27.25	1.25	238
4352	-27.75	0.75	238
4352	-28.25	0.75	238
4352	-30.25	2.75	238
4352	-31.25	2.75	238
4353	-28.25	5.75	238
4353	-28.25	6.25	238
4353	-27.75	6.25	238
4353	-27.75	5.75	238
4353	-28.25	5.75	238
4354	-27.75	4.25	238
4354	-27.75	4.75	238
4354	-27.25	5.25	238
4354	-25.25	5.25	238
4354	-24.75	5.75	238
4354	-24.25	5.75	238
4354	-23.25	4.75	238
4354	-22.25	4.75	238
4354	-22.25	4.25	238
4354	-23.25	3.25	238
4354	-23.75	3.25	238
4354	-23.75	4.25	238
4354	-24.25	4.75	238
4354	-24.75	4.75	238
4354	-25.25	4.25	238
4354	-25.25	3.75	238
4354	-24.75	3.25	238
4354	-24.75	2.75	238
4354	-25.75	2.75	238
4354	-25.75	1.75	238
4354	-26.25	1.75	238
4354	-26.75	2.25	238
4354	-26.75	3.25	238
4354	-27.75	4.25	238
4355	-30.25	-0.25	238
4355	-30.25	0.25	238
4355	-29.75	0.75	238
4355	-29.25	0.75	238
4355	-28.75	0.25	238
4355	-28.75	-0.25	238
4355	-29.25	-0.75	238
4355	-29.75	-0.75	238
4355	-30.25	-0.25	238
5793	-15.75	18.25	2996
5793	-15.75	18.75	2996
5793	-15.25	19.25	2996
5793	-14.75	19.25	2996
5793	-14.75	17.75	2996
5793	-15.25	17.75	2996
5793	-15.75	18.25	2996
6471	-14.25	19.75	3374
6471	-14.25	20.25	3374
6471	-13.75	20.25	3374
6471	-13.25	19.75	3374
6471	-13.25	19.25	3374
6471	-13.75	19.25	3374
6471	-14.25	19.75	3374
6472	-13.25	17.75	3374
6472	-13.25	18.25	3374
6472	-12.75	18.25	3374
6472	-12.75	17.75	3374
6472	-13.25	17.75	3374
6473	-11.75	19.25	3374
6473	-11.75	19.75	3374
6473	-11.25	19.75	3374
6473	-11.25	19.25	3374
6473	-11.75	19.25	3374
6474	-10.75	19.75	3374
6474	-10.75	19.25	3374
6474	-10.25	18.75	3374
6474	-8.75	18.75	3374
6474	-7.75	19.75	3374
6474	-7.75	20.25	3374
6474	-8.25	20.25	3374
6474	-8.75	19.75	3374
6474	-9.25	19.75	3374
6474	-9.75	20.25	3374
6474	-10.25	20.25	3374
6474	-10.75	19.75	3374
6475	-12.25	16.75	3374
6475	-12.25	17.25	3374
6475	-11.75	17.25	3374
6475	-11.75	16.75	3374
6475	-12.25	16.75	3374
6476	-11.25	17.75	3374
6476	-11.25	18.25	3374
6476	-10.75	18.25	3374
6476	-10.25	17.75	3374
6476	-10.25	16.25	3374
6476	-10.75	16.25	3374
6476	-11.25	16.75	3374
6476	-11.25	17.75	3374
6477	-6.75	17.25	3374
6477	-6.75	17.75	3374
6477	-6.25	17.75	3374
6477	-6.25	17.25	3374
6477	-6.75	17.25	3374
3198	-10.25	23.75	1996
3198	-10.25	24.25	1996
3198	-9.75	24.75	1996
3198	-9.25	24.75	1996
3198	-9.25	23.25	1996
3198	-9.75	23.25	1996
3198	-10.25	23.75	1996
2868	-0.75	32.25	1869
2868	-0.75	32.75	1869
2868	0.25	32.75	1869
2868	0.75	33.25	1869
2868	0.75	34.25	1869
2868	1.25	34.75	1869
2868	1.75	34.75	1869
2868	1.75	33.25	1869
2868	1.25	32.75	1869
2868	1.25	31.75	1869
2868	-0.25	31.75	1869
2868	-0.75	32.25	1869
2869	-1.75	30.25	1869
2869	-1.75	30.75	1869
2869	-1.25	31.25	1869
2869	-0.75	31.25	1869
2869	-0.75	30.75	1869
2869	-1.25	30.25	1869
2869	-1.75	30.25	1869
2870	-0.75	29.25	1869
2870	-0.75	29.75	1869
2870	-0.25	30.25	1869
2870	1.25	30.25	1869
2870	1.25	29.75	1869
2870	0.75	29.25	1869
2870	0.75	28.25	1869
2870	0.25	27.75	1869
2870	-0.25	27.75	1869
2870	-0.25	28.25	1869
2870	0.25	28.75	1869
2870	0.25	29.25	1869
2870	-0.75	29.25	1869
2871	2.25	31.25	1869
2871	2.25	31.75	1869
2871	3.25	32.75	1869
2871	3.75	32.75	1869
2871	4.25	32.25	1869
2871	4.25	31.75	1869
2871	3.25	31.75	1869
2871	2.75	31.25	1869
2871	2.25	31.25	1869
6713	-10.75	21.25	3499
6713	-10.75	21.75	3499
6713	-10.25	21.75	3499
6713	-9.75	21.25	3499
6713	-9.75	20.75	3499
6713	-10.25	20.75	3499
6713	-10.75	21.25	3499
6086	-19.75	11.25	3153
6086	-19.75	11.75	3153
6086	-19.25	11.75	3153
6086	-18.75	11.25	3153
6086	-18.75	10.75	3153
6086	-19.25	10.75	3153
6086	-19.75	11.25	3153
3950	-31.25	-1.25	2227
3950	-31.25	-0.75	2227
3950	-30.75	-0.75	2227
3950	-30.75	-1.25	2227
3950	-31.25	-1.25	2227
7360	-13.75	16.25	39
7360	-13.75	16.75	39
7360	-13.25	16.75	39
7360	-13.25	16.25	39
7360	-13.75	16.25	39
7361	-14.25	14.75	39
7361	-14.25	15.25	39
7361	-13.75	15.25	39
7361	-13.25	14.75	39
7361	-13.25	13.75	39
7361	-12.75	13.25	39
7361	-12.25	13.25	39
7361	-11.75	13.75	39
7361	-11.75	14.25	39
7361	-12.75	15.25	39
7361	-12.75	15.75	39
7361	-12.25	15.75	39
7361	-11.75	15.25	39
7361	-10.75	15.25	39
7361	-9.75	14.25	39
7361	-9.75	13.75	39
7361	-10.25	13.75	39
7361	-10.75	14.25	39
7361	-11.25	14.25	39
7361	-11.25	13.75	39
7361	-10.75	13.25	39
7361	-10.75	11.25	39
7361	-10.25	11.25	39
7361	-10.25	12.25	39
7361	-9.75	12.25	39
7361	-8.25	10.75	39
7361	-8.25	9.25	39
7361	-8.75	8.75	39
7361	-8.75	8.25	39
7361	-7.75	8.25	39
7361	-7.25	7.75	39
7361	-7.25	7.25	39
7361	-8.25	6.25	39
7361	-8.25	5.25	39
7361	-8.75	5.25	39
7361	-9.75	6.25	39
7361	-9.75	6.75	39
7361	-9.25	7.25	39
7361	-9.25	7.75	39
7361	-9.75	8.25	39
7361	-9.75	9.25	39
7361	-10.25	9.25	39
7361	-10.25	7.25	39
7361	-11.25	6.25	39
7361	-11.75	6.25	39
7361	-11.75	6.75	39
7361	-11.25	7.25	39
7361	-11.25	8.25	39
7361	-10.75	8.75	39
7361	-10.75	10.25	39
7361	-11.25	10.75	39
7361	-12.75	10.75	39
7361	-12.75	10.25	39
7361	-12.25	9.75	39
7361	-12.25	9.25	39
7361	-12.75	9.25	39
7361	-13.75	10.25	39
7361	-13.75	11.25	39
7361	-15.25	12.75	39
7361	-15.25	13.25	39
7361	-14.75	13.75	39
7361	-14.25	13.75	39
7361	-14.25	12.75	39
7361	-13.75	12.25	39
7361	-13.25	12.25	39
7361	-13.25	12.75	39
7361	-13.75	13.25	39
7361	-13.75	14.25	39
7361	-14.25	14.75	39
7362	-16.25	9.75	39
7362	-16.25	10.25	39
7362	-15.75	10.25	39
7362	-14.75	9.25	39
7362	-14.75	8.75	39
7362	-15.25	8.25	39
7362	-15.75	8.25	39
7362	-16.25	8.75	39
7362	-16.25	9.75	39
7363	-15.25	10.75	39
7363	-15.25	11.25	39
7363	-14.75	11.25	39
7363	-14.25	10.75	39
7363	-14.25	10.25	39
7363	-14.75	10.25	39
7363	-15.25	10.75	39
7364	-12.25	11.75	39
7364	-12.25	12.25	39
7364	-11.75	12.75	39
7364	-11.25	12.75	39
7364	-11.25	12.25	39
7364	-11.75	11.75	39
7364	-12.25	11.75	39
3109	-6.75	23.25	1971
3109	-6.75	23.75	1971
3109	-5.75	24.75	1971
3109	-5.25	24.75	1971
3109	-5.25	24.25	1971
3109	-6.25	23.25	1971
3109	-6.75	23.25	1971
3110	-4.25	25.75	1971
3110	-4.25	26.25	1971
3110	-3.25	26.25	1971
3110	-2.75	26.75	1971
3110	-2.25	26.75	1971
3110	-2.25	26.25	1971
3110	-2.75	25.75	1971
3110	-2.75	24.75	1971
3110	-3.25	24.25	1971
3110	-3.75	24.25	1971
3110	-3.75	25.25	1971
3110	-4.25	25.75	1971
3111	-1.75	24.25	1971
3111	-1.75	24.75	1971
3111	-1.25	24.75	1971
3111	-1.25	24.25	1971
3111	-1.75	24.25	1971
3112	-0.75	25.25	1971
3112	-0.75	25.75	1971
3112	-0.25	25.75	1971
3112	-0.25	24.75	1971
3112	0.25	24.75	1971
3112	0.75	25.25	1971
3112	1.25	25.25	1971
3112	1.75	24.75	1971
3112	1.75	24.25	1971
3112	0.75	24.25	1971
3112	-0.75	22.75	1971
3112	-1.25	22.75	1971
3112	-1.25	23.25	1971
3112	-0.75	23.75	1971
3112	-0.75	25.25	1971
2041	-10.25	17.75	1537
2041	-10.25	18.25	1537
2041	-9.75	18.75	1537
2041	-9.25	18.75	1537
2041	-8.75	18.25	1537
2041	-8.75	17.75	1537
2041	-9.75	16.75	1537
2041	-10.25	16.75	1537
2041	-10.25	17.75	1537
2042	-7.75	19.25	1537
2042	-7.75	19.75	1537
2042	-7.25	19.75	1537
2042	-7.25	19.25	1537
2042	-7.75	19.25	1537
2043	-8.75	16.25	1537
2043	-8.75	16.75	1537
2043	-8.25	16.75	1537
2043	-8.25	16.25	1537
2043	-8.75	16.25	1537
2044	-8.25	14.75	1537
2044	-8.25	15.25	1537
2044	-7.75	15.75	1537
2044	-7.25	15.75	1537
2044	-7.25	14.75	1537
2044	-6.25	14.75	1537
2044	-6.25	14.25	1537
2044	-7.25	13.25	1537
2044	-7.75	13.25	1537
2044	-7.75	14.25	1537
2044	-8.25	14.75	1537
5130	-28.25	-1.25	2671
5130	-28.25	-0.75	2671
5130	-27.75	-0.75	2671
5130	-27.75	-1.25	2671
5130	-28.25	-1.25	2671
5131	-26.25	-1.25	2671
5131	-26.25	-0.75	2671
5131	-25.75	-0.75	2671
5131	-25.75	-1.25	2671
5131	-26.25	-1.25	2671
8330	-2.75	24.25	541
8330	-2.75	24.75	541
8330	-2.25	24.75	541
8330	-2.25	24.25	541
8330	-2.75	24.25	541
8331	-1.25	25.75	541
8331	-1.25	26.25	541
8331	-0.75	26.25	541
8331	-0.75	25.75	541
8331	-1.25	25.75	541
8332	-4.25	21.75	541
8332	-4.25	22.25	541
8332	-3.75	22.75	541
8332	-3.25	22.75	541
8332	-2.25	21.75	541
8332	-2.25	21.25	541
8332	-2.75	20.75	541
8332	-2.75	20.25	541
8332	-1.75	20.25	541
8332	-1.25	19.75	541
8332	-1.25	19.25	541
8332	-2.75	19.25	541
8332	-3.75	20.25	541
8332	-3.75	20.75	541
8332	-3.25	21.25	541
8332	-3.25	21.75	541
8332	-4.25	21.75	541
8333	-1.75	23.25	541
8333	-1.75	23.75	541
8333	-1.25	23.75	541
8333	-1.25	23.25	541
8333	-1.75	23.25	541
8334	-0.75	18.25	541
8334	-0.75	18.75	541
8334	-0.25	18.75	541
8334	0.75	17.75	541
8334	1.75	17.75	541
8334	1.75	17.25	541
8334	0.25	15.75	541
8334	-0.25	15.75	541
8334	-0.75	16.25	541
8334	-0.75	16.75	541
8334	0.25	16.75	541
8334	0.25	17.25	541
8334	-0.75	18.25	541
8335	2.75	18.75	541
8335	2.75	19.25	541
8335	3.25	19.25	541
8335	3.75	18.75	541
8335	3.75	18.25	541
8335	3.25	18.25	541
8335	2.75	18.75	541
5155	-26.25	-0.25	269
5155	-26.25	0.25	269
5155	-24.75	0.25	269
5155	-24.75	-1.25	269
5155	-25.25	-1.25	269
5155	-26.25	-0.25	269
5162	-24.25	-0.75	269
5162	-24.25	-1.25	269
5162	-23.75	-1.25	269
5162	-23.75	-0.75	269
5162	-24.25	-0.75	269
4104	-8.25	17.75	2278
4104	-8.25	18.25	2278
4104	-7.75	18.25	2278
4104	-7.75	17.75	2278
4104	-8.25	17.75	2278
4105	-6.75	19.25	2278
4105	-6.75	19.75	2278
4105	-6.25	19.75	2278
4105	-5.75	19.25	2278
4105	-5.75	18.75	2278
4105	-6.25	18.75	2278
4105	-6.75	19.25	2278
4106	-7.25	16.75	2278
4106	-7.25	17.25	2278
4106	-6.75	17.25	2278
4106	-6.75	16.75	2278
4106	-7.25	16.75	2278
6085	-19.25	5.75	3152
6085	-19.25	6.25	3152
6085	-18.75	6.75	3152
6085	-17.75	6.75	3152
6085	-17.75	7.75	3152
6085	-17.25	8.25	3152
6085	-16.75	8.25	3152
6085	-16.25	7.75	3152
6085	-16.25	6.25	3152
6085	-17.25	6.25	3152
6085	-17.75	5.75	3152
6085	-19.25	5.75	3152
3490	2.75	27.75	2104
3490	2.75	28.25	2104
3490	4.25	28.25	2104
3490	5.25	27.25	2104
3490	5.25	26.75	2104
3490	4.75	26.75	2104
3490	4.25	27.25	2104
3490	3.25	27.25	2104
3490	2.75	27.75	2104
6084	-19.25	3.75	3151
6084	-19.25	4.25	3151
6084	-18.75	4.25	3151
6084	-17.75	3.25	3151
6084	-17.75	2.75	3151
6084	-18.75	1.75	3151
6084	-19.25	1.75	3151
6084	-19.25	2.25	3151
6084	-18.75	2.75	3151
6084	-18.75	3.25	3151
6084	-19.25	3.75	3151
3552	-2.75	20.25	213
3552	-2.75	20.75	213
3552	-2.25	21.25	213
3552	-1.75	21.25	213
3552	1.25	18.25	213
3552	1.25	17.75	213
3552	0.75	17.75	213
3552	-1.75	20.25	213
3552	-2.75	20.25	213
3553	-0.25	21.75	213
3553	-0.25	22.25	213
3553	0.25	22.25	213
3553	2.25	20.25	213
3553	2.75	20.25	213
3553	2.75	21.25	213
3553	3.25	21.25	213
3553	4.25	20.25	213
3553	4.75	20.25	213
3553	4.75	21.25	213
3553	5.25	21.25	213
3553	5.25	15.75	213
3553	4.75	15.75	213
3553	2.75	17.75	213
3553	2.75	18.25	213
3553	3.75	18.25	213
3553	3.75	18.75	213
3553	3.25	19.25	213
3553	2.75	19.25	213
3553	2.25	18.75	213
3553	1.75	18.75	213
3553	1.75	19.75	213
3553	-0.25	21.75	213
3554	-3.75	17.25	213
3554	-3.75	17.75	213
3554	-3.25	18.25	213
3554	-2.25	18.25	213
3554	-2.25	19.25	213
3554	-1.75	19.25	213
3554	0.25	17.25	213
3554	0.25	16.75	213
3554	-0.75	16.75	213
3554	-0.75	16.25	213
3554	-0.25	15.75	213
3554	0.25	15.75	213
3554	1.75	17.25	213
3554	2.25	17.25	213
3554	2.75	16.75	213
3554	2.75	16.25	213
3554	2.25	15.75	213
3554	2.25	15.25	213
3554	2.75	14.75	213
3554	2.75	11.75	213
3554	3.25	11.25	213
3554	3.75	11.25	213
3554	4.25	11.75	213
3554	4.25	13.25	213
3554	3.75	13.75	213
3554	3.75	14.25	213
3554	4.25	14.25	213
3554	5.25	13.25	213
3554	5.25	11.75	213
3554	4.75	11.25	213
3554	4.75	10.25	213
3554	3.75	9.25	213
3554	3.25	9.25	213
3554	2.75	9.75	213
3554	2.25	9.75	213
3554	1.75	9.25	213
3554	0.75	9.25	213
3554	0.75	8.75	213
3554	1.25	8.25	213
3554	2.25	8.25	213
3554	3.25	7.25	213
3554	3.25	6.75	213
3554	2.75	6.25	213
3554	0.75	6.25	213
3554	0.25	5.75	213
3554	0.25	4.25	213
3554	1.25	3.25	213
3554	1.25	2.75	213
3554	-0.25	2.75	213
3554	-0.75	3.25	213
3554	-2.25	3.25	213
3554	-2.75	2.75	213
3554	-2.75	1.75	213
3554	-3.25	1.75	213
3554	-3.75	2.25	213
3554	-3.75	3.25	213
3554	-4.25	3.25	213
3554	-5.25	2.25	213
3554	-5.25	1.25	213
3554	-6.25	1.25	213
3554	-6.75	0.75	213
3554	-6.75	0.25	213
3554	-5.75	0.25	213
3554	-5.75	-0.25	213
3554	-6.25	-0.75	213
3554	-6.75	-0.75	213
3554	-8.25	0.75	213
3554	-8.25	1.25	213
3554	-7.75	1.75	213
3554	-7.75	2.25	213
3554	-8.25	2.75	213
3554	-10.25	2.75	213
3554	-10.25	3.25	213
3554	-9.75	3.75	213
3554	-7.25	3.75	213
3554	-7.25	2.75	213
3554	-6.75	2.25	213
3554	-6.25	2.25	213
3554	-5.75	2.75	213
3554	-5.75	3.75	213
3554	-5.25	4.25	213
3554	-5.25	5.25	213
3554	-4.75	5.75	213
3554	-4.75	7.75	213
3554	-4.25	7.75	213
3554	-3.75	7.25	213
3554	-3.25	7.25	213
3554	-1.75	8.75	213
3554	-1.25	8.75	213
3554	-0.75	8.25	213
3554	-0.25	8.25	213
3554	-0.25	8.75	213
3554	-0.75	9.25	213
3554	-0.75	10.75	213
3554	0.25	11.75	213
3554	0.25	13.25	213
3554	-0.25	13.75	213
3554	-0.75	13.75	213
3554	-0.75	12.75	213
3554	-1.25	12.25	213
3554	-2.25	12.25	213
3554	-2.25	11.25	213
3554	-2.75	11.25	213
3554	-3.75	12.25	213
3554	-3.75	13.75	213
3554	-3.25	14.25	213
3554	-3.25	14.75	213
3554	-4.25	14.75	213
3554	-4.25	15.25	213
3554	-3.75	15.75	213
3554	-3.75	17.25	213
9105	-0.25	22.75	694
9105	-0.25	23.25	694
9105	0.75	24.25	694
9105	1.25	24.25	694
9105	1.25	23.25	694
9105	3.25	23.25	694
9105	3.25	22.75	694
9105	2.25	21.75	694
9105	2.25	20.75	694
9105	1.75	20.75	694
9105	-0.25	22.75	694
9106	3.25	21.25	694
9106	3.25	21.75	694
9106	3.75	22.25	694
9106	5.25	22.25	694
9106	5.25	21.75	694
9106	4.75	21.25	694
9106	4.75	20.25	694
9106	4.25	20.25	694
9106	3.25	21.25	694
6201	-14.25	7.75	3220
6201	-14.25	8.25	3220
6201	-13.75	8.25	3220
6201	-13.75	7.75	3220
6201	-14.25	7.75	3220
2060	-19.25	0.75	1544
2060	-19.25	1.25	1544
2060	-18.25	1.25	1544
2060	-17.75	1.75	1544
2060	-17.25	1.75	1544
2060	-16.75	1.25	1544
2060	-16.75	0.75	1544
2060	-17.25	0.25	1544
2060	-18.75	0.25	1544
2060	-19.25	0.75	1544
5678	-13.25	6.75	2937
5678	-13.25	7.25	2937
5678	-12.75	7.25	2937
5678	-12.75	6.75	2937
5678	-13.25	6.75	2937
1832	-6.75	13.25	1483
1832	-6.75	13.75	1483
1832	-6.25	14.25	1483
1832	-5.75	14.25	1483
1832	-4.75	13.25	1483
1832	-4.75	12.75	1483
1832	-5.25	12.75	1483
1832	-5.75	13.25	1483
1832	-6.75	13.25	1483
2486	-5.75	14.25	1718
2486	-5.75	14.75	1718
2486	-3.25	14.75	1718
2486	-3.25	14.25	1718
2486	-3.75	13.75	1718
2486	-3.75	12.75	1718
2486	-4.25	12.25	1718
2486	-4.75	12.25	1718
2486	-4.75	13.25	1718
2486	-5.75	14.25	1718
1000	4.25	24.25	1251
1000	4.25	24.75	1251
1000	4.75	25.25	1251
1000	5.25	25.25	1251
1000	5.25	23.75	1251
1000	4.75	23.25	1251
1000	4.25	23.25	1251
1000	4.25	24.25	1251
5285	-8.25	9.75	2742
5285	-8.25	10.25	2742
5285	-7.75	10.25	2742
5285	-7.25	9.75	2742
5285	-7.25	9.25	2742
5285	-7.75	8.75	2742
5285	-8.25	8.75	2742
5285	-8.25	9.75	2742
3619	-6.25	10.75	2161
3619	-6.25	11.25	2161
3619	-5.75	11.25	2161
3619	-5.25	10.75	2161
3619	-5.25	10.25	2161
3619	-5.75	9.75	2161
3619	-6.25	9.75	2161
3619	-6.25	10.75	2161
9269	2.25	15.25	72
9269	2.25	15.75	72
9269	2.75	16.25	72
9269	3.25	16.25	72
9269	5.25	14.25	72
9269	5.25	13.75	72
9269	4.75	13.75	72
9269	4.25	14.25	72
9269	3.75	14.25	72
9269	3.75	13.75	72
9269	4.25	13.25	72
9269	4.25	11.75	72
9269	3.75	11.25	72
9269	3.25	11.25	72
9269	2.75	11.75	72
9269	2.75	14.75	72
9269	2.25	15.25	72
9277	0.75	8.75	72
9277	0.75	9.25	72
9277	1.75	9.25	72
9277	2.25	9.75	72
9277	2.75	9.75	72
9277	3.25	9.25	72
9277	3.75	9.25	72
9277	4.75	10.25	72
9277	4.75	11.25	72
9277	5.25	11.25	72
9277	5.25	9.75	72
9277	4.75	9.25	72
9277	4.75	8.75	72
9277	5.25	8.25	72
9277	5.25	3.75	72
9277	4.25	3.75	72
9277	4.25	3.25	72
9277	5.25	2.25	72
9277	5.25	-0.25	72
9277	4.25	-1.25	72
9277	3.75	-1.25	72
9277	3.75	-0.75	72
9277	4.25	-0.25	72
9277	4.25	2.25	72
9277	3.25	2.25	72
9277	3.25	3.25	72
9277	2.75	3.75	72
9277	2.25	3.75	72
9277	1.75	3.25	72
9277	1.25	3.25	72
9277	0.25	4.25	72
9277	0.25	5.75	72
9277	0.75	6.25	72
9277	2.75	6.25	72
9277	3.25	6.75	72
9277	3.25	7.25	72
9277	2.25	8.25	72
9277	1.25	8.25	72
9277	0.75	8.75	72
8044	-2.75	2.25	494
8044	-2.75	2.75	494
8044	-2.25	3.25	494
8044	-0.75	3.25	494
8044	-0.25	2.75	494
8044	1.75	2.75	494
8044	1.75	2.25	494
8044	0.75	1.25	494
8044	0.75	0.75	494
8044	1.25	0.75	494
8044	1.75	1.25	494
8044	2.25	1.25	494
8044	2.75	0.75	494
8044	2.75	-0.75	494
8044	1.75	-0.75	494
8044	1.25	-1.25	494
8044	-3.25	-1.25	494
8044	-3.25	0.25	494
8044	-2.25	1.25	494
8044	-2.25	1.75	494
8044	-2.75	2.25	494
7912	4.75	8.75	46
7912	4.75	9.25	46
7912	5.25	9.25	46
7912	5.25	8.75	46
7912	4.75	8.75	46
4304	1.75	2.75	236
4304	1.75	3.25	236
4304	2.25	3.75	236
4304	2.75	3.75	236
4304	3.25	3.25	236
4304	3.25	2.25	236
4304	4.25	2.25	236
4304	4.25	-0.25	236
4304	3.25	-1.25	236
4304	2.75	-1.25	236
4304	2.75	0.75	236
4304	2.25	1.25	236
4304	1.75	1.25	236
4304	1.25	0.75	236
4304	0.75	0.75	236
4304	0.75	1.25	236
4304	1.75	2.25	236
4304	1.75	2.75	236
4313	4.75	-1.25	236
4313	4.75	-0.75	236
4313	5.25	-0.75	236
4313	5.25	-1.25	236
4313	4.75	-1.25	236
10272	4.25	3.25	969
10272	4.25	3.75	969
10272	4.75	3.75	969
10272	5.25	3.25	969
10272	5.25	2.75	969
10272	4.75	2.75	969
10272	4.25	3.25	969
