x	y
-0.659885726913883	0.390696561483946
-0.478517719614325	0.315211376331543
-0.546066749919099	0.340306906966722
-0.54746769798927	0.34122014045588
-0.905845821586632	0.750632234470264
-0.694319136629783	0.538124163234279
-0.514028809411047	0.383670411748383
-0.611759071433406	0.299693807756595
-0.727420399689634	0.25376364736154
-0.790876748925313	0.428651734712439
-0.675000928950945	0.467310610378443
-1.35014608272551	1.34016555645809
-0.724489220764226	0.25507339261849
-1.07965639563929	1.34515531819854
-0.491925451159579	0.362574949489653
-0.526253538529975	0.48370221092732
-2.12555717410486	1.63484152982807
-0.473029864311321	0.310244800228287
-1.2294128057979	0.919289574044566
-0.466019746420319	0.307474869785137
-1.34985124165205	1.69581833978314
-0.228575803073719	0.0755878378969254
