group	label	showSelected1
1	Cluster 1: 104/818 pixels shown, logFC -4.4 to 2.8, log10(p) 0.0 to 3.6	1
1	Cluster 48: 16/1644 pixels shown, logFC -3.8 to 3.9, log10(p) 0.0 to 3.5	48
1	Cluster 88: 22/48 pixels shown, logFC -3.5 to 2.0, log10(p) 0.0 to 1.2	88
1	Cluster 112: 1469/2124 pixels shown, logFC -4.4 to 3.9, log10(p) 0.0 to 3.9	112
1	Cluster 118: 462/6298 pixels shown, logFC -4.6 to 3.9, log10(p) 0.0 to 2.9	118
1	Cluster 120: 385/1568 pixels shown, logFC -4.7 to 2.8, log10(p) 0.0 to 2.8	120
1	Cluster 225: 824/1755 pixels shown, logFC -3.8 to 4.2, log10(p) 0.0 to 3.3	225
1	Cluster 308: 7/225 pixels shown, logFC -2.6 to 4.4, log10(p) 0.0 to 2.3	308
1	Cluster 332: 55/81 pixels shown, logFC -1.3 to 4.4, log10(p) 0.0 to 2.3	332
1	Cluster 346: 14/19 pixels shown, logFC -4.0 to -0.1, log10(p) 0.1 to 1.8	346
1	Cluster 372: 1138/2271 pixels shown, logFC -3.8 to 4.6, log10(p) 0.0 to 4.3	372
1	Cluster 539: 41/41 pixels shown, logFC -3.8 to 3.6, log10(p) 0.0 to 1.5	539
1	Cluster 695: 36/36 pixels shown, logFC -4.6 to 1.1, log10(p) 0.0 to 2.6	695
1	Cluster 725: 6/6 pixels shown, logFC -3.8 to -0.5, log10(p) 0.2 to 1.5	725
1	Cluster 780: 11/37 pixels shown, logFC -3.0 to 0.4, log10(p) 0.0 to 2.4	780
1	Cluster 796: 29/29 pixels shown, logFC -0.1 to 3.7, log10(p) 0.0 to 1.4	796
1	Cluster 814: 8/26 pixels shown, logFC -0.6 to 3.3, log10(p) 0.0 to 1.1	814
1	Cluster 909: 25/25 pixels shown, logFC -0.5 to 3.3, log10(p) 0.0 to 2.3	909
1	Cluster 1021: 14/14 pixels shown, logFC -3.8 to 1.2, log10(p) 0.0 to 1.5	1021
1	Cluster 1144: 4/8 pixels shown, logFC 1.0 to 2.8, log10(p) 0.3 to 0.8	1144
1	Cluster 1187: 7/7 pixels shown, logFC 0.5 to 3.3, log10(p) 0.2 to 1.1	1187
1	Cluster 1208: 10/235 pixels shown, logFC -2.6 to 4.2, log10(p) 0.0 to 2.3	1208
1	Cluster 1252: 66/66 pixels shown, logFC -1.6 to 2.6, log10(p) 0.0 to 2.4	1252
1	Cluster 1276: 13/13 pixels shown, logFC -3.5 to 0.2, log10(p) 0.0 to 1.3	1276
1	Cluster 1352: 1/19 pixels shown, logFC -0.1 to 3.9, log10(p) 0.1 to 1.7	1352
1	Cluster 1437: 3/3 pixels shown, logFC -4.2 to -1.0, log10(p) 0.5 to 2.0	1437
1	Cluster 1465: 13/15 pixels shown, logFC 0.2 to 3.3, log10(p) 0.0 to 2.3	1465
1	Cluster 1499: 20/20 pixels shown, logFC -3.5 to 1.0, log10(p) 0.0 to 1.3	1499
1	Cluster 1519: 8/8 pixels shown, logFC -3.1 to -0.4, log10(p) 0.2 to 1.0	1519
1	Cluster 1536: 5/5 pixels shown, logFC 0.2 to 3.3, log10(p) 0.0 to 1.1	1536
1	Cluster 1578: 3/3 pixels shown, logFC 3.3 to 4.4, log10(p) 1.1 to 2.3	1578
1	Cluster 1682: 7/14 pixels shown, logFC -3.8 to -0.6, log10(p) 0.2 to 1.5	1682
1	Cluster 1792: 4/4 pixels shown, logFC 1.6 to 4.4, log10(p) 0.8 to 2.3	1792
1	Cluster 1841: 19/19 pixels shown, logFC -3.1 to 0.2, log10(p) 0.1 to 1.0	1841
1	Cluster 1925: 13/13 pixels shown, logFC 0.4 to 2.4, log10(p) 0.2 to 2.0	1925
1	Cluster 1987: 2/20 pixels shown, logFC -3.1 to -0.3, log10(p) 0.1 to 1.0	1987
1	Cluster 2130: 1/5 pixels shown, logFC 2.0 to 3.3, log10(p) 0.5 to 1.1	2130
1	Cluster 2221: 15/15 pixels shown, logFC 0.1 to 1.8, log10(p) 0.1 to 1.3	2221
1	Cluster 2289: 3/8 pixels shown, logFC -2.6 to -1.8, log10(p) 0.4 to 0.7	2289
1	Cluster 2427: 1/1 pixels shown, logFC 4.6 to 4.6, log10(p) 2.6 to 2.6	2427
1	Cluster 2450: 2/2 pixels shown, logFC 3.6 to 4.4, log10(p) 1.4 to 2.3	2450
1	Cluster 2470: 3/3 pixels shown, logFC 1.5 to 3.9, log10(p) 0.5 to 1.7	2470
1	Cluster 2551: 44/44 pixels shown, logFC -2.2 to 1.1, log10(p) 0.0 to 1.8	2551
1	Cluster 2631: 2/2 pixels shown, logFC 2.1 to 3.9, log10(p) 1.0 to 1.7	2631
1	Cluster 2683: 2/2 pixels shown, logFC -3.5 to -2.6, log10(p) 0.7 to 1.3	2683
1	Cluster 2743: 1/1 pixels shown, logFC 4.4 to 4.4, log10(p) 2.3 to 2.3	2743
1	Cluster 3032: 6/6 pixels shown, logFC 2.0 to 2.8, log10(p) 0.5 to 1.5	3032
1	Cluster 3413: 12/12 pixels shown, logFC -2.0 to -0.3, log10(p) 0.1 to 1.4	3413
1	Cluster 3518: 1/1 pixels shown, logFC 4.2 to 4.2, log10(p) 2.0 to 2.0	3518
1	Cluster 3565: 2/2 pixels shown, logFC 3.3 to 3.6, log10(p) 1.1 to 1.5	3565
1	Cluster 3613: 3/3 pixels shown, logFC -3.8 to -2.6, log10(p) 0.7 to 1.5	3613
